,0
ORIG_1ffa92b1-8d87-11e8-9daf-6045cb817f5b..JPG,1.11E+62
ORIG_1ffa92b2-8d87-11e8-9daf-6045cb817f5b..JPG,1.11E+63
ORIG_1ffa92b3-8d87-11e8-9daf-6045cb817f5b..JPG,1.11E+63
ORIG_1ffa92b4-8d87-11e8-9daf-6045cb817f5b..JPG,1.11E+62
ORIG_1ffa92b5-8d87-11e8-9daf-6045cb817f5b..JPG,1.11E+62
ORIG_1ffa92b6-8d87-11e8-9daf-6045cb817f5b..JPG,1.11E+62
ORIG_1ffa92b7-8d87-11e8-9daf-6045cb817f5b..JPG,1.11E+63
ORIG_1ffa92ce-8d87-11e8-9daf-6045cb817f5b..JPG,1.11E+62
ORIG_1ffa92cf-8d87-11e8-9daf-6045cb817f5b..JPG,1.11E+62
ORIG_1ffa92d0-8d87-11e8-9daf-6045cb817f5b..JPG,1.11E+62
ORIG_1ffa92d1-8d87-11e8-9daf-6045cb817f5b..JPG,1.01E+62
ORIG_1ffa92d2-8d87-11e8-9daf-6045cb817f5b..JPG,1.11E+62
ORIG_1ffa92d3-8d87-11e8-9daf-6045cb817f5b..JPG,1.11E+62
ORIG_1ffa92d4-8d87-11e8-9daf-6045cb817f5b..JPG,1.11E+62
ORIG_1ffa92d5-8d87-11e8-9daf-6045cb817f5b..JPG,1.11E+62
ORIG_1ffa94d6-8d87-11e8-9daf-6045cb817f5b..JPG,1.01E+62
ORIG_1ffa94d7-8d87-11e8-9daf-6045cb817f5b..JPG,1.11E+62
ORIG_1ffa94d8-8d87-11e8-9daf-6045cb817f5b..JPG,1.11E+62
ORIG_1ffa94d9-8d87-11e8-9daf-6045cb817f5b..JPG,1.11E+63
ORIG_1ffa94da-8d87-11e8-9daf-6045cb817f5b..JPG,1.11E+62
ORIG_1ffa94db-8d87-11e8-9daf-6045cb817f5b..JPG,1.11E+62
ORIG_1ffa94dc-8d87-11e8-9daf-6045cb817f5b..JPG,1.11E+63
ORIG_1ffa94dd-8d87-11e8-9daf-6045cb817f5b..JPG,1.11E+62
ORIG_1ffa94de-8d87-11e8-9daf-6045cb817f5b..JPG,1.11E+62
ORIG_1ffa94df-8d87-11e8-9daf-6045cb817f5b..JPG,1.01E+62
ORIG_1ffa94e0-8d87-11e8-9daf-6045cb817f5b..JPG,1.11E+61
ORIG_1ffa94e1-8d87-11e8-9daf-6045cb817f5b..JPG,1.11E+62
ORIG_1ffa94e2-8d87-11e8-9daf-6045cb817f5b..JPG,1.11E+62
ORIG_1ffa94e3-8d87-11e8-9daf-6045cb817f5b..JPG,1.11E+62
ORIG_1ffa966f-8d87-11e8-9daf-6045cb817f5b..JPG,1.01E+62
ORIG_1ffa9670-8d87-11e8-9daf-6045cb817f5b..JPG,1.11E+62
ORIG_1ffa9671-8d87-11e8-9daf-6045cb817f5b..JPG,1.11E+62
ORIG_1ffa9672-8d87-11e8-9daf-6045cb817f5b..JPG,1.11E+62
ORIG_1ffa9673-8d87-11e8-9daf-6045cb817f5b..JPG,1.01E+62
ORIG_1ffa9680-8d87-11e8-9daf-6045cb817f5b..JPG,1.11E+63
ORIG_1ffa9681-8d87-11e8-9daf-6045cb817f5b..JPG,1.11E+62
ORIG_1ffa9683-8d87-11e8-9daf-6045cb817f5b..JPG,1.11E+62
ORIG_1ffa9684-8d87-11e8-9daf-6045cb817f5b..JPG,1.11E+62
ORIG_1ffa9685-8d87-11e8-9daf-6045cb817f5b..JPG,1.11E+62
ORIG_1ffa968b-8d87-11e8-9daf-6045cb817f5b..JPG,1.00E+62
ORIG_1ffa968d-8d87-11e8-9daf-6045cb817f5b..JPG,1.11E+62
ORIG_1ffa968e-8d87-11e8-9daf-6045cb817f5b..JPG,1.11E+62
ORIG_1ffa968f-8d87-11e8-9daf-6045cb817f5b..JPG,1.11E+62
ORIG_BACTERIA-9559998-0001.jpeg,1.01E+62
ORIG_BACTERIA-9559998-0002.jpeg,1.11E+62
ORIG_BACTERIA-9561808-0001.jpeg,10000000001
ORIG_BACTERIA-9566232-0001.jpeg,1.11E+62
ORIG_BACTERIA-9566232-0002.jpeg,1.11E+62
ORIG_BACTERIA-9566232-0003.jpeg,1.11E+62
ORIG_BACTERIA-9582372-0001.jpeg,1.11E+62
ORIG_BACTERIA-9582372-0002.jpeg,1.11E+62
ORIG_BACTERIA-9582372-0003.jpeg,1.11E+62
ORIG_BACTERIA-9582372-0004.jpeg,1.11E+62
ORIG_BACTERIA-9582372-0005.jpeg,1.11E+63
ORIG_BACTERIA-9582372-0006.jpeg,1.11E+61
ORIG_BACTERIA-9582372-0007.jpeg,1.11E+61
ORIG_BACTERIA-9582372-0008.jpeg,1.11E+61
ORIG_BACTERIA-9594118-0001.jpeg,1.11E+61
ORIG_BACTERIA-9597998-0001.jpeg,1.11E+62
ORIG_BACTERIA-9597998-0002.jpeg,1.11E+62
ORIG_BACTERIA-9597998-0003.jpeg,1.10E+60
ORIG_BACTERIA-9597998-0004.jpeg,1.11E+62
ORIG_BACTERIA-9597998-0005.jpeg,1.11E+62
ORIG_BACTERIA-9597998-0006.jpeg,1.11E+62
ORIG_BACTERIA-9613278-0001.jpeg,1.11E+62
ORIG_BACTERIA-9620226-0001.jpeg,1.11E+62
ORIG_BACTERIA-9620226-0002.jpeg,1.11E+62
ORIG_BACTERIA-9624424-0001.jpeg,1.11E+62
ORIG_BACTERIA-9629926-0001.jpeg,1.01E+62
ORIG_BACTERIA-9630762-0001.jpeg,1.11E+62
ORIG_BACTERIA-9634181-0001.jpeg,1.11E+62
ORIG_BACTERIA-9650164-0001.jpeg,1.11E+62
ORIG_BACTERIA-9674936-0001.jpeg,1.10E+60
ORIG_BACTERIA-9674936-0002.jpeg,1.10E+60
ORIG_BACTERIA-9674936-0003.jpeg,1.11E+62
ORIG_BACTERIA-9674936-0004.jpeg,1.11E+61
ORIG_BACTERIA-9674936-0005.jpeg,1.11E+62
ORIG_BACTERIA-9674936-0006.jpeg,1.11E+62
ORIG_BACTERIA-9677398-0001.jpeg,1.11E+62
ORIG_BACTERIA-9682067-0001.jpeg,1.11E+62
ORIG_BACTERIA-9722112-0001.jpeg,1.11E+62
ORIG_BACTERIA-9723601-0001.jpeg,1.01E+62
ORIG_BACTERIA-9727802-0001.jpeg,1.01E+62
ORIG_BACTERIA-9727803-0001.jpeg,1.11E+62
ORIG_BACTERIA-9730180-0001.jpeg,1.11E+62
ORIG_BACTERIA-9730180-0002.jpeg,1.11E+62
ORIG_BACTERIA-9766851-0001.jpeg,1.01E+62
ORIG_BACTERIA-9801714-0001.jpeg,1.11E+62
ORIG_BACTERIA-9805697-0001.jpeg,1.00E+60
ORIG_BACTERIA-9814452-0001.jpeg,1.11E+61
ORIG_BACTERIA-9814452-0002.jpeg,1.11E+62
ORIG_BACTERIA-9818803-0001.jpeg,1.11E+62
ORIG_BACTERIA-9821634-0001.jpeg,1.00E+60
ORIG_BACTERIA-9822795-0001.jpeg,1.11E+62
ORIG_BACTERIA-9823114-0001.jpeg,1.11E+61
ORIG_BACTERIA-9827460-0001.jpeg,1.01E+62
ORIG_BACTERIA-9829865-0001.jpeg,1.01E+62
ORIG_BACTERIA-9835318-0001.jpeg,1.00E+52
ORIG_BACTERIA-9839787-0001.jpeg,1.11E+62
ORIG_BACTERIA-9856874-0001.jpeg,1.00E+62
ORIG_BACTERIA-9856874-0002.jpeg,1.00E+62
ORIG_BACTERIA-9867917-0001.jpeg,1.11E+62
ORIG_BACTERIA-9877615-0001.jpeg,1.11E+62
ORIG_BACTERIA-9887625-0001.jpeg,1.01E+62
ORIG_BACTERIA-9902199-0001.jpeg,1.11E+62
ORIG_BACTERIA-9902199-0002.jpeg,1.00E+62
ORIG_BACTERIA-9902199-0003.jpeg,1.11E+62
ORIG_BACTERIA-9917261-0001.jpeg,1.11E+61
ORIG_BACTERIA-9922025-0001.jpeg,1.01E+62
ORIG_BACTERIA-9922492-0001.jpeg,1.11E+61
ORIG_BACTERIA-9934736-0001.jpeg,1.11E+62
ORIG_BACTERIA-9934736-0002.jpeg,1.11E+62
ORIG_BACTERIA-9942581-0001.jpeg,1.00E+60
ORIG_BACTERIA-9947411-0001.jpeg,1.11E+62
ORIG_BACTERIA-9947988-0001.jpeg,1.00E+62
ORIG_BACTERIA-9961529-0001.jpeg,1.11E+62
ORIG_BACTERIA-9962725-0001.jpeg,1.01E+62
ORIG_BACTERIA-9962961-0001.jpeg,1.01E+62
ORIG_BACTERIA-9970558-0001.jpeg,1.11E+62
ORIG_BACTERIA-9971730-0001.jpeg,1.01E+62
ORIG_BACTERIA-9975428-0001.jpeg,1.11E+62
ORIG_BACTERIA-9988673-0001.jpeg,1.10E+60
ORIG_BACTERIA-9988673-0002.jpeg,1.00E+62
ORIG_BACTERIA-9988673-0003.jpeg,1.11E+62
ORIG_BACTERIA-9998808-0001.jpeg,1.11E+62
ORIG_ct10.png,1.00E+62
ORIG_ct100.png,1.11E+59
ORIG_ct108.png,1.00E+58
ORIG_ct109.png,1.00E+58
ORIG_ct110.png,1.10E+63
ORIG_ct118.png,1.11E+59
ORIG_ct119.png,1.00E+58
ORIG_ct120.png,1.00E+58
ORIG_ct128.png,1.00E+63
ORIG_ct129.png,1.01E+60
ORIG_ct130.png,1.10E+59
ORIG_ct138.png,1.10E+58
ORIG_ct139.png,1.11E+61
ORIG_ct140.png,1.10E+59
ORIG_ct148.png,1.00E+58
ORIG_ct149.png,1.00E+58
ORIG_ct150.png,1.11E+60
ORIG_ct158.png,1.00E+62
ORIG_ct159.png,1.00E+58
ORIG_ct160.png,1.00E+58
ORIG_ct168.png,1.00E+58
ORIG_ct169.png,1.11E+59
ORIG_ct170.png,1.00E+62
ORIG_ct178.png,1.01E+60
ORIG_ct179.png,1.11E+59
ORIG_ct18.png,1.01E+60
ORIG_ct180.png,1.00E+57
ORIG_ct188.png,1.00E+58
ORIG_ct189.png,1.10E+58
ORIG_ct19.png,1.00E+58
ORIG_ct190.png,1.10E+59
ORIG_ct198.png,1.00E+62
ORIG_ct199.png,1.00E+58
ORIG_ct20.png,1.11E+60
ORIG_ct200.png,1.10E+58
ORIG_ct208.png,1.01E+60
ORIG_ct209.png,1.10E+60
ORIG_ct210.png,1.00E+58
ORIG_ct218.png,1.00E+62
ORIG_ct219.png,1.00E+39
ORIG_ct220.png,1.10E+63
ORIG_ct228.png,1.00E+58
ORIG_ct229.png,1.10E+59
ORIG_ct230.png,1.11E+60
ORIG_ct238.png,1.10E+58
ORIG_ct239.png,1.11E+61
ORIG_ct240.png,1.10E+58
ORIG_ct248.png,1.00E+59
ORIG_ct249.png,1.10E+58
ORIG_ct250.png,1.01E+60
ORIG_ct258.png,1.00E+58
ORIG_ct259.png,1.00E+63
ORIG_ct260.png,1.11E+60
ORIG_ct268.png,1.00E+58
ORIG_ct269.png,1.00E+58
ORIG_ct270.png,1.00E+58
ORIG_ct278.png,1.00E+58
ORIG_ct279.png,1.10E+59
ORIG_ct28.png,1.01E+62
ORIG_ct280.png,1.10E+58
ORIG_ct288.png,1.11E+60
ORIG_ct289.png,1.11E+59
ORIG_ct29.png,1.10E+59
ORIG_ct290.png,1.11E+60
ORIG_ct298.png,1.00E+58
ORIG_ct299.png,1.10E+59
ORIG_ct30.png,1.01E+60
ORIG_ct300.png,1.11E+59
ORIG_ct308.png,1.00E+62
ORIG_ct309.png,1.10E+58
ORIG_ct310.png,1.00E+62
ORIG_ct318.png,1.00E+58
ORIG_ct319.png,1.00E+58
ORIG_ct320.png,1.11E+59
ORIG_ct328.png,1.00E+58
ORIG_ct38.png,1.00E+32
ORIG_ct39.png,1.00E+45
ORIG_ct40.png,1.11E+59
ORIG_ct48.png,1.00E+63
ORIG_ct49.png,1.01E+60
ORIG_ct50.png,1.00E+38
ORIG_ct59.png,1.10E+58
ORIG_ct60.png,1.01E+62
ORIG_ct68.png,1.00E+63
ORIG_ct69.png,1.11E+60
ORIG_ct70.png,1.11E+60
ORIG_ct79.png,1.00E+58
ORIG_ct8.png,1.10E+63
ORIG_ct80.png,1.00E+58
ORIG_ct88.png,1.00E+46
ORIG_ct89.png,1.01E+60
ORIG_ct9.png,1.10E+59
ORIG_ct90.png,1.00E+58
ORIG_ct98.png,1.11E+32
ORIG_ct99.png,1.00E+58
ORIG_mri10.jpg,1.11E+61
ORIG_mri100.jpg,1.10E+59
ORIG_mri108.jpg,1.00E+63
ORIG_mri109.jpg,1.00E+63
ORIG_mri110.jpg,1.01E+60
ORIG_mri118.jpg,1.00E+63
ORIG_mri119.jpg,1.00E+63
ORIG_mri120.jpg,1.11E+60
ORIG_mri128.jpg,1.00E+63
ORIG_mri129.jpg,1.11E+61
ORIG_mri130.jpg,1.11E+60
ORIG_mri138.jpg,1.10E+58
ORIG_mri139.jpg,1.01E+60
ORIG_mri140.jpg,1.00E+58
ORIG_mri148.jpg,1.00E+58
ORIG_mri149.jpg,1.00E+63
ORIG_mri150.jpg,1.00E+63
ORIG_mri158.jpg,1.00E+63
ORIG_mri159.jpg,1.11E+60
ORIG_mri160.jpg,1.01E+60
ORIG_mri168.jpg,1.11E+60
ORIG_mri169.jpg,1.00E+63
ORIG_mri170.jpg,1.11E+60
ORIG_mri178.jpg,1.00E+60
ORIG_mri179.jpg,1.01E+63
ORIG_mri18.jpg,1.11E+60
ORIG_mri180.jpg,1.11E+60
ORIG_mri188.jpg,1.11E+61
ORIG_mri189.jpg,1.00E+63
ORIG_mri19.jpg,1.01E+60
ORIG_mri190.jpg,1.10E+59
ORIG_mri198.jpg,1.11E+60
ORIG_mri199.jpg,1.00E+63
ORIG_mri20.jpg,1.10E+58
ORIG_mri200.jpg,1.11E+61
ORIG_mri208.jpg,1.10E+58
ORIG_mri209.jpg,1.11E+61
ORIG_mri210.jpg,1.11E+60
ORIG_mri218.jpg,1.00E+63
ORIG_mri219.jpg,1.11E+60
ORIG_mri220.jpg,1.11E+60
ORIG_mri228.jpg,1.00E+63
ORIG_mri229.jpg,1.01E+60
ORIG_mri230.jpg,1.11E+60
ORIG_mri238.jpg,1.10E+58
ORIG_mri239.jpg,1.10E+58
ORIG_mri240.jpg,1.00E+63
ORIG_mri248.jpg,1.00E+63
ORIG_mri249.jpg,1.01E+60
ORIG_mri250.jpg,1.00E+63
ORIG_mri258.jpg,1.00E+63
ORIG_mri259.jpg,1.11E+60
ORIG_mri260.jpg,1.00E+63
ORIG_mri268.jpg,1.00E+57
ORIG_mri269.jpg,1.01E+60
ORIG_mri270.jpg,1.11E+60
ORIG_mri278.jpg,1.00E+63
ORIG_mri279.jpg,1.00E+63
ORIG_mri28.jpg,1.00E+63
ORIG_mri280.jpg,1.10E+61
ORIG_mri288.jpg,1.01E+63
ORIG_mri289.jpg,1.11E+59
ORIG_mri29.jpg,1.01E+63
ORIG_mri290.jpg,1.11E+61
ORIG_mri298.jpg,1.11E+60
ORIG_mri299.jpg,1.00E+60
ORIG_mri30.jpg,1.11E+60
ORIG_mri300.jpg,1.00E+63
ORIG_mri308.jpg,1.11E+60
ORIG_mri309.jpg,1.00E+63
ORIG_mri310.jpg,1.00E+63
ORIG_mri318.jpg,1.11E+60
ORIG_mri319.jpg,1.00E+63
ORIG_mri320.jpg,1.11E+60
ORIG_mri328.jpg,1.01E+63
ORIG_mri329.jpg,1.11E+61
ORIG_mri330.jpg,1.00E+63
ORIG_mri338.jpg,1.01E+60
ORIG_mri339.jpg,1.01E+60
ORIG_mri340.jpg,1.01E+60
ORIG_mri348.jpg,1.00E+63
ORIG_mri349.jpg,1.00E+63
ORIG_mri38.jpg,1.00E+63
ORIG_mri39.jpg,1.00E+63
ORIG_mri40.jpg,1.01E+63
ORIG_mri48.jpg,1.00E+60
ORIG_mri49.jpg,1.00E+63
ORIG_mri50.jpg,1.11E+60
ORIG_mri58.jpg,1.00E+63
ORIG_mri59.jpg,1.00E+63
ORIG_mri60.jpg,1.11E+59
ORIG_mri68.jpg,1.00E+63
ORIG_mri69.jpg,1.00E+63
ORIG_mri70.jpg,1.11E+60
ORIG_mri78.jpg,1.01E+60
ORIG_mri79.jpg,1.00E+63
ORIG_mri8.jpg,1.00E+63
ORIG_mri80.jpg,1.01E+60
ORIG_mri88.jpg,1.00E+63
ORIG_mri89.jpg,1.01E+60
ORIG_mri9.jpg,1.01E+60
ORIG_mri90.jpg,1.00E+63
ORIG_mri98.jpg,1.00E+58
ORIG_mri99.jpg,1.00E+63
ORIG_VIRUS-103798-0003.jpeg,1.01E+62
ORIG_VIRUS-104960-0002.jpeg,1.01E+62
ORIG_VIRUS-12220-0001.jpeg,1.11E+62
ORIG_VIRUS-140838-0007.jpeg,1.10E+60
ORIG_VIRUS-149498-0002.jpeg,1.01E+62
ORIG_VIRUS-149789-0001.jpeg,1.11E+62
ORIG_VIRUS-155541-0005.jpeg,1.11E+62
ORIG_VIRUS-173061-0001.jpeg,1.11E+62
ORIG_VIRUS-176882-0002.jpeg,1.11E+62
ORIG_VIRUS-182330-0002.jpeg,1.11E+62
ORIG_VIRUS-183203-0004.jpeg,1.11E+62
ORIG_VIRUS-194026-0001.jpeg,1.11E+63
ORIG_VIRUS-198200-0008.jpeg,1.11E+62
ORIG_VIRUS-206525-0002.jpeg,1.00E+62
ORIG_VIRUS-3820211-0001.jpeg,1.11E+62
ORIG_VIRUS-3826195-0001.jpeg,1.10E+60
ORIG_VIRUS-3828519-0006.jpeg,1.01E+62
ORIG_VIRUS-3829565-0002.jpeg,1.11E+62
ORIG_VIRUS-3842946-0001.jpeg,1.11E+62
ORIG_VIRUS-3874052-0003.jpeg,1.01E+62
ORIG_VIRUS-3879015-0003.jpeg,1.11E+62
ORIG_VIRUS-3884102-0002.jpeg,1.00E+62
ORIG_VIRUS-3887361-0002.jpeg,1.11E+62
ORIG_VIRUS-3887361-0003.jpeg,1.00E+62
ORIG_VIRUS-3893778-0004.jpeg,1.01E+62
ORIG_VIRUS-3896078-0001.jpeg,1.00E+62
ORIG_VIRUS-3896078-0002.jpeg,1.00E+62
ORIG_VIRUS-3896855-0002.jpeg,1.11E+62
ORIG_VIRUS-3911488-0003.jpeg,1.00E+55
ORIG_VIRUS-3920690-0002.jpeg,1.00E+62
ORIG_VIRUS-3923358-0002.jpeg,1.01E+62
ORIG_VIRUS-3932811-0002.jpeg,1.11E+62
ORIG_VIRUS-3932811-0003.jpeg,1.11E+61
ORIG_VIRUS-3935703-0002.jpeg,1.11E+62
ORIG_VIRUS-3956374-0003.jpeg,1.01E+62
ORIG_VIRUS-3960255-0002.jpeg,1.11E+62
ORIG_VIRUS-3966302-0002.jpeg,1.11E+62
ORIG_VIRUS-3971909-0002.jpeg,1.00E+62
ORIG_VIRUS-3973430-0001.jpeg,1.11E+62
ORIG_VIRUS-3974793-0002.jpeg,1.01E+62
ORIG_VIRUS-4003398-0002.jpeg,1.00E+62
ORIG_VIRUS-4016460-0005.jpeg,1.11E+62
ORIG_VIRUS-4041959-0002.jpeg,1.11E+62
ORIG_VIRUS-4046863-0001.jpeg,1.01E+62
ORIG_VIRUS-4057077-0002.jpeg,1.01E+62
ORIG_VIRUS-4074119-0002.jpeg,1.11E+62
ORIG_VIRUS-4091020-0003.jpeg,1.11E+62
ORIG_VIRUS-4127619-0002.jpeg,1.00E+62
ORIG_VIRUS-4138604-0002.jpeg,1.01E+62
ORIG_VIRUS-4147572-0001.jpeg,1.11E+62
ORIG_VIRUS-4152314-0003.jpeg,1.11E+62
ORIG_VIRUS-4163667-0002.jpeg,1.11E+62
ORIG_VIRUS-4170270-0004.jpeg,1.01E+62
ORIG_VIRUS-4176449-0001.jpeg,1.01E+62
ORIG_VIRUS-4177975-0002.jpeg,1.00E+62
ORIG_VIRUS-4178213-0002.jpeg,1.01E+62
ORIG_VIRUS-4198099-0002.jpeg,1.11E+62
ORIG_VIRUS-4217562-0002.jpeg,1.00E+62
ORIG_VIRUS-4218548-0002.jpeg,1.01E+62
ORIG_VIRUS-4233560-0004.jpeg,1.11E+61
ORIG_VIRUS-4241544-0003.jpeg,1.11E+62
ORIG_VIRUS-4241544-0004.jpeg,1.11E+62
ORIG_VIRUS-4241544-0005.jpeg,1.11E+62
ORIG_VIRUS-4245588-0002.jpeg,1.01E+62
ORIG_VIRUS-4271267-0002.jpeg,1.01E+62
ORIG_VIRUS-4293827-0004.jpeg,1.00E+60
ORIG_VIRUS-4313165-0004.jpeg,1.01E+62
ORIG_VIRUS-4320648-0005.jpeg,1.11E+62
ORIG_VIRUS-4320648-0006.jpeg,1.11E+62
ORIG_VIRUS-4329463-0002.jpeg,1.11E+62
ORIG_VIRUS-4333878-0002.jpeg,1.11E+62
ORIG_VIRUS-4338635-0004.jpeg,1.11E+62
ORIG_VIRUS-4343805-0002.jpeg,1.11E+62
ORIG_VIRUS-4352107-0002.jpeg,1.11E+62
ORIG_VIRUS-4352107-0003.jpeg,1.11E+62
ORIG_VIRUS-4360178-0003.jpeg,1.11E+62
ORIG_VIRUS-4360657-0002.jpeg,1.11E+62
ORIG_VIRUS-4376377-0001.jpeg,1.11E+62
ORIG_VIRUS-4376377-0002.jpeg,1.11E+62
ORIG_VIRUS-4382654-0002.jpeg,1.00E+62
ORIG_VIRUS-4387453-0001.jpeg,1.11E+62
ORIG_VIRUS-4394900-0008.jpeg,1.00E+62
ORIG_VIRUS-4396545-0002.jpeg,1.11E+62
ORIG_VIRUS-4401421-0002.jpeg,1.01E+62
ORIG_VIRUS-4401755-0002.jpeg,1.00E+62
ORIG_VIRUS-4415075-0002.jpeg,1.01E+62
ORIG_VIRUS-4422870-0001.jpeg,1.11E+62
ORIG_VIRUS-4444451-0002.jpeg,1.10E+60
ORIG_VIRUS-4453936-0001.jpeg,1.11E+62
ORIG_VIRUS-4456962-0007.jpeg,1.11E+62
ORIG_VIRUS-4458048-0002.jpeg,1.11E+62
ORIG_VIRUS-4462203-0006.jpeg,1.01E+62
ORIG_VIRUS-4462203-0007.jpeg,1.01E+62
ORIG_VIRUS-4462203-0008.jpeg,1.00E+60
ORIG_VIRUS-4462203-0009.jpeg,1.01E+62
ORIG_VIRUS-4462203-0010.jpeg,1.10E+60
ORIG_VIRUS-4462203-0011.jpeg,1.01E+62
ORIG_VIRUS-4462203-0012.jpeg,1.11E+62
ORIG_VIRUS-4464623-0002.jpeg,1.11E+62
ORIG_VIRUS-4467110-0002.jpeg,1.01E+62
ORIG_VIRUS-4469305-0002.jpeg,1.01E+62
ORIG_VIRUS-7700975-0005.jpeg,1.01E+62
ORIG_VIRUS-7704214-0002.jpeg,1.11E+62
ORIG_VIRUS-7704214-0003.jpeg,1.11E+62
ORIG_VIRUS-7710112-0002.jpeg,1.11E+61
ORIG_VIRUS-7710693-0001.jpeg,1.00E+62
ORIG_VIRUS-7736073-0002.jpeg,1.01E+62
ORIG_VIRUS-7746316-0002.jpeg,1.00E+62
ORIG_VIRUS-7760029-0001.jpeg,1.01E+62
ORIG_VIRUS-7776636-0001.jpeg,1.11E+62
ORIG_VIRUS-7777605-0001.jpeg,1.01E+62
ORIG_VIRUS-7792467-0002.jpeg,1.11E+62
ORIG_VIRUS-7794093-0005.jpeg,1.00E+62
ORIG_VIRUS-7794093-0006.jpeg,1.00E+59
ORIG_VIRUS-7794093-0007.jpeg,1.10E+48
ORIG_VIRUS-7794093-0008.jpeg,1.10E+60
ORIG_VIRUS-7794093-0009.jpeg,1.01E+62
ORIG_VIRUS-7794093-0010.jpeg,1.10E+60
ORIG_VIRUS-7794093-0011.jpeg,1.00E+47
ORIG_VIRUS-7794093-0012.jpeg,1.00E+62
ORIG_VIRUS-7794093-0013.jpeg,1.10E+60
ORIG_VIRUS-7795904-0001.jpeg,1.00E+62
ORIG_VIRUS-7796189-0002.jpeg,1.11E+62
ORIG_VIRUS-7811141-0001.jpeg,1.11E+62
ORIG_VIRUS-7823222-0003.jpeg,1.01E+62
ORIG_VIRUS-7828190-0001.jpeg,1.01E+62
ORIG_VIRUS-7834241-0003.jpeg,1.01E+62
ORIG_VIRUS-7847892-0007.jpeg,1.00E+62
ORIG_VIRUS-7849162-0003.jpeg,1.00E+62
ORIG_VIRUS-7882471-0007.jpeg,1.00E+62
ORIG_VIRUS-7886823-0002.jpeg,1.01E+62
ORIG_VIRUS-7890032-0001.jpeg,1.11E+62
ORIG_VIRUS-7892531-0001.jpeg,1.11E+61
ORIG_VIRUS-7904047-0002.jpeg,1.10E+60
ORIG_VIRUS-7908791-0002.jpeg,1.00E+62
ORIG_VIRUS-7933423-0002.jpeg,1.11E+62
ORIG_VIRUS-7933423-0003.jpeg,1.11E+61
ORIG_VIRUS-7942103-0008.jpeg,1.01E+62
ORIG_VIRUS-7952682-0001.jpeg,1.11E+62
ORIG_VIRUS-7963511-0003.jpeg,1.11E+62
ORIG_VIRUS-7979755-0002.jpeg,1.11E+62
ORIG_VIRUS-7985583-0001.jpeg,1.11E+62
ORIG_VIRUS-7986969-0002.jpeg,1.11E+62
ORIG_VIRUS-7990865-0002.jpeg,1.11E+62
ORIG_VIRUS-7991421-0001.jpeg,1.01E+62
ORIG_VIRUS-7994237-0001.jpeg,1.01E+62
ORIG_VIRUS-7995680-0002.jpeg,1.01E+62
ORIG_VIRUS-7997783-0002.jpeg,1.01E+62
VAR_1ffa92b1-8d87-11e8-9daf-6045cb817f5b._bright0.8.png,1.11E+62
VAR_1ffa92b1-8d87-11e8-9daf-6045cb817f5b._bright0.9.png,1.11E+62
VAR_1ffa92b1-8d87-11e8-9daf-6045cb817f5b._bright1.1.png,1.11E+62
VAR_1ffa92b1-8d87-11e8-9daf-6045cb817f5b._bright1.2.png,1.11E+62
VAR_1ffa92b1-8d87-11e8-9daf-6045cb817f5b._bright1.3.png,1.11E+62
VAR_1ffa92b1-8d87-11e8-9daf-6045cb817f5b._jpeg30.png,1.11E+63
VAR_1ffa92b1-8d87-11e8-9daf-6045cb817f5b._jpeg50.png,1.11E+62
VAR_1ffa92b1-8d87-11e8-9daf-6045cb817f5b._jpeg70.png,1.01E+62
VAR_1ffa92b1-8d87-11e8-9daf-6045cb817f5b._jpeg90.png,1.11E+62
VAR_1ffa92b1-8d87-11e8-9daf-6045cb817f5b._noise0.001.png,1.11E+62
VAR_1ffa92b1-8d87-11e8-9daf-6045cb817f5b._noise0.002.png,1.11E+62
VAR_1ffa92b1-8d87-11e8-9daf-6045cb817f5b._noise0.003.png,1.11E+62
VAR_1ffa92b1-8d87-11e8-9daf-6045cb817f5b._noise0.004.png,1.11E+62
VAR_1ffa92b1-8d87-11e8-9daf-6045cb817f5b._noise0.005.png,1.11E+62
VAR_1ffa92b1-8d87-11e8-9daf-6045cb817f5b._original.png,1.11E+62
VAR_1ffa92b1-8d87-11e8-9daf-6045cb817f5b._rot1.png,1.10E+62
VAR_1ffa92b1-8d87-11e8-9daf-6045cb817f5b._rot2.png,1.11E+62
VAR_1ffa92b1-8d87-11e8-9daf-6045cb817f5b._rot3.png,1.11E+62
VAR_1ffa92b1-8d87-11e8-9daf-6045cb817f5b._rot4.png,1.11E+62
VAR_1ffa92b1-8d87-11e8-9daf-6045cb817f5b._rot5.png,1.11E+62
VAR_1ffa92b1-8d87-11e8-9daf-6045cb817f5b._rot6.png,1.10E+62
VAR_1ffa92b2-8d87-11e8-9daf-6045cb817f5b._bright0.8.png,1.11E+63
VAR_1ffa92b2-8d87-11e8-9daf-6045cb817f5b._bright0.9.png,1.11E+63
VAR_1ffa92b2-8d87-11e8-9daf-6045cb817f5b._bright1.1.png,1.11E+63
VAR_1ffa92b2-8d87-11e8-9daf-6045cb817f5b._bright1.2.png,1.11E+63
VAR_1ffa92b2-8d87-11e8-9daf-6045cb817f5b._bright1.3.png,1.11E+63
VAR_1ffa92b2-8d87-11e8-9daf-6045cb817f5b._jpeg30.png,1.00E+58
VAR_1ffa92b2-8d87-11e8-9daf-6045cb817f5b._jpeg50.png,1.10E+63
VAR_1ffa92b2-8d87-11e8-9daf-6045cb817f5b._jpeg70.png,1.11E+63
VAR_1ffa92b2-8d87-11e8-9daf-6045cb817f5b._jpeg90.png,1.11E+63
VAR_1ffa92b2-8d87-11e8-9daf-6045cb817f5b._noise0.001.png,1.11E+63
VAR_1ffa92b2-8d87-11e8-9daf-6045cb817f5b._noise0.002.png,1.11E+63
VAR_1ffa92b2-8d87-11e8-9daf-6045cb817f5b._noise0.003.png,1.11E+63
VAR_1ffa92b2-8d87-11e8-9daf-6045cb817f5b._noise0.004.png,1.11E+63
VAR_1ffa92b2-8d87-11e8-9daf-6045cb817f5b._noise0.005.png,1.11E+63
VAR_1ffa92b2-8d87-11e8-9daf-6045cb817f5b._original.png,1.11E+63
VAR_1ffa92b2-8d87-11e8-9daf-6045cb817f5b._rot1.png,1.11E+62
VAR_1ffa92b2-8d87-11e8-9daf-6045cb817f5b._rot2.png,1.11E+63
VAR_1ffa92b2-8d87-11e8-9daf-6045cb817f5b._rot3.png,1.11E+62
VAR_1ffa92b2-8d87-11e8-9daf-6045cb817f5b._rot4.png,1.11E+62
VAR_1ffa92b2-8d87-11e8-9daf-6045cb817f5b._rot5.png,1.11E+63
VAR_1ffa92b2-8d87-11e8-9daf-6045cb817f5b._rot6.png,1.11E+63
VAR_1ffa92b3-8d87-11e8-9daf-6045cb817f5b._bright0.8.png,1.11E+63
VAR_1ffa92b3-8d87-11e8-9daf-6045cb817f5b._bright0.9.png,1.11E+63
VAR_1ffa92b3-8d87-11e8-9daf-6045cb817f5b._bright1.1.png,1.11E+63
VAR_1ffa92b3-8d87-11e8-9daf-6045cb817f5b._bright1.2.png,1.11E+63
VAR_1ffa92b3-8d87-11e8-9daf-6045cb817f5b._bright1.3.png,1.11E+63
VAR_1ffa92b3-8d87-11e8-9daf-6045cb817f5b._jpeg30.png,1.10E+63
VAR_1ffa92b3-8d87-11e8-9daf-6045cb817f5b._jpeg50.png,1.10E+63
VAR_1ffa92b3-8d87-11e8-9daf-6045cb817f5b._jpeg70.png,1.11E+63
VAR_1ffa92b3-8d87-11e8-9daf-6045cb817f5b._jpeg90.png,1.11E+63
VAR_1ffa92b3-8d87-11e8-9daf-6045cb817f5b._noise0.001.png,1.11E+63
VAR_1ffa92b3-8d87-11e8-9daf-6045cb817f5b._noise0.002.png,1.11E+63
VAR_1ffa92b3-8d87-11e8-9daf-6045cb817f5b._noise0.003.png,1.11E+63
VAR_1ffa92b3-8d87-11e8-9daf-6045cb817f5b._noise0.004.png,1.11E+63
VAR_1ffa92b3-8d87-11e8-9daf-6045cb817f5b._noise0.005.png,1.11E+63
VAR_1ffa92b3-8d87-11e8-9daf-6045cb817f5b._original.png,1.11E+63
VAR_1ffa92b3-8d87-11e8-9daf-6045cb817f5b._rot1.png,1.11E+62
VAR_1ffa92b3-8d87-11e8-9daf-6045cb817f5b._rot2.png,1.11E+62
VAR_1ffa92b3-8d87-11e8-9daf-6045cb817f5b._rot3.png,1.11E+62
VAR_1ffa92b3-8d87-11e8-9daf-6045cb817f5b._rot4.png,1.11E+62
VAR_1ffa92b3-8d87-11e8-9daf-6045cb817f5b._rot5.png,1.11E+62
VAR_1ffa92b3-8d87-11e8-9daf-6045cb817f5b._rot6.png,1.11E+62
VAR_1ffa92b4-8d87-11e8-9daf-6045cb817f5b._bright0.8.png,1.11E+63
VAR_1ffa92b4-8d87-11e8-9daf-6045cb817f5b._bright0.9.png,1.11E+63
VAR_1ffa92b4-8d87-11e8-9daf-6045cb817f5b._bright1.1.png,1.11E+62
VAR_1ffa92b4-8d87-11e8-9daf-6045cb817f5b._bright1.2.png,1.11E+62
VAR_1ffa92b4-8d87-11e8-9daf-6045cb817f5b._bright1.3.png,1.11E+62
VAR_1ffa92b4-8d87-11e8-9daf-6045cb817f5b._jpeg30.png,1.01E+62
VAR_1ffa92b4-8d87-11e8-9daf-6045cb817f5b._jpeg50.png,1.01E+60
VAR_1ffa92b4-8d87-11e8-9daf-6045cb817f5b._jpeg70.png,1.01E+62
VAR_1ffa92b4-8d87-11e8-9daf-6045cb817f5b._jpeg90.png,1.11E+63
VAR_1ffa92b4-8d87-11e8-9daf-6045cb817f5b._noise0.001.png,1.11E+62
VAR_1ffa92b4-8d87-11e8-9daf-6045cb817f5b._noise0.002.png,1.11E+62
VAR_1ffa92b4-8d87-11e8-9daf-6045cb817f5b._noise0.003.png,1.11E+62
VAR_1ffa92b4-8d87-11e8-9daf-6045cb817f5b._noise0.004.png,1.11E+62
VAR_1ffa92b4-8d87-11e8-9daf-6045cb817f5b._noise0.005.png,1.11E+62
VAR_1ffa92b4-8d87-11e8-9daf-6045cb817f5b._original.png,1.11E+62
VAR_1ffa92b4-8d87-11e8-9daf-6045cb817f5b._rot1.png,1.11E+62
VAR_1ffa92b4-8d87-11e8-9daf-6045cb817f5b._rot2.png,1.11E+62
VAR_1ffa92b4-8d87-11e8-9daf-6045cb817f5b._rot3.png,1.11E+62
VAR_1ffa92b4-8d87-11e8-9daf-6045cb817f5b._rot4.png,1.11E+62
VAR_1ffa92b4-8d87-11e8-9daf-6045cb817f5b._rot5.png,1.11E+62
VAR_1ffa92b4-8d87-11e8-9daf-6045cb817f5b._rot6.png,1.11E+62
VAR_1ffa92b5-8d87-11e8-9daf-6045cb817f5b._bright0.8.png,1.11E+62
VAR_1ffa92b5-8d87-11e8-9daf-6045cb817f5b._bright0.9.png,1.11E+62
VAR_1ffa92b5-8d87-11e8-9daf-6045cb817f5b._bright1.1.png,1.11E+62
VAR_1ffa92b5-8d87-11e8-9daf-6045cb817f5b._bright1.2.png,1.11E+62
VAR_1ffa92b5-8d87-11e8-9daf-6045cb817f5b._bright1.3.png,1.11E+62
VAR_1ffa92b5-8d87-11e8-9daf-6045cb817f5b._jpeg30.png,1.11E+63
VAR_1ffa92b5-8d87-11e8-9daf-6045cb817f5b._jpeg50.png,1.11E+63
VAR_1ffa92b5-8d87-11e8-9daf-6045cb817f5b._jpeg70.png,1.11E+63
VAR_1ffa92b5-8d87-11e8-9daf-6045cb817f5b._jpeg90.png,1.11E+63
VAR_1ffa92b5-8d87-11e8-9daf-6045cb817f5b._noise0.001.png,1.11E+62
VAR_1ffa92b5-8d87-11e8-9daf-6045cb817f5b._noise0.002.png,1.11E+62
VAR_1ffa92b5-8d87-11e8-9daf-6045cb817f5b._noise0.003.png,1.11E+62
VAR_1ffa92b5-8d87-11e8-9daf-6045cb817f5b._noise0.004.png,1.11E+62
VAR_1ffa92b5-8d87-11e8-9daf-6045cb817f5b._noise0.005.png,1.11E+62
VAR_1ffa92b5-8d87-11e8-9daf-6045cb817f5b._original.png,1.11E+62
VAR_1ffa92b5-8d87-11e8-9daf-6045cb817f5b._rot1.png,1.11E+62
VAR_1ffa92b5-8d87-11e8-9daf-6045cb817f5b._rot2.png,1.11E+62
VAR_1ffa92b5-8d87-11e8-9daf-6045cb817f5b._rot3.png,1.11E+62
VAR_1ffa92b5-8d87-11e8-9daf-6045cb817f5b._rot4.png,1.11E+62
VAR_1ffa92b5-8d87-11e8-9daf-6045cb817f5b._rot5.png,1.11E+62
VAR_1ffa92b5-8d87-11e8-9daf-6045cb817f5b._rot6.png,1.11E+62
VAR_1ffa92b6-8d87-11e8-9daf-6045cb817f5b._bright0.8.png,1.11E+62
VAR_1ffa92b6-8d87-11e8-9daf-6045cb817f5b._bright0.9.png,1.11E+62
VAR_1ffa92b6-8d87-11e8-9daf-6045cb817f5b._bright1.1.png,1.11E+62
VAR_1ffa92b6-8d87-11e8-9daf-6045cb817f5b._bright1.2.png,1.11E+62
VAR_1ffa92b6-8d87-11e8-9daf-6045cb817f5b._bright1.3.png,1.11E+62
VAR_1ffa92b6-8d87-11e8-9daf-6045cb817f5b._jpeg30.png,1.11E+62
VAR_1ffa92b6-8d87-11e8-9daf-6045cb817f5b._jpeg50.png,1.01E+62
VAR_1ffa92b6-8d87-11e8-9daf-6045cb817f5b._jpeg70.png,1.01E+62
VAR_1ffa92b6-8d87-11e8-9daf-6045cb817f5b._jpeg90.png,1.11E+62
VAR_1ffa92b6-8d87-11e8-9daf-6045cb817f5b._noise0.001.png,1.11E+62
VAR_1ffa92b6-8d87-11e8-9daf-6045cb817f5b._noise0.002.png,1.11E+62
VAR_1ffa92b6-8d87-11e8-9daf-6045cb817f5b._noise0.003.png,1.11E+62
VAR_1ffa92b6-8d87-11e8-9daf-6045cb817f5b._noise0.004.png,1.11E+62
VAR_1ffa92b6-8d87-11e8-9daf-6045cb817f5b._noise0.005.png,1.11E+62
VAR_1ffa92b6-8d87-11e8-9daf-6045cb817f5b._original.png,1.11E+62
VAR_1ffa92b6-8d87-11e8-9daf-6045cb817f5b._rot1.png,1.11E+62
VAR_1ffa92b6-8d87-11e8-9daf-6045cb817f5b._rot2.png,1.11E+62
VAR_1ffa92b6-8d87-11e8-9daf-6045cb817f5b._rot3.png,1.11E+62
VAR_1ffa92b6-8d87-11e8-9daf-6045cb817f5b._rot4.png,1.11E+62
VAR_1ffa92b6-8d87-11e8-9daf-6045cb817f5b._rot5.png,1.11E+62
VAR_1ffa92b6-8d87-11e8-9daf-6045cb817f5b._rot6.png,1.11E+62
VAR_1ffa92b7-8d87-11e8-9daf-6045cb817f5b._bright0.8.png,1.11E+63
VAR_1ffa92b7-8d87-11e8-9daf-6045cb817f5b._bright0.9.png,1.11E+63
VAR_1ffa92b7-8d87-11e8-9daf-6045cb817f5b._bright1.1.png,1.11E+63
VAR_1ffa92b7-8d87-11e8-9daf-6045cb817f5b._bright1.2.png,1.11E+63
VAR_1ffa92b7-8d87-11e8-9daf-6045cb817f5b._bright1.3.png,1.11E+63
VAR_1ffa92b7-8d87-11e8-9daf-6045cb817f5b._jpeg30.png,1.10E+63
VAR_1ffa92b7-8d87-11e8-9daf-6045cb817f5b._jpeg50.png,1.10E+63
VAR_1ffa92b7-8d87-11e8-9daf-6045cb817f5b._jpeg70.png,1.01E+62
VAR_1ffa92b7-8d87-11e8-9daf-6045cb817f5b._jpeg90.png,1.01E+62
VAR_1ffa92b7-8d87-11e8-9daf-6045cb817f5b._noise0.001.png,1.11E+63
VAR_1ffa92b7-8d87-11e8-9daf-6045cb817f5b._noise0.002.png,1.11E+63
VAR_1ffa92b7-8d87-11e8-9daf-6045cb817f5b._noise0.003.png,1.11E+63
VAR_1ffa92b7-8d87-11e8-9daf-6045cb817f5b._noise0.004.png,1.11E+63
VAR_1ffa92b7-8d87-11e8-9daf-6045cb817f5b._noise0.005.png,1.11E+63
VAR_1ffa92b7-8d87-11e8-9daf-6045cb817f5b._original.png,1.11E+63
VAR_1ffa92b7-8d87-11e8-9daf-6045cb817f5b._rot1.png,1.11E+62
VAR_1ffa92b7-8d87-11e8-9daf-6045cb817f5b._rot2.png,1.11E+62
VAR_1ffa92b7-8d87-11e8-9daf-6045cb817f5b._rot3.png,1.11E+62
VAR_1ffa92b7-8d87-11e8-9daf-6045cb817f5b._rot4.png,1.11E+62
VAR_1ffa92b7-8d87-11e8-9daf-6045cb817f5b._rot5.png,1.11E+62
VAR_1ffa92b7-8d87-11e8-9daf-6045cb817f5b._rot6.png,1.11E+62
VAR_1ffa92ce-8d87-11e8-9daf-6045cb817f5b._bright0.8.png,1.11E+62
VAR_1ffa92ce-8d87-11e8-9daf-6045cb817f5b._bright0.9.png,1.11E+62
VAR_1ffa92ce-8d87-11e8-9daf-6045cb817f5b._bright1.1.png,1.11E+62
VAR_1ffa92ce-8d87-11e8-9daf-6045cb817f5b._bright1.2.png,1.11E+62
VAR_1ffa92ce-8d87-11e8-9daf-6045cb817f5b._bright1.3.png,1.11E+62
VAR_1ffa92ce-8d87-11e8-9daf-6045cb817f5b._jpeg30.png,1.01E+62
VAR_1ffa92ce-8d87-11e8-9daf-6045cb817f5b._jpeg50.png,1.11E+62
VAR_1ffa92ce-8d87-11e8-9daf-6045cb817f5b._jpeg70.png,1.11E+62
VAR_1ffa92ce-8d87-11e8-9daf-6045cb817f5b._jpeg90.png,1.11E+62
VAR_1ffa92ce-8d87-11e8-9daf-6045cb817f5b._noise0.001.png,1.11E+62
VAR_1ffa92ce-8d87-11e8-9daf-6045cb817f5b._noise0.002.png,1.11E+62
VAR_1ffa92ce-8d87-11e8-9daf-6045cb817f5b._noise0.003.png,1.11E+62
VAR_1ffa92ce-8d87-11e8-9daf-6045cb817f5b._noise0.004.png,1.11E+62
VAR_1ffa92ce-8d87-11e8-9daf-6045cb817f5b._noise0.005.png,1.11E+62
VAR_1ffa92ce-8d87-11e8-9daf-6045cb817f5b._original.png,1.11E+62
VAR_1ffa92ce-8d87-11e8-9daf-6045cb817f5b._rot1.png,1.11E+62
VAR_1ffa92ce-8d87-11e8-9daf-6045cb817f5b._rot2.png,1.11E+62
VAR_1ffa92ce-8d87-11e8-9daf-6045cb817f5b._rot3.png,1.11E+62
VAR_1ffa92ce-8d87-11e8-9daf-6045cb817f5b._rot4.png,1.11E+62
VAR_1ffa92ce-8d87-11e8-9daf-6045cb817f5b._rot5.png,1.11E+62
VAR_1ffa92ce-8d87-11e8-9daf-6045cb817f5b._rot6.png,1.01E+62
VAR_1ffa92cf-8d87-11e8-9daf-6045cb817f5b._bright0.8.png,1.11E+62
VAR_1ffa92cf-8d87-11e8-9daf-6045cb817f5b._bright0.9.png,1.11E+62
VAR_1ffa92cf-8d87-11e8-9daf-6045cb817f5b._bright1.1.png,1.11E+62
VAR_1ffa92cf-8d87-11e8-9daf-6045cb817f5b._bright1.2.png,1.01E+62
VAR_1ffa92cf-8d87-11e8-9daf-6045cb817f5b._bright1.3.png,1.01E+62
VAR_1ffa92cf-8d87-11e8-9daf-6045cb817f5b._jpeg30.png,1.01E+62
VAR_1ffa92cf-8d87-11e8-9daf-6045cb817f5b._jpeg50.png,1.01E+62
VAR_1ffa92cf-8d87-11e8-9daf-6045cb817f5b._jpeg70.png,1.01E+62
VAR_1ffa92cf-8d87-11e8-9daf-6045cb817f5b._jpeg90.png,1.01E+62
VAR_1ffa92cf-8d87-11e8-9daf-6045cb817f5b._noise0.001.png,1.11E+62
VAR_1ffa92cf-8d87-11e8-9daf-6045cb817f5b._noise0.002.png,1.11E+62
VAR_1ffa92cf-8d87-11e8-9daf-6045cb817f5b._noise0.003.png,1.11E+62
VAR_1ffa92cf-8d87-11e8-9daf-6045cb817f5b._noise0.004.png,1.11E+62
VAR_1ffa92cf-8d87-11e8-9daf-6045cb817f5b._noise0.005.png,1.11E+62
VAR_1ffa92cf-8d87-11e8-9daf-6045cb817f5b._original.png,1.11E+62
VAR_1ffa92cf-8d87-11e8-9daf-6045cb817f5b._rot1.png,1.00E+62
VAR_1ffa92cf-8d87-11e8-9daf-6045cb817f5b._rot2.png,1.00E+62
VAR_1ffa92cf-8d87-11e8-9daf-6045cb817f5b._rot3.png,1.00E+62
VAR_1ffa92cf-8d87-11e8-9daf-6045cb817f5b._rot4.png,1.11E+62
VAR_1ffa92cf-8d87-11e8-9daf-6045cb817f5b._rot5.png,1.10E+62
VAR_1ffa92cf-8d87-11e8-9daf-6045cb817f5b._rot6.png,1.11E+62
VAR_1ffa92d0-8d87-11e8-9daf-6045cb817f5b._bright0.8.png,1.11E+62
VAR_1ffa92d0-8d87-11e8-9daf-6045cb817f5b._bright0.9.png,1.11E+62
VAR_1ffa92d0-8d87-11e8-9daf-6045cb817f5b._bright1.1.png,1.11E+62
VAR_1ffa92d0-8d87-11e8-9daf-6045cb817f5b._bright1.2.png,1.01E+62
VAR_1ffa92d0-8d87-11e8-9daf-6045cb817f5b._bright1.3.png,1.01E+62
VAR_1ffa92d0-8d87-11e8-9daf-6045cb817f5b._jpeg30.png,1.00E+58
VAR_1ffa92d0-8d87-11e8-9daf-6045cb817f5b._jpeg50.png,1.00E+58
VAR_1ffa92d0-8d87-11e8-9daf-6045cb817f5b._jpeg70.png,1.01E+62
VAR_1ffa92d0-8d87-11e8-9daf-6045cb817f5b._jpeg90.png,1.11E+62
VAR_1ffa92d0-8d87-11e8-9daf-6045cb817f5b._noise0.001.png,1.11E+62
VAR_1ffa92d0-8d87-11e8-9daf-6045cb817f5b._noise0.002.png,1.11E+62
VAR_1ffa92d0-8d87-11e8-9daf-6045cb817f5b._noise0.003.png,1.11E+62
VAR_1ffa92d0-8d87-11e8-9daf-6045cb817f5b._noise0.004.png,1.11E+62
VAR_1ffa92d0-8d87-11e8-9daf-6045cb817f5b._noise0.005.png,1.11E+62
VAR_1ffa92d0-8d87-11e8-9daf-6045cb817f5b._original.png,1.11E+62
VAR_1ffa92d0-8d87-11e8-9daf-6045cb817f5b._rot1.png,1.11E+62
VAR_1ffa92d0-8d87-11e8-9daf-6045cb817f5b._rot2.png,1.11E+62
VAR_1ffa92d0-8d87-11e8-9daf-6045cb817f5b._rot3.png,1.11E+62
VAR_1ffa92d0-8d87-11e8-9daf-6045cb817f5b._rot4.png,1.10E+62
VAR_1ffa92d0-8d87-11e8-9daf-6045cb817f5b._rot5.png,1.10E+62
VAR_1ffa92d0-8d87-11e8-9daf-6045cb817f5b._rot6.png,1.10E+62
VAR_1ffa92d1-8d87-11e8-9daf-6045cb817f5b._bright0.8.png,1.01E+62
VAR_1ffa92d1-8d87-11e8-9daf-6045cb817f5b._bright0.9.png,1.01E+62
VAR_1ffa92d1-8d87-11e8-9daf-6045cb817f5b._bright1.1.png,1.01E+62
VAR_1ffa92d1-8d87-11e8-9daf-6045cb817f5b._bright1.2.png,1.01E+62
VAR_1ffa92d1-8d87-11e8-9daf-6045cb817f5b._bright1.3.png,1.01E+62
VAR_1ffa92d1-8d87-11e8-9daf-6045cb817f5b._jpeg30.png,1.01E+62
VAR_1ffa92d1-8d87-11e8-9daf-6045cb817f5b._jpeg50.png,1.01E+62
VAR_1ffa92d1-8d87-11e8-9daf-6045cb817f5b._jpeg70.png,1.01E+62
VAR_1ffa92d1-8d87-11e8-9daf-6045cb817f5b._jpeg90.png,1.01E+62
VAR_1ffa92d1-8d87-11e8-9daf-6045cb817f5b._noise0.001.png,1.01E+62
VAR_1ffa92d1-8d87-11e8-9daf-6045cb817f5b._noise0.002.png,1.01E+62
VAR_1ffa92d1-8d87-11e8-9daf-6045cb817f5b._noise0.003.png,1.01E+62
VAR_1ffa92d1-8d87-11e8-9daf-6045cb817f5b._noise0.004.png,1.01E+62
VAR_1ffa92d1-8d87-11e8-9daf-6045cb817f5b._noise0.005.png,1.01E+62
VAR_1ffa92d1-8d87-11e8-9daf-6045cb817f5b._original.png,1.01E+62
VAR_1ffa92d1-8d87-11e8-9daf-6045cb817f5b._rot1.png,1.01E+62
VAR_1ffa92d1-8d87-11e8-9daf-6045cb817f5b._rot2.png,1.01E+62
VAR_1ffa92d1-8d87-11e8-9daf-6045cb817f5b._rot3.png,1.01E+62
VAR_1ffa92d1-8d87-11e8-9daf-6045cb817f5b._rot4.png,1.01E+62
VAR_1ffa92d1-8d87-11e8-9daf-6045cb817f5b._rot5.png,1.01E+62
VAR_1ffa92d1-8d87-11e8-9daf-6045cb817f5b._rot6.png,1.01E+62
VAR_1ffa92d2-8d87-11e8-9daf-6045cb817f5b._bright0.8.png,1.11E+61
VAR_1ffa92d2-8d87-11e8-9daf-6045cb817f5b._bright0.9.png,1.11E+62
VAR_1ffa92d2-8d87-11e8-9daf-6045cb817f5b._bright1.1.png,1.11E+61
VAR_1ffa92d2-8d87-11e8-9daf-6045cb817f5b._bright1.2.png,1.11E+60
VAR_1ffa92d2-8d87-11e8-9daf-6045cb817f5b._bright1.3.png,1.11E+60
VAR_1ffa92d2-8d87-11e8-9daf-6045cb817f5b._jpeg30.png,1.00E+58
VAR_1ffa92d2-8d87-11e8-9daf-6045cb817f5b._jpeg50.png,1.10E+63
VAR_1ffa92d2-8d87-11e8-9daf-6045cb817f5b._jpeg70.png,1.11E+62
VAR_1ffa92d2-8d87-11e8-9daf-6045cb817f5b._jpeg90.png,1.11E+62
VAR_1ffa92d2-8d87-11e8-9daf-6045cb817f5b._noise0.001.png,1.11E+62
VAR_1ffa92d2-8d87-11e8-9daf-6045cb817f5b._noise0.002.png,1.11E+62
VAR_1ffa92d2-8d87-11e8-9daf-6045cb817f5b._noise0.003.png,1.11E+61
VAR_1ffa92d2-8d87-11e8-9daf-6045cb817f5b._noise0.004.png,1.11E+62
VAR_1ffa92d2-8d87-11e8-9daf-6045cb817f5b._noise0.005.png,1.11E+62
VAR_1ffa92d2-8d87-11e8-9daf-6045cb817f5b._original.png,1.11E+62
VAR_1ffa92d2-8d87-11e8-9daf-6045cb817f5b._rot1.png,1.01E+62
VAR_1ffa92d2-8d87-11e8-9daf-6045cb817f5b._rot2.png,1.11E+62
VAR_1ffa92d2-8d87-11e8-9daf-6045cb817f5b._rot3.png,1.11E+62
VAR_1ffa92d2-8d87-11e8-9daf-6045cb817f5b._rot4.png,1.11E+62
VAR_1ffa92d2-8d87-11e8-9daf-6045cb817f5b._rot5.png,1.11E+62
VAR_1ffa92d2-8d87-11e8-9daf-6045cb817f5b._rot6.png,1.11E+62
VAR_1ffa92d3-8d87-11e8-9daf-6045cb817f5b._bright0.8.png,1.11E+62
VAR_1ffa92d3-8d87-11e8-9daf-6045cb817f5b._bright0.9.png,1.11E+62
VAR_1ffa92d3-8d87-11e8-9daf-6045cb817f5b._bright1.1.png,1.11E+62
VAR_1ffa92d3-8d87-11e8-9daf-6045cb817f5b._bright1.2.png,1.01E+62
VAR_1ffa92d3-8d87-11e8-9daf-6045cb817f5b._bright1.3.png,1.01E+62
VAR_1ffa92d3-8d87-11e8-9daf-6045cb817f5b._jpeg30.png,1.00E+63
VAR_1ffa92d3-8d87-11e8-9daf-6045cb817f5b._jpeg50.png,1.01E+60
VAR_1ffa92d3-8d87-11e8-9daf-6045cb817f5b._jpeg70.png,1.11E+63
VAR_1ffa92d3-8d87-11e8-9daf-6045cb817f5b._jpeg90.png,1.11E+63
VAR_1ffa92d3-8d87-11e8-9daf-6045cb817f5b._noise0.001.png,1.11E+62
VAR_1ffa92d3-8d87-11e8-9daf-6045cb817f5b._noise0.002.png,1.11E+62
VAR_1ffa92d3-8d87-11e8-9daf-6045cb817f5b._noise0.003.png,1.11E+62
VAR_1ffa92d3-8d87-11e8-9daf-6045cb817f5b._noise0.004.png,1.11E+62
VAR_1ffa92d3-8d87-11e8-9daf-6045cb817f5b._noise0.005.png,1.11E+62
VAR_1ffa92d3-8d87-11e8-9daf-6045cb817f5b._original.png,1.11E+62
VAR_1ffa92d3-8d87-11e8-9daf-6045cb817f5b._rot1.png,1.11E+62
VAR_1ffa92d3-8d87-11e8-9daf-6045cb817f5b._rot2.png,1.11E+63
VAR_1ffa92d3-8d87-11e8-9daf-6045cb817f5b._rot3.png,1.11E+63
VAR_1ffa92d3-8d87-11e8-9daf-6045cb817f5b._rot4.png,1.11E+62
VAR_1ffa92d3-8d87-11e8-9daf-6045cb817f5b._rot5.png,1.11E+62
VAR_1ffa92d3-8d87-11e8-9daf-6045cb817f5b._rot6.png,1.11E+62
VAR_1ffa92d4-8d87-11e8-9daf-6045cb817f5b._bright0.8.png,1.11E+62
VAR_1ffa92d4-8d87-11e8-9daf-6045cb817f5b._bright0.9.png,1.11E+62
VAR_1ffa92d4-8d87-11e8-9daf-6045cb817f5b._bright1.1.png,1.11E+62
VAR_1ffa92d4-8d87-11e8-9daf-6045cb817f5b._bright1.2.png,1.11E+62
VAR_1ffa92d4-8d87-11e8-9daf-6045cb817f5b._bright1.3.png,1.11E+62
VAR_1ffa92d4-8d87-11e8-9daf-6045cb817f5b._jpeg30.png,1.10E+59
VAR_1ffa92d4-8d87-11e8-9daf-6045cb817f5b._jpeg50.png,1.10E+59
VAR_1ffa92d4-8d87-11e8-9daf-6045cb817f5b._jpeg70.png,1.10E+59
VAR_1ffa92d4-8d87-11e8-9daf-6045cb817f5b._jpeg90.png,1.00E+62
VAR_1ffa92d4-8d87-11e8-9daf-6045cb817f5b._noise0.001.png,1.11E+62
VAR_1ffa92d4-8d87-11e8-9daf-6045cb817f5b._noise0.002.png,1.11E+62
VAR_1ffa92d4-8d87-11e8-9daf-6045cb817f5b._noise0.003.png,1.11E+62
VAR_1ffa92d4-8d87-11e8-9daf-6045cb817f5b._noise0.004.png,1.11E+62
VAR_1ffa92d4-8d87-11e8-9daf-6045cb817f5b._noise0.005.png,1.11E+62
VAR_1ffa92d4-8d87-11e8-9daf-6045cb817f5b._original.png,1.11E+62
VAR_1ffa92d4-8d87-11e8-9daf-6045cb817f5b._rot1.png,1.10E+62
VAR_1ffa92d4-8d87-11e8-9daf-6045cb817f5b._rot2.png,1.00E+62
VAR_1ffa92d4-8d87-11e8-9daf-6045cb817f5b._rot3.png,1.10E+62
VAR_1ffa92d4-8d87-11e8-9daf-6045cb817f5b._rot4.png,1.10E+62
VAR_1ffa92d4-8d87-11e8-9daf-6045cb817f5b._rot5.png,1.10E+62
VAR_1ffa92d4-8d87-11e8-9daf-6045cb817f5b._rot6.png,1.10E+62
VAR_1ffa92d5-8d87-11e8-9daf-6045cb817f5b._bright0.8.png,1.11E+62
VAR_1ffa92d5-8d87-11e8-9daf-6045cb817f5b._bright0.9.png,1.11E+62
VAR_1ffa92d5-8d87-11e8-9daf-6045cb817f5b._bright1.1.png,1.11E+62
VAR_1ffa92d5-8d87-11e8-9daf-6045cb817f5b._bright1.2.png,1.11E+62
VAR_1ffa92d5-8d87-11e8-9daf-6045cb817f5b._bright1.3.png,1.11E+62
VAR_1ffa92d5-8d87-11e8-9daf-6045cb817f5b._jpeg30.png,1.01E+62
VAR_1ffa92d5-8d87-11e8-9daf-6045cb817f5b._jpeg50.png,1.10E+63
VAR_1ffa92d5-8d87-11e8-9daf-6045cb817f5b._jpeg70.png,1.11E+63
VAR_1ffa92d5-8d87-11e8-9daf-6045cb817f5b._jpeg90.png,1.11E+63
VAR_1ffa92d5-8d87-11e8-9daf-6045cb817f5b._noise0.001.png,1.11E+62
VAR_1ffa92d5-8d87-11e8-9daf-6045cb817f5b._noise0.002.png,1.11E+62
VAR_1ffa92d5-8d87-11e8-9daf-6045cb817f5b._noise0.003.png,1.11E+62
VAR_1ffa92d5-8d87-11e8-9daf-6045cb817f5b._noise0.004.png,1.11E+62
VAR_1ffa92d5-8d87-11e8-9daf-6045cb817f5b._noise0.005.png,1.11E+62
VAR_1ffa92d5-8d87-11e8-9daf-6045cb817f5b._original.png,1.11E+62
VAR_1ffa92d5-8d87-11e8-9daf-6045cb817f5b._rot1.png,1.10E+63
VAR_1ffa92d5-8d87-11e8-9daf-6045cb817f5b._rot2.png,1.10E+63
VAR_1ffa92d5-8d87-11e8-9daf-6045cb817f5b._rot3.png,1.10E+63
VAR_1ffa92d5-8d87-11e8-9daf-6045cb817f5b._rot4.png,1.11E+63
VAR_1ffa92d5-8d87-11e8-9daf-6045cb817f5b._rot5.png,1.11E+63
VAR_1ffa92d5-8d87-11e8-9daf-6045cb817f5b._rot6.png,1.11E+63
VAR_1ffa94d6-8d87-11e8-9daf-6045cb817f5b._bright0.8.png,1.11E+62
VAR_1ffa94d6-8d87-11e8-9daf-6045cb817f5b._bright0.9.png,1.11E+62
VAR_1ffa94d6-8d87-11e8-9daf-6045cb817f5b._bright1.1.png,1.01E+62
VAR_1ffa94d6-8d87-11e8-9daf-6045cb817f5b._bright1.2.png,1.01E+62
VAR_1ffa94d6-8d87-11e8-9daf-6045cb817f5b._bright1.3.png,1.10E+63
VAR_1ffa94d6-8d87-11e8-9daf-6045cb817f5b._jpeg30.png,1.10E+63
VAR_1ffa94d6-8d87-11e8-9daf-6045cb817f5b._jpeg50.png,1.10E+63
VAR_1ffa94d6-8d87-11e8-9daf-6045cb817f5b._jpeg70.png,1.10E+63
VAR_1ffa94d6-8d87-11e8-9daf-6045cb817f5b._jpeg90.png,1.00E+62
VAR_1ffa94d6-8d87-11e8-9daf-6045cb817f5b._noise0.001.png,1.01E+62
VAR_1ffa94d6-8d87-11e8-9daf-6045cb817f5b._noise0.002.png,1.11E+62
VAR_1ffa94d6-8d87-11e8-9daf-6045cb817f5b._noise0.003.png,1.01E+62
VAR_1ffa94d6-8d87-11e8-9daf-6045cb817f5b._noise0.004.png,1.01E+62
VAR_1ffa94d6-8d87-11e8-9daf-6045cb817f5b._noise0.005.png,1.01E+62
VAR_1ffa94d6-8d87-11e8-9daf-6045cb817f5b._original.png,1.01E+62
VAR_1ffa94d6-8d87-11e8-9daf-6045cb817f5b._rot1.png,1.01E+62
VAR_1ffa94d6-8d87-11e8-9daf-6045cb817f5b._rot2.png,1.00E+62
VAR_1ffa94d6-8d87-11e8-9daf-6045cb817f5b._rot3.png,1.01E+62
VAR_1ffa94d6-8d87-11e8-9daf-6045cb817f5b._rot4.png,1.01E+62
VAR_1ffa94d6-8d87-11e8-9daf-6045cb817f5b._rot5.png,1.00E+62
VAR_1ffa94d6-8d87-11e8-9daf-6045cb817f5b._rot6.png,1.11E+59
VAR_1ffa94d7-8d87-11e8-9daf-6045cb817f5b._bright0.8.png,1.11E+62
VAR_1ffa94d7-8d87-11e8-9daf-6045cb817f5b._bright0.9.png,1.11E+62
VAR_1ffa94d7-8d87-11e8-9daf-6045cb817f5b._bright1.1.png,1.01E+62
VAR_1ffa94d7-8d87-11e8-9daf-6045cb817f5b._bright1.2.png,1.01E+62
VAR_1ffa94d7-8d87-11e8-9daf-6045cb817f5b._bright1.3.png,1.01E+62
VAR_1ffa94d7-8d87-11e8-9daf-6045cb817f5b._jpeg30.png,1.01E+62
VAR_1ffa94d7-8d87-11e8-9daf-6045cb817f5b._jpeg50.png,1.10E+63
VAR_1ffa94d7-8d87-11e8-9daf-6045cb817f5b._jpeg70.png,1.11E+60
VAR_1ffa94d7-8d87-11e8-9daf-6045cb817f5b._jpeg90.png,1.11E+63
VAR_1ffa94d7-8d87-11e8-9daf-6045cb817f5b._noise0.001.png,1.01E+62
VAR_1ffa94d7-8d87-11e8-9daf-6045cb817f5b._noise0.002.png,1.11E+62
VAR_1ffa94d7-8d87-11e8-9daf-6045cb817f5b._noise0.003.png,1.11E+62
VAR_1ffa94d7-8d87-11e8-9daf-6045cb817f5b._noise0.004.png,1.11E+62
VAR_1ffa94d7-8d87-11e8-9daf-6045cb817f5b._noise0.005.png,1.11E+62
VAR_1ffa94d7-8d87-11e8-9daf-6045cb817f5b._original.png,1.11E+62
VAR_1ffa94d7-8d87-11e8-9daf-6045cb817f5b._rot1.png,1.01E+62
VAR_1ffa94d7-8d87-11e8-9daf-6045cb817f5b._rot2.png,1.01E+62
VAR_1ffa94d7-8d87-11e8-9daf-6045cb817f5b._rot3.png,1.01E+62
VAR_1ffa94d7-8d87-11e8-9daf-6045cb817f5b._rot4.png,1.01E+62
VAR_1ffa94d7-8d87-11e8-9daf-6045cb817f5b._rot5.png,1.11E+62
VAR_1ffa94d7-8d87-11e8-9daf-6045cb817f5b._rot6.png,1.01E+62
VAR_1ffa94d8-8d87-11e8-9daf-6045cb817f5b._bright0.8.png,1.11E+62
VAR_1ffa94d8-8d87-11e8-9daf-6045cb817f5b._bright0.9.png,1.11E+62
VAR_1ffa94d8-8d87-11e8-9daf-6045cb817f5b._bright1.1.png,1.11E+62
VAR_1ffa94d8-8d87-11e8-9daf-6045cb817f5b._bright1.2.png,1.11E+61
VAR_1ffa94d8-8d87-11e8-9daf-6045cb817f5b._bright1.3.png,1.11E+62
VAR_1ffa94d8-8d87-11e8-9daf-6045cb817f5b._jpeg30.png,1.11E+63
VAR_1ffa94d8-8d87-11e8-9daf-6045cb817f5b._jpeg50.png,1.11E+60
VAR_1ffa94d8-8d87-11e8-9daf-6045cb817f5b._jpeg70.png,1.10E+63
VAR_1ffa94d8-8d87-11e8-9daf-6045cb817f5b._jpeg90.png,1.11E+62
VAR_1ffa94d8-8d87-11e8-9daf-6045cb817f5b._noise0.001.png,1.11E+62
VAR_1ffa94d8-8d87-11e8-9daf-6045cb817f5b._noise0.002.png,1.11E+62
VAR_1ffa94d8-8d87-11e8-9daf-6045cb817f5b._noise0.003.png,1.11E+62
VAR_1ffa94d8-8d87-11e8-9daf-6045cb817f5b._noise0.004.png,1.11E+62
VAR_1ffa94d8-8d87-11e8-9daf-6045cb817f5b._noise0.005.png,1.11E+62
VAR_1ffa94d8-8d87-11e8-9daf-6045cb817f5b._original.png,1.11E+62
VAR_1ffa94d8-8d87-11e8-9daf-6045cb817f5b._rot1.png,1.11E+62
VAR_1ffa94d8-8d87-11e8-9daf-6045cb817f5b._rot2.png,1.11E+61
VAR_1ffa94d8-8d87-11e8-9daf-6045cb817f5b._rot3.png,1.01E+61
VAR_1ffa94d8-8d87-11e8-9daf-6045cb817f5b._rot4.png,1.11E+61
VAR_1ffa94d8-8d87-11e8-9daf-6045cb817f5b._rot5.png,1.11E+61
VAR_1ffa94d8-8d87-11e8-9daf-6045cb817f5b._rot6.png,1.11E+61
VAR_1ffa94d9-8d87-11e8-9daf-6045cb817f5b._bright0.8.png,1.11E+63
VAR_1ffa94d9-8d87-11e8-9daf-6045cb817f5b._bright0.9.png,1.11E+63
VAR_1ffa94d9-8d87-11e8-9daf-6045cb817f5b._bright1.1.png,1.11E+62
VAR_1ffa94d9-8d87-11e8-9daf-6045cb817f5b._bright1.2.png,1.11E+62
VAR_1ffa94d9-8d87-11e8-9daf-6045cb817f5b._bright1.3.png,1.11E+62
VAR_1ffa94d9-8d87-11e8-9daf-6045cb817f5b._jpeg30.png,1.01E+62
VAR_1ffa94d9-8d87-11e8-9daf-6045cb817f5b._jpeg50.png,1.10E+63
VAR_1ffa94d9-8d87-11e8-9daf-6045cb817f5b._jpeg70.png,1.10E+63
VAR_1ffa94d9-8d87-11e8-9daf-6045cb817f5b._jpeg90.png,1.11E+63
VAR_1ffa94d9-8d87-11e8-9daf-6045cb817f5b._noise0.001.png,1.11E+63
VAR_1ffa94d9-8d87-11e8-9daf-6045cb817f5b._noise0.002.png,1.11E+63
VAR_1ffa94d9-8d87-11e8-9daf-6045cb817f5b._noise0.003.png,1.11E+63
VAR_1ffa94d9-8d87-11e8-9daf-6045cb817f5b._noise0.004.png,1.11E+63
VAR_1ffa94d9-8d87-11e8-9daf-6045cb817f5b._noise0.005.png,1.11E+63
VAR_1ffa94d9-8d87-11e8-9daf-6045cb817f5b._original.png,1.11E+63
VAR_1ffa94d9-8d87-11e8-9daf-6045cb817f5b._rot1.png,1.00E+63
VAR_1ffa94d9-8d87-11e8-9daf-6045cb817f5b._rot2.png,1.00E+63
VAR_1ffa94d9-8d87-11e8-9daf-6045cb817f5b._rot3.png,1.11E+60
VAR_1ffa94d9-8d87-11e8-9daf-6045cb817f5b._rot4.png,1.10E+63
VAR_1ffa94d9-8d87-11e8-9daf-6045cb817f5b._rot5.png,1.11E+63
VAR_1ffa94d9-8d87-11e8-9daf-6045cb817f5b._rot6.png,1.11E+63
VAR_1ffa94da-8d87-11e8-9daf-6045cb817f5b._bright0.8.png,1.11E+62
VAR_1ffa94da-8d87-11e8-9daf-6045cb817f5b._bright0.9.png,1.11E+62
VAR_1ffa94da-8d87-11e8-9daf-6045cb817f5b._bright1.1.png,1.11E+62
VAR_1ffa94da-8d87-11e8-9daf-6045cb817f5b._bright1.2.png,1.11E+62
VAR_1ffa94da-8d87-11e8-9daf-6045cb817f5b._bright1.3.png,1.01E+62
VAR_1ffa94da-8d87-11e8-9daf-6045cb817f5b._jpeg30.png,1.01E+62
VAR_1ffa94da-8d87-11e8-9daf-6045cb817f5b._jpeg50.png,1.01E+62
VAR_1ffa94da-8d87-11e8-9daf-6045cb817f5b._jpeg70.png,1.01E+62
VAR_1ffa94da-8d87-11e8-9daf-6045cb817f5b._jpeg90.png,1.11E+62
VAR_1ffa94da-8d87-11e8-9daf-6045cb817f5b._noise0.001.png,1.11E+62
VAR_1ffa94da-8d87-11e8-9daf-6045cb817f5b._noise0.002.png,1.11E+62
VAR_1ffa94da-8d87-11e8-9daf-6045cb817f5b._noise0.003.png,1.11E+62
VAR_1ffa94da-8d87-11e8-9daf-6045cb817f5b._noise0.004.png,1.11E+62
VAR_1ffa94da-8d87-11e8-9daf-6045cb817f5b._noise0.005.png,1.11E+62
VAR_1ffa94da-8d87-11e8-9daf-6045cb817f5b._original.png,1.11E+62
VAR_1ffa94da-8d87-11e8-9daf-6045cb817f5b._rot1.png,1.11E+62
VAR_1ffa94da-8d87-11e8-9daf-6045cb817f5b._rot2.png,1.11E+62
VAR_1ffa94da-8d87-11e8-9daf-6045cb817f5b._rot3.png,1.11E+62
VAR_1ffa94da-8d87-11e8-9daf-6045cb817f5b._rot4.png,1.11E+62
VAR_1ffa94da-8d87-11e8-9daf-6045cb817f5b._rot5.png,1.11E+62
VAR_1ffa94da-8d87-11e8-9daf-6045cb817f5b._rot6.png,1.11E+62
VAR_1ffa94db-8d87-11e8-9daf-6045cb817f5b._bright0.8.png,1.11E+62
VAR_1ffa94db-8d87-11e8-9daf-6045cb817f5b._bright0.9.png,1.11E+62
VAR_1ffa94db-8d87-11e8-9daf-6045cb817f5b._bright1.1.png,1.11E+62
VAR_1ffa94db-8d87-11e8-9daf-6045cb817f5b._bright1.2.png,1.11E+62
VAR_1ffa94db-8d87-11e8-9daf-6045cb817f5b._bright1.3.png,1.11E+62
VAR_1ffa94db-8d87-11e8-9daf-6045cb817f5b._jpeg30.png,1.01E+62
VAR_1ffa94db-8d87-11e8-9daf-6045cb817f5b._jpeg50.png,1.01E+62
VAR_1ffa94db-8d87-11e8-9daf-6045cb817f5b._jpeg70.png,1.01E+62
VAR_1ffa94db-8d87-11e8-9daf-6045cb817f5b._jpeg90.png,1.11E+63
VAR_1ffa94db-8d87-11e8-9daf-6045cb817f5b._noise0.001.png,1.11E+62
VAR_1ffa94db-8d87-11e8-9daf-6045cb817f5b._noise0.002.png,1.11E+62
VAR_1ffa94db-8d87-11e8-9daf-6045cb817f5b._noise0.003.png,1.11E+62
VAR_1ffa94db-8d87-11e8-9daf-6045cb817f5b._noise0.004.png,1.11E+62
VAR_1ffa94db-8d87-11e8-9daf-6045cb817f5b._noise0.005.png,1.11E+62
VAR_1ffa94db-8d87-11e8-9daf-6045cb817f5b._original.png,1.11E+62
VAR_1ffa94db-8d87-11e8-9daf-6045cb817f5b._rot1.png,1.01E+62
VAR_1ffa94db-8d87-11e8-9daf-6045cb817f5b._rot2.png,1.01E+62
VAR_1ffa94db-8d87-11e8-9daf-6045cb817f5b._rot3.png,1.11E+62
VAR_1ffa94db-8d87-11e8-9daf-6045cb817f5b._rot4.png,1.11E+62
VAR_1ffa94db-8d87-11e8-9daf-6045cb817f5b._rot5.png,1.11E+62
VAR_1ffa94db-8d87-11e8-9daf-6045cb817f5b._rot6.png,1.11E+62
VAR_1ffa94dc-8d87-11e8-9daf-6045cb817f5b._bright0.8.png,1.11E+63
VAR_1ffa94dc-8d87-11e8-9daf-6045cb817f5b._bright0.9.png,1.11E+63
VAR_1ffa94dc-8d87-11e8-9daf-6045cb817f5b._bright1.1.png,1.11E+63
VAR_1ffa94dc-8d87-11e8-9daf-6045cb817f5b._bright1.2.png,1.11E+63
VAR_1ffa94dc-8d87-11e8-9daf-6045cb817f5b._bright1.3.png,1.11E+62
VAR_1ffa94dc-8d87-11e8-9daf-6045cb817f5b._jpeg30.png,1.10E+63
VAR_1ffa94dc-8d87-11e8-9daf-6045cb817f5b._jpeg50.png,1.11E+60
VAR_1ffa94dc-8d87-11e8-9daf-6045cb817f5b._jpeg70.png,1.01E+62
VAR_1ffa94dc-8d87-11e8-9daf-6045cb817f5b._jpeg90.png,1.11E+62
VAR_1ffa94dc-8d87-11e8-9daf-6045cb817f5b._noise0.001.png,1.11E+63
VAR_1ffa94dc-8d87-11e8-9daf-6045cb817f5b._noise0.002.png,1.11E+62
VAR_1ffa94dc-8d87-11e8-9daf-6045cb817f5b._noise0.003.png,1.11E+62
VAR_1ffa94dc-8d87-11e8-9daf-6045cb817f5b._noise0.004.png,1.11E+63
VAR_1ffa94dc-8d87-11e8-9daf-6045cb817f5b._noise0.005.png,1.11E+63
VAR_1ffa94dc-8d87-11e8-9daf-6045cb817f5b._original.png,1.11E+63
VAR_1ffa94dc-8d87-11e8-9daf-6045cb817f5b._rot1.png,1.11E+62
VAR_1ffa94dc-8d87-11e8-9daf-6045cb817f5b._rot2.png,1.11E+62
VAR_1ffa94dc-8d87-11e8-9daf-6045cb817f5b._rot3.png,1.11E+62
VAR_1ffa94dc-8d87-11e8-9daf-6045cb817f5b._rot4.png,1.11E+62
VAR_1ffa94dc-8d87-11e8-9daf-6045cb817f5b._rot5.png,1.11E+62
VAR_1ffa94dc-8d87-11e8-9daf-6045cb817f5b._rot6.png,1.11E+62
VAR_1ffa94dd-8d87-11e8-9daf-6045cb817f5b._bright0.8.png,1.11E+62
VAR_1ffa94dd-8d87-11e8-9daf-6045cb817f5b._bright0.9.png,1.11E+62
VAR_1ffa94dd-8d87-11e8-9daf-6045cb817f5b._bright1.1.png,1.11E+62
VAR_1ffa94dd-8d87-11e8-9daf-6045cb817f5b._bright1.2.png,1.11E+62
VAR_1ffa94dd-8d87-11e8-9daf-6045cb817f5b._bright1.3.png,1.11E+62
VAR_1ffa94dd-8d87-11e8-9daf-6045cb817f5b._jpeg30.png,1.10E+63
VAR_1ffa94dd-8d87-11e8-9daf-6045cb817f5b._jpeg50.png,1.01E+62
VAR_1ffa94dd-8d87-11e8-9daf-6045cb817f5b._jpeg70.png,1.10E+63
VAR_1ffa94dd-8d87-11e8-9daf-6045cb817f5b._jpeg90.png,1.11E+62
VAR_1ffa94dd-8d87-11e8-9daf-6045cb817f5b._noise0.001.png,1.11E+62
VAR_1ffa94dd-8d87-11e8-9daf-6045cb817f5b._noise0.002.png,1.11E+62
VAR_1ffa94dd-8d87-11e8-9daf-6045cb817f5b._noise0.003.png,1.11E+62
VAR_1ffa94dd-8d87-11e8-9daf-6045cb817f5b._noise0.004.png,1.11E+62
VAR_1ffa94dd-8d87-11e8-9daf-6045cb817f5b._noise0.005.png,1.11E+62
VAR_1ffa94dd-8d87-11e8-9daf-6045cb817f5b._original.png,1.11E+62
VAR_1ffa94dd-8d87-11e8-9daf-6045cb817f5b._rot1.png,1.01E+62
VAR_1ffa94dd-8d87-11e8-9daf-6045cb817f5b._rot2.png,1.11E+62
VAR_1ffa94dd-8d87-11e8-9daf-6045cb817f5b._rot3.png,1.11E+62
VAR_1ffa94dd-8d87-11e8-9daf-6045cb817f5b._rot4.png,1.11E+62
VAR_1ffa94dd-8d87-11e8-9daf-6045cb817f5b._rot5.png,1.11E+62
VAR_1ffa94dd-8d87-11e8-9daf-6045cb817f5b._rot6.png,1.11E+62
VAR_1ffa94de-8d87-11e8-9daf-6045cb817f5b._bright0.8.png,1.11E+62
VAR_1ffa94de-8d87-11e8-9daf-6045cb817f5b._bright0.9.png,1.11E+62
VAR_1ffa94de-8d87-11e8-9daf-6045cb817f5b._bright1.1.png,1.11E+62
VAR_1ffa94de-8d87-11e8-9daf-6045cb817f5b._bright1.2.png,1.11E+62
VAR_1ffa94de-8d87-11e8-9daf-6045cb817f5b._bright1.3.png,1.11E+62
VAR_1ffa94de-8d87-11e8-9daf-6045cb817f5b._jpeg30.png,1.11E+62
VAR_1ffa94de-8d87-11e8-9daf-6045cb817f5b._jpeg50.png,1.11E+63
VAR_1ffa94de-8d87-11e8-9daf-6045cb817f5b._jpeg70.png,1.11E+63
VAR_1ffa94de-8d87-11e8-9daf-6045cb817f5b._jpeg90.png,1.11E+62
VAR_1ffa94de-8d87-11e8-9daf-6045cb817f5b._noise0.001.png,1.11E+62
VAR_1ffa94de-8d87-11e8-9daf-6045cb817f5b._noise0.002.png,1.11E+62
VAR_1ffa94de-8d87-11e8-9daf-6045cb817f5b._noise0.003.png,1.11E+62
VAR_1ffa94de-8d87-11e8-9daf-6045cb817f5b._noise0.004.png,1.11E+62
VAR_1ffa94de-8d87-11e8-9daf-6045cb817f5b._noise0.005.png,1.11E+62
VAR_1ffa94de-8d87-11e8-9daf-6045cb817f5b._original.png,1.11E+62
VAR_1ffa94de-8d87-11e8-9daf-6045cb817f5b._rot1.png,1.11E+62
VAR_1ffa94de-8d87-11e8-9daf-6045cb817f5b._rot2.png,1.11E+61
VAR_1ffa94de-8d87-11e8-9daf-6045cb817f5b._rot3.png,1.11E+62
VAR_1ffa94de-8d87-11e8-9daf-6045cb817f5b._rot4.png,1.11E+61
VAR_1ffa94de-8d87-11e8-9daf-6045cb817f5b._rot5.png,1.11E+61
VAR_1ffa94de-8d87-11e8-9daf-6045cb817f5b._rot6.png,1.11E+61
VAR_1ffa94df-8d87-11e8-9daf-6045cb817f5b._bright0.8.png,1.01E+62
VAR_1ffa94df-8d87-11e8-9daf-6045cb817f5b._bright0.9.png,1.01E+62
VAR_1ffa94df-8d87-11e8-9daf-6045cb817f5b._bright1.1.png,1.01E+62
VAR_1ffa94df-8d87-11e8-9daf-6045cb817f5b._bright1.2.png,1.01E+62
VAR_1ffa94df-8d87-11e8-9daf-6045cb817f5b._bright1.3.png,1.01E+62
VAR_1ffa94df-8d87-11e8-9daf-6045cb817f5b._jpeg30.png,1.10E+63
VAR_1ffa94df-8d87-11e8-9daf-6045cb817f5b._jpeg50.png,1.10E+58
VAR_1ffa94df-8d87-11e8-9daf-6045cb817f5b._jpeg70.png,1.00E+58
VAR_1ffa94df-8d87-11e8-9daf-6045cb817f5b._jpeg90.png,1.00E+62
VAR_1ffa94df-8d87-11e8-9daf-6045cb817f5b._noise0.001.png,1.01E+62
VAR_1ffa94df-8d87-11e8-9daf-6045cb817f5b._noise0.002.png,1.01E+62
VAR_1ffa94df-8d87-11e8-9daf-6045cb817f5b._noise0.003.png,1.01E+62
VAR_1ffa94df-8d87-11e8-9daf-6045cb817f5b._noise0.004.png,1.01E+62
VAR_1ffa94df-8d87-11e8-9daf-6045cb817f5b._noise0.005.png,1.01E+62
VAR_1ffa94df-8d87-11e8-9daf-6045cb817f5b._original.png,1.01E+62
VAR_1ffa94df-8d87-11e8-9daf-6045cb817f5b._rot1.png,1.11E+60
VAR_1ffa94df-8d87-11e8-9daf-6045cb817f5b._rot2.png,1.11E+60
VAR_1ffa94df-8d87-11e8-9daf-6045cb817f5b._rot3.png,1.11E+60
VAR_1ffa94df-8d87-11e8-9daf-6045cb817f5b._rot4.png,1.10E+59
VAR_1ffa94df-8d87-11e8-9daf-6045cb817f5b._rot5.png,1.01E+61
VAR_1ffa94df-8d87-11e8-9daf-6045cb817f5b._rot6.png,1.11E+59
VAR_1ffa94e0-8d87-11e8-9daf-6045cb817f5b._bright0.8.png,1.11E+61
VAR_1ffa94e0-8d87-11e8-9daf-6045cb817f5b._bright0.9.png,1.11E+61
VAR_1ffa94e0-8d87-11e8-9daf-6045cb817f5b._bright1.1.png,1.11E+61
VAR_1ffa94e0-8d87-11e8-9daf-6045cb817f5b._bright1.2.png,1.11E+61
VAR_1ffa94e0-8d87-11e8-9daf-6045cb817f5b._bright1.3.png,1.11E+62
VAR_1ffa94e0-8d87-11e8-9daf-6045cb817f5b._jpeg30.png,1.01E+62
VAR_1ffa94e0-8d87-11e8-9daf-6045cb817f5b._jpeg50.png,1.10E+63
VAR_1ffa94e0-8d87-11e8-9daf-6045cb817f5b._jpeg70.png,1.11E+63
VAR_1ffa94e0-8d87-11e8-9daf-6045cb817f5b._jpeg90.png,1.01E+62
VAR_1ffa94e0-8d87-11e8-9daf-6045cb817f5b._noise0.001.png,1.11E+61
VAR_1ffa94e0-8d87-11e8-9daf-6045cb817f5b._noise0.002.png,1.11E+61
VAR_1ffa94e0-8d87-11e8-9daf-6045cb817f5b._noise0.003.png,1.11E+61
VAR_1ffa94e0-8d87-11e8-9daf-6045cb817f5b._noise0.004.png,1.11E+61
VAR_1ffa94e0-8d87-11e8-9daf-6045cb817f5b._noise0.005.png,1.11E+61
VAR_1ffa94e0-8d87-11e8-9daf-6045cb817f5b._original.png,1.11E+61
VAR_1ffa94e0-8d87-11e8-9daf-6045cb817f5b._rot1.png,1.11E+61
VAR_1ffa94e0-8d87-11e8-9daf-6045cb817f5b._rot2.png,1.11E+61
VAR_1ffa94e0-8d87-11e8-9daf-6045cb817f5b._rot3.png,1.11E+62
VAR_1ffa94e0-8d87-11e8-9daf-6045cb817f5b._rot4.png,1.11E+61
VAR_1ffa94e0-8d87-11e8-9daf-6045cb817f5b._rot5.png,1.11E+61
VAR_1ffa94e0-8d87-11e8-9daf-6045cb817f5b._rot6.png,1.11E+61
VAR_1ffa94e1-8d87-11e8-9daf-6045cb817f5b._bright0.8.png,1.11E+62
VAR_1ffa94e1-8d87-11e8-9daf-6045cb817f5b._bright0.9.png,1.11E+62
VAR_1ffa94e1-8d87-11e8-9daf-6045cb817f5b._bright1.1.png,1.11E+62
VAR_1ffa94e1-8d87-11e8-9daf-6045cb817f5b._bright1.2.png,1.11E+62
VAR_1ffa94e1-8d87-11e8-9daf-6045cb817f5b._bright1.3.png,1.11E+62
VAR_1ffa94e1-8d87-11e8-9daf-6045cb817f5b._jpeg30.png,1.00E+63
VAR_1ffa94e1-8d87-11e8-9daf-6045cb817f5b._jpeg50.png,1.00E+63
VAR_1ffa94e1-8d87-11e8-9daf-6045cb817f5b._jpeg70.png,1.00E+63
VAR_1ffa94e1-8d87-11e8-9daf-6045cb817f5b._jpeg90.png,1.11E+63
VAR_1ffa94e1-8d87-11e8-9daf-6045cb817f5b._noise0.001.png,1.11E+62
VAR_1ffa94e1-8d87-11e8-9daf-6045cb817f5b._noise0.002.png,1.11E+62
VAR_1ffa94e1-8d87-11e8-9daf-6045cb817f5b._noise0.003.png,1.11E+62
VAR_1ffa94e1-8d87-11e8-9daf-6045cb817f5b._noise0.004.png,1.11E+62
VAR_1ffa94e1-8d87-11e8-9daf-6045cb817f5b._noise0.005.png,1.11E+62
VAR_1ffa94e1-8d87-11e8-9daf-6045cb817f5b._original.png,1.11E+62
VAR_1ffa94e1-8d87-11e8-9daf-6045cb817f5b._rot1.png,1.11E+59
VAR_1ffa94e1-8d87-11e8-9daf-6045cb817f5b._rot2.png,1.11E+59
VAR_1ffa94e1-8d87-11e8-9daf-6045cb817f5b._rot3.png,1.11E+59
VAR_1ffa94e1-8d87-11e8-9daf-6045cb817f5b._rot4.png,1.11E+61
VAR_1ffa94e1-8d87-11e8-9daf-6045cb817f5b._rot5.png,1.01E+61
VAR_1ffa94e1-8d87-11e8-9daf-6045cb817f5b._rot6.png,1.11E+59
VAR_1ffa94e2-8d87-11e8-9daf-6045cb817f5b._bright0.8.png,1.11E+62
VAR_1ffa94e2-8d87-11e8-9daf-6045cb817f5b._bright0.9.png,1.11E+62
VAR_1ffa94e2-8d87-11e8-9daf-6045cb817f5b._bright1.1.png,1.11E+62
VAR_1ffa94e2-8d87-11e8-9daf-6045cb817f5b._bright1.2.png,1.11E+62
VAR_1ffa94e2-8d87-11e8-9daf-6045cb817f5b._bright1.3.png,1.11E+62
VAR_1ffa94e2-8d87-11e8-9daf-6045cb817f5b._jpeg30.png,1.01E+62
VAR_1ffa94e2-8d87-11e8-9daf-6045cb817f5b._jpeg50.png,1.01E+62
VAR_1ffa94e2-8d87-11e8-9daf-6045cb817f5b._jpeg70.png,1.01E+62
VAR_1ffa94e2-8d87-11e8-9daf-6045cb817f5b._jpeg90.png,1.11E+62
VAR_1ffa94e2-8d87-11e8-9daf-6045cb817f5b._noise0.001.png,1.11E+62
VAR_1ffa94e2-8d87-11e8-9daf-6045cb817f5b._noise0.002.png,1.11E+62
VAR_1ffa94e2-8d87-11e8-9daf-6045cb817f5b._noise0.003.png,1.11E+62
VAR_1ffa94e2-8d87-11e8-9daf-6045cb817f5b._noise0.004.png,1.11E+62
VAR_1ffa94e2-8d87-11e8-9daf-6045cb817f5b._noise0.005.png,1.11E+62
VAR_1ffa94e2-8d87-11e8-9daf-6045cb817f5b._original.png,1.11E+62
VAR_1ffa94e2-8d87-11e8-9daf-6045cb817f5b._rot1.png,1.01E+62
VAR_1ffa94e2-8d87-11e8-9daf-6045cb817f5b._rot2.png,1.01E+62
VAR_1ffa94e2-8d87-11e8-9daf-6045cb817f5b._rot3.png,1.11E+62
VAR_1ffa94e2-8d87-11e8-9daf-6045cb817f5b._rot4.png,1.11E+62
VAR_1ffa94e2-8d87-11e8-9daf-6045cb817f5b._rot5.png,1.11E+62
VAR_1ffa94e2-8d87-11e8-9daf-6045cb817f5b._rot6.png,1.11E+62
VAR_1ffa94e3-8d87-11e8-9daf-6045cb817f5b._bright0.8.png,1.11E+62
VAR_1ffa94e3-8d87-11e8-9daf-6045cb817f5b._bright0.9.png,1.11E+62
VAR_1ffa94e3-8d87-11e8-9daf-6045cb817f5b._bright1.1.png,1.11E+62
VAR_1ffa94e3-8d87-11e8-9daf-6045cb817f5b._bright1.2.png,1.11E+62
VAR_1ffa94e3-8d87-11e8-9daf-6045cb817f5b._bright1.3.png,1.11E+62
VAR_1ffa94e3-8d87-11e8-9daf-6045cb817f5b._jpeg30.png,1.00E+63
VAR_1ffa94e3-8d87-11e8-9daf-6045cb817f5b._jpeg50.png,1.10E+63
VAR_1ffa94e3-8d87-11e8-9daf-6045cb817f5b._jpeg70.png,1.11E+61
VAR_1ffa94e3-8d87-11e8-9daf-6045cb817f5b._jpeg90.png,1.11E+62
VAR_1ffa94e3-8d87-11e8-9daf-6045cb817f5b._noise0.001.png,1.11E+62
VAR_1ffa94e3-8d87-11e8-9daf-6045cb817f5b._noise0.002.png,1.11E+62
VAR_1ffa94e3-8d87-11e8-9daf-6045cb817f5b._noise0.003.png,1.11E+62
VAR_1ffa94e3-8d87-11e8-9daf-6045cb817f5b._noise0.004.png,1.11E+62
VAR_1ffa94e3-8d87-11e8-9daf-6045cb817f5b._noise0.005.png,1.11E+62
VAR_1ffa94e3-8d87-11e8-9daf-6045cb817f5b._original.png,1.11E+62
VAR_1ffa94e3-8d87-11e8-9daf-6045cb817f5b._rot1.png,1.11E+61
VAR_1ffa94e3-8d87-11e8-9daf-6045cb817f5b._rot2.png,1.11E+61
VAR_1ffa94e3-8d87-11e8-9daf-6045cb817f5b._rot3.png,1.11E+61
VAR_1ffa94e3-8d87-11e8-9daf-6045cb817f5b._rot4.png,1.11E+61
VAR_1ffa94e3-8d87-11e8-9daf-6045cb817f5b._rot5.png,1.11E+61
VAR_1ffa94e3-8d87-11e8-9daf-6045cb817f5b._rot6.png,1.11E+61
VAR_1ffa966f-8d87-11e8-9daf-6045cb817f5b._bright0.8.png,1.01E+62
VAR_1ffa966f-8d87-11e8-9daf-6045cb817f5b._bright0.9.png,1.01E+62
VAR_1ffa966f-8d87-11e8-9daf-6045cb817f5b._bright1.1.png,1.01E+62
VAR_1ffa966f-8d87-11e8-9daf-6045cb817f5b._bright1.2.png,1.01E+62
VAR_1ffa966f-8d87-11e8-9daf-6045cb817f5b._bright1.3.png,1.01E+62
VAR_1ffa966f-8d87-11e8-9daf-6045cb817f5b._jpeg30.png,1.10E+59
VAR_1ffa966f-8d87-11e8-9daf-6045cb817f5b._jpeg50.png,1.01E+62
VAR_1ffa966f-8d87-11e8-9daf-6045cb817f5b._jpeg70.png,1.01E+62
VAR_1ffa966f-8d87-11e8-9daf-6045cb817f5b._jpeg90.png,1.00E+62
VAR_1ffa966f-8d87-11e8-9daf-6045cb817f5b._noise0.001.png,1.01E+62
VAR_1ffa966f-8d87-11e8-9daf-6045cb817f5b._noise0.002.png,1.01E+62
VAR_1ffa966f-8d87-11e8-9daf-6045cb817f5b._noise0.003.png,1.01E+62
VAR_1ffa966f-8d87-11e8-9daf-6045cb817f5b._noise0.004.png,1.01E+62
VAR_1ffa966f-8d87-11e8-9daf-6045cb817f5b._noise0.005.png,1.01E+62
VAR_1ffa966f-8d87-11e8-9daf-6045cb817f5b._original.png,1.01E+62
VAR_1ffa966f-8d87-11e8-9daf-6045cb817f5b._rot1.png,1.00E+62
VAR_1ffa966f-8d87-11e8-9daf-6045cb817f5b._rot2.png,1.00E+62
VAR_1ffa966f-8d87-11e8-9daf-6045cb817f5b._rot3.png,1.00E+62
VAR_1ffa966f-8d87-11e8-9daf-6045cb817f5b._rot4.png,1.00E+62
VAR_1ffa966f-8d87-11e8-9daf-6045cb817f5b._rot5.png,1.00E+62
VAR_1ffa966f-8d87-11e8-9daf-6045cb817f5b._rot6.png,1.00E+62
VAR_1ffa9670-8d87-11e8-9daf-6045cb817f5b._bright0.8.png,1.11E+62
VAR_1ffa9670-8d87-11e8-9daf-6045cb817f5b._bright0.9.png,1.11E+62
VAR_1ffa9670-8d87-11e8-9daf-6045cb817f5b._bright1.1.png,1.01E+62
VAR_1ffa9670-8d87-11e8-9daf-6045cb817f5b._bright1.2.png,1.01E+62
VAR_1ffa9670-8d87-11e8-9daf-6045cb817f5b._bright1.3.png,1.01E+62
VAR_1ffa9670-8d87-11e8-9daf-6045cb817f5b._jpeg30.png,1.11E+62
VAR_1ffa9670-8d87-11e8-9daf-6045cb817f5b._jpeg50.png,1.11E+62
VAR_1ffa9670-8d87-11e8-9daf-6045cb817f5b._jpeg70.png,1.11E+62
VAR_1ffa9670-8d87-11e8-9daf-6045cb817f5b._jpeg90.png,1.01E+62
VAR_1ffa9670-8d87-11e8-9daf-6045cb817f5b._noise0.001.png,1.11E+62
VAR_1ffa9670-8d87-11e8-9daf-6045cb817f5b._noise0.002.png,1.01E+62
VAR_1ffa9670-8d87-11e8-9daf-6045cb817f5b._noise0.003.png,1.01E+62
VAR_1ffa9670-8d87-11e8-9daf-6045cb817f5b._noise0.004.png,1.01E+62
VAR_1ffa9670-8d87-11e8-9daf-6045cb817f5b._noise0.005.png,1.01E+62
VAR_1ffa9670-8d87-11e8-9daf-6045cb817f5b._original.png,1.11E+62
VAR_1ffa9670-8d87-11e8-9daf-6045cb817f5b._rot1.png,1.10E+62
VAR_1ffa9670-8d87-11e8-9daf-6045cb817f5b._rot2.png,1.10E+62
VAR_1ffa9670-8d87-11e8-9daf-6045cb817f5b._rot3.png,1.11E+62
VAR_1ffa9670-8d87-11e8-9daf-6045cb817f5b._rot4.png,1.11E+62
VAR_1ffa9670-8d87-11e8-9daf-6045cb817f5b._rot5.png,1.10E+62
VAR_1ffa9670-8d87-11e8-9daf-6045cb817f5b._rot6.png,1.11E+62
VAR_1ffa9671-8d87-11e8-9daf-6045cb817f5b._bright0.8.png,1.11E+62
VAR_1ffa9671-8d87-11e8-9daf-6045cb817f5b._bright0.9.png,1.11E+62
VAR_1ffa9671-8d87-11e8-9daf-6045cb817f5b._bright1.1.png,1.01E+62
VAR_1ffa9671-8d87-11e8-9daf-6045cb817f5b._bright1.2.png,1.01E+62
VAR_1ffa9671-8d87-11e8-9daf-6045cb817f5b._bright1.3.png,1.01E+62
VAR_1ffa9671-8d87-11e8-9daf-6045cb817f5b._jpeg30.png,1.00E+58
VAR_1ffa9671-8d87-11e8-9daf-6045cb817f5b._jpeg50.png,1.01E+62
VAR_1ffa9671-8d87-11e8-9daf-6045cb817f5b._jpeg70.png,1.01E+62
VAR_1ffa9671-8d87-11e8-9daf-6045cb817f5b._jpeg90.png,1.01E+62
VAR_1ffa9671-8d87-11e8-9daf-6045cb817f5b._noise0.001.png,1.11E+62
VAR_1ffa9671-8d87-11e8-9daf-6045cb817f5b._noise0.002.png,1.11E+62
VAR_1ffa9671-8d87-11e8-9daf-6045cb817f5b._noise0.003.png,1.01E+62
VAR_1ffa9671-8d87-11e8-9daf-6045cb817f5b._noise0.004.png,1.11E+62
VAR_1ffa9671-8d87-11e8-9daf-6045cb817f5b._noise0.005.png,1.11E+62
VAR_1ffa9671-8d87-11e8-9daf-6045cb817f5b._original.png,1.11E+62
VAR_1ffa9671-8d87-11e8-9daf-6045cb817f5b._rot1.png,1.00E+62
VAR_1ffa9671-8d87-11e8-9daf-6045cb817f5b._rot2.png,1.00E+62
VAR_1ffa9671-8d87-11e8-9daf-6045cb817f5b._rot3.png,1.00E+62
VAR_1ffa9671-8d87-11e8-9daf-6045cb817f5b._rot4.png,1.00E+62
VAR_1ffa9671-8d87-11e8-9daf-6045cb817f5b._rot5.png,1.00E+62
VAR_1ffa9671-8d87-11e8-9daf-6045cb817f5b._rot6.png,1.00E+62
VAR_1ffa9672-8d87-11e8-9daf-6045cb817f5b._bright0.8.png,1.11E+62
VAR_1ffa9672-8d87-11e8-9daf-6045cb817f5b._bright0.9.png,1.11E+62
VAR_1ffa9672-8d87-11e8-9daf-6045cb817f5b._bright1.1.png,1.11E+62
VAR_1ffa9672-8d87-11e8-9daf-6045cb817f5b._bright1.2.png,1.11E+62
VAR_1ffa9672-8d87-11e8-9daf-6045cb817f5b._bright1.3.png,1.01E+62
VAR_1ffa9672-8d87-11e8-9daf-6045cb817f5b._jpeg30.png,1.01E+60
VAR_1ffa9672-8d87-11e8-9daf-6045cb817f5b._jpeg50.png,1.00E+62
VAR_1ffa9672-8d87-11e8-9daf-6045cb817f5b._jpeg70.png,1.00E+58
VAR_1ffa9672-8d87-11e8-9daf-6045cb817f5b._jpeg90.png,1.00E+62
VAR_1ffa9672-8d87-11e8-9daf-6045cb817f5b._noise0.001.png,1.11E+62
VAR_1ffa9672-8d87-11e8-9daf-6045cb817f5b._noise0.002.png,1.11E+62
VAR_1ffa9672-8d87-11e8-9daf-6045cb817f5b._noise0.003.png,1.11E+62
VAR_1ffa9672-8d87-11e8-9daf-6045cb817f5b._noise0.004.png,1.11E+62
VAR_1ffa9672-8d87-11e8-9daf-6045cb817f5b._noise0.005.png,1.11E+62
VAR_1ffa9672-8d87-11e8-9daf-6045cb817f5b._original.png,1.11E+62
VAR_1ffa9672-8d87-11e8-9daf-6045cb817f5b._rot1.png,1.00E+62
VAR_1ffa9672-8d87-11e8-9daf-6045cb817f5b._rot2.png,1.00E+62
VAR_1ffa9672-8d87-11e8-9daf-6045cb817f5b._rot3.png,1.00E+62
VAR_1ffa9672-8d87-11e8-9daf-6045cb817f5b._rot4.png,1.00E+62
VAR_1ffa9672-8d87-11e8-9daf-6045cb817f5b._rot5.png,1.00E+62
VAR_1ffa9672-8d87-11e8-9daf-6045cb817f5b._rot6.png,1.10E+62
VAR_1ffa9673-8d87-11e8-9daf-6045cb817f5b._bright0.8.png,1.01E+62
VAR_1ffa9673-8d87-11e8-9daf-6045cb817f5b._bright0.9.png,1.01E+62
VAR_1ffa9673-8d87-11e8-9daf-6045cb817f5b._bright1.1.png,1.01E+62
VAR_1ffa9673-8d87-11e8-9daf-6045cb817f5b._bright1.2.png,1.01E+62
VAR_1ffa9673-8d87-11e8-9daf-6045cb817f5b._bright1.3.png,1.01E+62
VAR_1ffa9673-8d87-11e8-9daf-6045cb817f5b._jpeg30.png,1.10E+63
VAR_1ffa9673-8d87-11e8-9daf-6045cb817f5b._jpeg50.png,1.10E+63
VAR_1ffa9673-8d87-11e8-9daf-6045cb817f5b._jpeg70.png,1.10E+63
VAR_1ffa9673-8d87-11e8-9daf-6045cb817f5b._jpeg90.png,1.01E+62
VAR_1ffa9673-8d87-11e8-9daf-6045cb817f5b._noise0.001.png,1.01E+62
VAR_1ffa9673-8d87-11e8-9daf-6045cb817f5b._noise0.002.png,1.01E+62
VAR_1ffa9673-8d87-11e8-9daf-6045cb817f5b._noise0.003.png,1.01E+62
VAR_1ffa9673-8d87-11e8-9daf-6045cb817f5b._noise0.004.png,1.01E+62
VAR_1ffa9673-8d87-11e8-9daf-6045cb817f5b._noise0.005.png,1.01E+62
VAR_1ffa9673-8d87-11e8-9daf-6045cb817f5b._original.png,1.01E+62
VAR_1ffa9673-8d87-11e8-9daf-6045cb817f5b._rot1.png,1.11E+62
VAR_1ffa9673-8d87-11e8-9daf-6045cb817f5b._rot2.png,1.10E+62
VAR_1ffa9673-8d87-11e8-9daf-6045cb817f5b._rot3.png,1.11E+62
VAR_1ffa9673-8d87-11e8-9daf-6045cb817f5b._rot4.png,1.11E+62
VAR_1ffa9673-8d87-11e8-9daf-6045cb817f5b._rot5.png,1.10E+62
VAR_1ffa9673-8d87-11e8-9daf-6045cb817f5b._rot6.png,1.00E+62
VAR_1ffa9680-8d87-11e8-9daf-6045cb817f5b._bright0.8.png,1.11E+63
VAR_1ffa9680-8d87-11e8-9daf-6045cb817f5b._bright0.9.png,1.11E+63
VAR_1ffa9680-8d87-11e8-9daf-6045cb817f5b._bright1.1.png,1.11E+63
VAR_1ffa9680-8d87-11e8-9daf-6045cb817f5b._bright1.2.png,1.11E+63
VAR_1ffa9680-8d87-11e8-9daf-6045cb817f5b._bright1.3.png,1.11E+63
VAR_1ffa9680-8d87-11e8-9daf-6045cb817f5b._jpeg30.png,1.00E+62
VAR_1ffa9680-8d87-11e8-9daf-6045cb817f5b._jpeg50.png,1.00E+62
VAR_1ffa9680-8d87-11e8-9daf-6045cb817f5b._jpeg70.png,1.00E+62
VAR_1ffa9680-8d87-11e8-9daf-6045cb817f5b._jpeg90.png,1.11E+63
VAR_1ffa9680-8d87-11e8-9daf-6045cb817f5b._noise0.001.png,1.11E+63
VAR_1ffa9680-8d87-11e8-9daf-6045cb817f5b._noise0.002.png,1.11E+63
VAR_1ffa9680-8d87-11e8-9daf-6045cb817f5b._noise0.003.png,1.11E+63
VAR_1ffa9680-8d87-11e8-9daf-6045cb817f5b._noise0.004.png,1.11E+63
VAR_1ffa9680-8d87-11e8-9daf-6045cb817f5b._noise0.005.png,1.11E+63
VAR_1ffa9680-8d87-11e8-9daf-6045cb817f5b._original.png,1.11E+63
VAR_1ffa9680-8d87-11e8-9daf-6045cb817f5b._rot1.png,1.11E+63
VAR_1ffa9680-8d87-11e8-9daf-6045cb817f5b._rot2.png,1.11E+63
VAR_1ffa9680-8d87-11e8-9daf-6045cb817f5b._rot3.png,1.11E+62
VAR_1ffa9680-8d87-11e8-9daf-6045cb817f5b._rot4.png,1.11E+63
VAR_1ffa9680-8d87-11e8-9daf-6045cb817f5b._rot5.png,1.11E+62
VAR_1ffa9680-8d87-11e8-9daf-6045cb817f5b._rot6.png,1.11E+62
VAR_1ffa9681-8d87-11e8-9daf-6045cb817f5b._bright0.8.png,1.11E+62
VAR_1ffa9681-8d87-11e8-9daf-6045cb817f5b._bright0.9.png,1.11E+62
VAR_1ffa9681-8d87-11e8-9daf-6045cb817f5b._bright1.1.png,1.11E+62
VAR_1ffa9681-8d87-11e8-9daf-6045cb817f5b._bright1.2.png,1.11E+62
VAR_1ffa9681-8d87-11e8-9daf-6045cb817f5b._bright1.3.png,1.11E+62
VAR_1ffa9681-8d87-11e8-9daf-6045cb817f5b._jpeg30.png,1.01E+62
VAR_1ffa9681-8d87-11e8-9daf-6045cb817f5b._jpeg50.png,1.00E+62
VAR_1ffa9681-8d87-11e8-9daf-6045cb817f5b._jpeg70.png,1.00E+62
VAR_1ffa9681-8d87-11e8-9daf-6045cb817f5b._jpeg90.png,1.01E+62
VAR_1ffa9681-8d87-11e8-9daf-6045cb817f5b._noise0.001.png,1.11E+62
VAR_1ffa9681-8d87-11e8-9daf-6045cb817f5b._noise0.002.png,1.11E+62
VAR_1ffa9681-8d87-11e8-9daf-6045cb817f5b._noise0.003.png,1.11E+62
VAR_1ffa9681-8d87-11e8-9daf-6045cb817f5b._noise0.004.png,1.11E+62
VAR_1ffa9681-8d87-11e8-9daf-6045cb817f5b._noise0.005.png,1.11E+62
VAR_1ffa9681-8d87-11e8-9daf-6045cb817f5b._original.png,1.11E+62
VAR_1ffa9681-8d87-11e8-9daf-6045cb817f5b._rot1.png,1.00E+62
VAR_1ffa9681-8d87-11e8-9daf-6045cb817f5b._rot2.png,1.00E+62
VAR_1ffa9681-8d87-11e8-9daf-6045cb817f5b._rot3.png,1.00E+62
VAR_1ffa9681-8d87-11e8-9daf-6045cb817f5b._rot4.png,1.00E+62
VAR_1ffa9681-8d87-11e8-9daf-6045cb817f5b._rot5.png,1.00E+62
VAR_1ffa9681-8d87-11e8-9daf-6045cb817f5b._rot6.png,1.00E+62
VAR_1ffa9683-8d87-11e8-9daf-6045cb817f5b._bright0.8.png,1.11E+62
VAR_1ffa9683-8d87-11e8-9daf-6045cb817f5b._bright0.9.png,1.11E+62
VAR_1ffa9683-8d87-11e8-9daf-6045cb817f5b._bright1.1.png,1.11E+62
VAR_1ffa9683-8d87-11e8-9daf-6045cb817f5b._bright1.2.png,1.11E+62
VAR_1ffa9683-8d87-11e8-9daf-6045cb817f5b._bright1.3.png,1.11E+62
VAR_1ffa9683-8d87-11e8-9daf-6045cb817f5b._jpeg30.png,1.00E+62
VAR_1ffa9683-8d87-11e8-9daf-6045cb817f5b._jpeg50.png,1.00E+62
VAR_1ffa9683-8d87-11e8-9daf-6045cb817f5b._jpeg70.png,1.01E+62
VAR_1ffa9683-8d87-11e8-9daf-6045cb817f5b._jpeg90.png,1.11E+62
VAR_1ffa9683-8d87-11e8-9daf-6045cb817f5b._noise0.001.png,1.11E+62
VAR_1ffa9683-8d87-11e8-9daf-6045cb817f5b._noise0.002.png,1.11E+62
VAR_1ffa9683-8d87-11e8-9daf-6045cb817f5b._noise0.003.png,1.11E+62
VAR_1ffa9683-8d87-11e8-9daf-6045cb817f5b._noise0.004.png,1.11E+62
VAR_1ffa9683-8d87-11e8-9daf-6045cb817f5b._noise0.005.png,1.11E+62
VAR_1ffa9683-8d87-11e8-9daf-6045cb817f5b._original.png,1.11E+62
VAR_1ffa9683-8d87-11e8-9daf-6045cb817f5b._rot1.png,1.11E+62
VAR_1ffa9683-8d87-11e8-9daf-6045cb817f5b._rot2.png,1.11E+62
VAR_1ffa9683-8d87-11e8-9daf-6045cb817f5b._rot3.png,1.11E+62
VAR_1ffa9683-8d87-11e8-9daf-6045cb817f5b._rot4.png,1.11E+62
VAR_1ffa9683-8d87-11e8-9daf-6045cb817f5b._rot5.png,1.11E+62
VAR_1ffa9683-8d87-11e8-9daf-6045cb817f5b._rot6.png,1.11E+62
VAR_1ffa9684-8d87-11e8-9daf-6045cb817f5b._bright0.8.png,1.11E+62
VAR_1ffa9684-8d87-11e8-9daf-6045cb817f5b._bright0.9.png,1.11E+62
VAR_1ffa9684-8d87-11e8-9daf-6045cb817f5b._bright1.1.png,1.11E+62
VAR_1ffa9684-8d87-11e8-9daf-6045cb817f5b._bright1.2.png,1.11E+62
VAR_1ffa9684-8d87-11e8-9daf-6045cb817f5b._bright1.3.png,1.11E+62
VAR_1ffa9684-8d87-11e8-9daf-6045cb817f5b._jpeg30.png,1.00E+62
VAR_1ffa9684-8d87-11e8-9daf-6045cb817f5b._jpeg50.png,1.00E+62
VAR_1ffa9684-8d87-11e8-9daf-6045cb817f5b._jpeg70.png,1.01E+62
VAR_1ffa9684-8d87-11e8-9daf-6045cb817f5b._jpeg90.png,1.11E+62
VAR_1ffa9684-8d87-11e8-9daf-6045cb817f5b._noise0.001.png,1.11E+62
VAR_1ffa9684-8d87-11e8-9daf-6045cb817f5b._noise0.002.png,1.11E+62
VAR_1ffa9684-8d87-11e8-9daf-6045cb817f5b._noise0.003.png,1.11E+62
VAR_1ffa9684-8d87-11e8-9daf-6045cb817f5b._noise0.004.png,1.11E+62
VAR_1ffa9684-8d87-11e8-9daf-6045cb817f5b._noise0.005.png,1.11E+62
VAR_1ffa9684-8d87-11e8-9daf-6045cb817f5b._original.png,1.11E+62
VAR_1ffa9684-8d87-11e8-9daf-6045cb817f5b._rot1.png,1.00E+62
VAR_1ffa9684-8d87-11e8-9daf-6045cb817f5b._rot2.png,1.00E+62
VAR_1ffa9684-8d87-11e8-9daf-6045cb817f5b._rot3.png,1.00E+62
VAR_1ffa9684-8d87-11e8-9daf-6045cb817f5b._rot4.png,1.00E+62
VAR_1ffa9684-8d87-11e8-9daf-6045cb817f5b._rot5.png,1.00E+62
VAR_1ffa9684-8d87-11e8-9daf-6045cb817f5b._rot6.png,1.00E+62
VAR_1ffa9685-8d87-11e8-9daf-6045cb817f5b._bright0.8.png,1.11E+62
VAR_1ffa9685-8d87-11e8-9daf-6045cb817f5b._bright0.9.png,1.11E+62
VAR_1ffa9685-8d87-11e8-9daf-6045cb817f5b._bright1.1.png,1.11E+62
VAR_1ffa9685-8d87-11e8-9daf-6045cb817f5b._bright1.2.png,1.11E+62
VAR_1ffa9685-8d87-11e8-9daf-6045cb817f5b._bright1.3.png,1.11E+62
VAR_1ffa9685-8d87-11e8-9daf-6045cb817f5b._jpeg30.png,1.10E+63
VAR_1ffa9685-8d87-11e8-9daf-6045cb817f5b._jpeg50.png,1.00E+62
VAR_1ffa9685-8d87-11e8-9daf-6045cb817f5b._jpeg70.png,1.01E+62
VAR_1ffa9685-8d87-11e8-9daf-6045cb817f5b._jpeg90.png,1.01E+62
VAR_1ffa9685-8d87-11e8-9daf-6045cb817f5b._noise0.001.png,1.11E+62
VAR_1ffa9685-8d87-11e8-9daf-6045cb817f5b._noise0.002.png,1.11E+62
VAR_1ffa9685-8d87-11e8-9daf-6045cb817f5b._noise0.003.png,1.11E+62
VAR_1ffa9685-8d87-11e8-9daf-6045cb817f5b._noise0.004.png,1.11E+62
VAR_1ffa9685-8d87-11e8-9daf-6045cb817f5b._noise0.005.png,1.11E+62
VAR_1ffa9685-8d87-11e8-9daf-6045cb817f5b._original.png,1.11E+62
VAR_1ffa9685-8d87-11e8-9daf-6045cb817f5b._rot1.png,1.11E+62
VAR_1ffa9685-8d87-11e8-9daf-6045cb817f5b._rot2.png,1.11E+62
VAR_1ffa9685-8d87-11e8-9daf-6045cb817f5b._rot3.png,1.11E+62
VAR_1ffa9685-8d87-11e8-9daf-6045cb817f5b._rot4.png,1.11E+62
VAR_1ffa9685-8d87-11e8-9daf-6045cb817f5b._rot5.png,1.11E+62
VAR_1ffa9685-8d87-11e8-9daf-6045cb817f5b._rot6.png,1.11E+62
VAR_1ffa968b-8d87-11e8-9daf-6045cb817f5b._bright0.8.png,1.10E+62
VAR_1ffa968b-8d87-11e8-9daf-6045cb817f5b._bright0.9.png,1.10E+62
VAR_1ffa968b-8d87-11e8-9daf-6045cb817f5b._bright1.1.png,1.00E+62
VAR_1ffa968b-8d87-11e8-9daf-6045cb817f5b._bright1.2.png,1.00E+62
VAR_1ffa968b-8d87-11e8-9daf-6045cb817f5b._bright1.3.png,1.00E+62
VAR_1ffa968b-8d87-11e8-9daf-6045cb817f5b._jpeg30.png,1.01E+62
VAR_1ffa968b-8d87-11e8-9daf-6045cb817f5b._jpeg50.png,1.00E+62
VAR_1ffa968b-8d87-11e8-9daf-6045cb817f5b._jpeg70.png,1.01E+62
VAR_1ffa968b-8d87-11e8-9daf-6045cb817f5b._jpeg90.png,1.01E+62
VAR_1ffa968b-8d87-11e8-9daf-6045cb817f5b._noise0.001.png,1.10E+62
VAR_1ffa968b-8d87-11e8-9daf-6045cb817f5b._noise0.002.png,1.10E+62
VAR_1ffa968b-8d87-11e8-9daf-6045cb817f5b._noise0.003.png,1.00E+62
VAR_1ffa968b-8d87-11e8-9daf-6045cb817f5b._noise0.004.png,1.00E+62
VAR_1ffa968b-8d87-11e8-9daf-6045cb817f5b._noise0.005.png,1.00E+62
VAR_1ffa968b-8d87-11e8-9daf-6045cb817f5b._original.png,1.00E+62
VAR_1ffa968b-8d87-11e8-9daf-6045cb817f5b._rot1.png,1.00E+62
VAR_1ffa968b-8d87-11e8-9daf-6045cb817f5b._rot2.png,1.00E+62
VAR_1ffa968b-8d87-11e8-9daf-6045cb817f5b._rot3.png,1.00E+62
VAR_1ffa968b-8d87-11e8-9daf-6045cb817f5b._rot4.png,1.00E+62
VAR_1ffa968b-8d87-11e8-9daf-6045cb817f5b._rot5.png,1.00E+62
VAR_1ffa968b-8d87-11e8-9daf-6045cb817f5b._rot6.png,1.00E+62
VAR_1ffa968d-8d87-11e8-9daf-6045cb817f5b._bright0.8.png,1.11E+62
VAR_1ffa968d-8d87-11e8-9daf-6045cb817f5b._bright0.9.png,1.11E+62
VAR_1ffa968d-8d87-11e8-9daf-6045cb817f5b._bright1.1.png,1.11E+62
VAR_1ffa968d-8d87-11e8-9daf-6045cb817f5b._bright1.2.png,1.11E+62
VAR_1ffa968d-8d87-11e8-9daf-6045cb817f5b._bright1.3.png,1.11E+62
VAR_1ffa968d-8d87-11e8-9daf-6045cb817f5b._jpeg30.png,1.10E+63
VAR_1ffa968d-8d87-11e8-9daf-6045cb817f5b._jpeg50.png,1.01E+62
VAR_1ffa968d-8d87-11e8-9daf-6045cb817f5b._jpeg70.png,1.01E+62
VAR_1ffa968d-8d87-11e8-9daf-6045cb817f5b._jpeg90.png,1.11E+62
VAR_1ffa968d-8d87-11e8-9daf-6045cb817f5b._noise0.001.png,1.11E+62
VAR_1ffa968d-8d87-11e8-9daf-6045cb817f5b._noise0.002.png,1.11E+62
VAR_1ffa968d-8d87-11e8-9daf-6045cb817f5b._noise0.003.png,1.11E+62
VAR_1ffa968d-8d87-11e8-9daf-6045cb817f5b._noise0.004.png,1.11E+62
VAR_1ffa968d-8d87-11e8-9daf-6045cb817f5b._noise0.005.png,1.11E+62
VAR_1ffa968d-8d87-11e8-9daf-6045cb817f5b._original.png,1.11E+62
VAR_1ffa968d-8d87-11e8-9daf-6045cb817f5b._rot1.png,1.01E+62
VAR_1ffa968d-8d87-11e8-9daf-6045cb817f5b._rot2.png,1.01E+62
VAR_1ffa968d-8d87-11e8-9daf-6045cb817f5b._rot3.png,1.11E+62
VAR_1ffa968d-8d87-11e8-9daf-6045cb817f5b._rot4.png,1.11E+62
VAR_1ffa968d-8d87-11e8-9daf-6045cb817f5b._rot5.png,1.11E+62
VAR_1ffa968d-8d87-11e8-9daf-6045cb817f5b._rot6.png,1.11E+62
VAR_1ffa968e-8d87-11e8-9daf-6045cb817f5b._bright0.8.png,1.11E+62
VAR_1ffa968e-8d87-11e8-9daf-6045cb817f5b._bright0.9.png,1.11E+62
VAR_1ffa968e-8d87-11e8-9daf-6045cb817f5b._bright1.1.png,1.11E+62
VAR_1ffa968e-8d87-11e8-9daf-6045cb817f5b._bright1.2.png,1.11E+62
VAR_1ffa968e-8d87-11e8-9daf-6045cb817f5b._bright1.3.png,1.11E+62
VAR_1ffa968e-8d87-11e8-9daf-6045cb817f5b._jpeg30.png,1.01E+62
VAR_1ffa968e-8d87-11e8-9daf-6045cb817f5b._jpeg50.png,1.01E+62
VAR_1ffa968e-8d87-11e8-9daf-6045cb817f5b._jpeg70.png,1.01E+62
VAR_1ffa968e-8d87-11e8-9daf-6045cb817f5b._jpeg90.png,1.11E+62
VAR_1ffa968e-8d87-11e8-9daf-6045cb817f5b._noise0.001.png,1.11E+62
VAR_1ffa968e-8d87-11e8-9daf-6045cb817f5b._noise0.002.png,1.11E+62
VAR_1ffa968e-8d87-11e8-9daf-6045cb817f5b._noise0.003.png,1.11E+62
VAR_1ffa968e-8d87-11e8-9daf-6045cb817f5b._noise0.004.png,1.11E+62
VAR_1ffa968e-8d87-11e8-9daf-6045cb817f5b._noise0.005.png,1.11E+62
VAR_1ffa968e-8d87-11e8-9daf-6045cb817f5b._original.png,1.11E+62
VAR_1ffa968e-8d87-11e8-9daf-6045cb817f5b._rot1.png,1.11E+62
VAR_1ffa968e-8d87-11e8-9daf-6045cb817f5b._rot2.png,1.11E+62
VAR_1ffa968e-8d87-11e8-9daf-6045cb817f5b._rot3.png,1.11E+62
VAR_1ffa968e-8d87-11e8-9daf-6045cb817f5b._rot4.png,1.11E+62
VAR_1ffa968e-8d87-11e8-9daf-6045cb817f5b._rot5.png,1.11E+62
VAR_1ffa968e-8d87-11e8-9daf-6045cb817f5b._rot6.png,1.11E+62
VAR_1ffa968f-8d87-11e8-9daf-6045cb817f5b._bright0.8.png,1.11E+62
VAR_1ffa968f-8d87-11e8-9daf-6045cb817f5b._bright0.9.png,1.11E+62
VAR_1ffa968f-8d87-11e8-9daf-6045cb817f5b._bright1.1.png,1.11E+62
VAR_1ffa968f-8d87-11e8-9daf-6045cb817f5b._bright1.2.png,1.11E+62
VAR_1ffa968f-8d87-11e8-9daf-6045cb817f5b._bright1.3.png,1.11E+62
VAR_1ffa968f-8d87-11e8-9daf-6045cb817f5b._jpeg30.png,1.10E+63
VAR_1ffa968f-8d87-11e8-9daf-6045cb817f5b._jpeg50.png,1.10E+63
VAR_1ffa968f-8d87-11e8-9daf-6045cb817f5b._jpeg70.png,1.10E+63
VAR_1ffa968f-8d87-11e8-9daf-6045cb817f5b._jpeg90.png,1.11E+62
VAR_1ffa968f-8d87-11e8-9daf-6045cb817f5b._noise0.001.png,1.11E+62
VAR_1ffa968f-8d87-11e8-9daf-6045cb817f5b._noise0.002.png,1.11E+62
VAR_1ffa968f-8d87-11e8-9daf-6045cb817f5b._noise0.003.png,1.11E+62
VAR_1ffa968f-8d87-11e8-9daf-6045cb817f5b._noise0.004.png,1.11E+62
VAR_1ffa968f-8d87-11e8-9daf-6045cb817f5b._noise0.005.png,1.11E+62
VAR_1ffa968f-8d87-11e8-9daf-6045cb817f5b._original.png,1.11E+62
VAR_1ffa968f-8d87-11e8-9daf-6045cb817f5b._rot1.png,1.11E+62
VAR_1ffa968f-8d87-11e8-9daf-6045cb817f5b._rot2.png,1.11E+62
VAR_1ffa968f-8d87-11e8-9daf-6045cb817f5b._rot3.png,1.11E+62
VAR_1ffa968f-8d87-11e8-9daf-6045cb817f5b._rot4.png,1.11E+62
VAR_1ffa968f-8d87-11e8-9daf-6045cb817f5b._rot5.png,1.11E+62
VAR_1ffa968f-8d87-11e8-9daf-6045cb817f5b._rot6.png,1.11E+62
VAR_BACTERIA-9559998-0001_bright0.8.png,1.01E+62
VAR_BACTERIA-9559998-0001_bright0.9.png,1.01E+62
VAR_BACTERIA-9559998-0001_bright1.1.png,1.00E+62
VAR_BACTERIA-9559998-0001_bright1.2.png,1.00E+62
VAR_BACTERIA-9559998-0001_bright1.3.png,1.00E+62
VAR_BACTERIA-9559998-0001_jpeg30.png,1.11E+62
VAR_BACTERIA-9559998-0001_jpeg50.png,1.11E+62
VAR_BACTERIA-9559998-0001_jpeg70.png,1.11E+62
VAR_BACTERIA-9559998-0001_jpeg90.png,1.10E+60
VAR_BACTERIA-9559998-0001_noise0.001.png,1.01E+62
VAR_BACTERIA-9559998-0001_noise0.002.png,1.00E+62
VAR_BACTERIA-9559998-0001_noise0.003.png,1.00E+62
VAR_BACTERIA-9559998-0001_noise0.004.png,1.01E+62
VAR_BACTERIA-9559998-0001_noise0.005.png,1.00E+62
VAR_BACTERIA-9559998-0001_original.png,1.01E+62
VAR_BACTERIA-9559998-0001_rot1.png,1.11E+62
VAR_BACTERIA-9559998-0001_rot2.png,1.11E+62
VAR_BACTERIA-9559998-0001_rot3.png,1.11E+62
VAR_BACTERIA-9559998-0001_rot4.png,1.11E+62
VAR_BACTERIA-9559998-0001_rot5.png,1.11E+62
VAR_BACTERIA-9559998-0001_rot6.png,1.11E+62
VAR_BACTERIA-9559998-0002_bright0.8.png,1.11E+62
VAR_BACTERIA-9559998-0002_bright0.9.png,1.11E+62
VAR_BACTERIA-9559998-0002_bright1.1.png,1.11E+62
VAR_BACTERIA-9559998-0002_bright1.2.png,1.11E+62
VAR_BACTERIA-9559998-0002_bright1.3.png,1.11E+62
VAR_BACTERIA-9559998-0002_jpeg30.png,1.11E+62
VAR_BACTERIA-9559998-0002_jpeg50.png,1.11E+62
VAR_BACTERIA-9559998-0002_jpeg70.png,1.11E+62
VAR_BACTERIA-9559998-0002_jpeg90.png,1.01E+62
VAR_BACTERIA-9559998-0002_noise0.001.png,1.11E+62
VAR_BACTERIA-9559998-0002_noise0.002.png,1.11E+62
VAR_BACTERIA-9559998-0002_noise0.003.png,1.11E+62
VAR_BACTERIA-9559998-0002_noise0.004.png,1.11E+62
VAR_BACTERIA-9559998-0002_noise0.005.png,1.11E+62
VAR_BACTERIA-9559998-0002_original.png,1.11E+62
VAR_BACTERIA-9559998-0002_rot1.png,1.11E+62
VAR_BACTERIA-9559998-0002_rot2.png,1.11E+62
VAR_BACTERIA-9559998-0002_rot3.png,1.11E+62
VAR_BACTERIA-9559998-0002_rot4.png,1.11E+62
VAR_BACTERIA-9559998-0002_rot5.png,1.11E+62
VAR_BACTERIA-9559998-0002_rot6.png,1.11E+62
VAR_BACTERIA-9561808-0001_bright0.8.png,1.00E+32
VAR_BACTERIA-9561808-0001_bright0.9.png,1.00E+32
VAR_BACTERIA-9561808-0001_bright1.1.png,1
VAR_BACTERIA-9561808-0001_bright1.2.png,1.01E+12
VAR_BACTERIA-9561808-0001_bright1.3.png,1.00E+32
VAR_BACTERIA-9561808-0001_jpeg30.png,1.11E+61
VAR_BACTERIA-9561808-0001_jpeg50.png,1.10E+60
VAR_BACTERIA-9561808-0001_jpeg70.png,1.11E+61
VAR_BACTERIA-9561808-0001_jpeg90.png,1.00E+60
VAR_BACTERIA-9561808-0001_noise0.001.png,1
VAR_BACTERIA-9561808-0001_noise0.002.png,1.00E+32
VAR_BACTERIA-9561808-0001_noise0.003.png,1.00E+32
VAR_BACTERIA-9561808-0001_noise0.004.png,1.00E+32
VAR_BACTERIA-9561808-0001_noise0.005.png,1.00E+32
VAR_BACTERIA-9561808-0001_original.png,10000000001
VAR_BACTERIA-9561808-0001_rot1.png,1.11E+61
VAR_BACTERIA-9561808-0001_rot2.png,1.11E+61
VAR_BACTERIA-9561808-0001_rot3.png,1.10E+60
VAR_BACTERIA-9561808-0001_rot4.png,1.11E+61
VAR_BACTERIA-9561808-0001_rot5.png,1.11E+61
VAR_BACTERIA-9561808-0001_rot6.png,1.11E+61
VAR_BACTERIA-9566232-0001_bright0.8.png,1.11E+62
VAR_BACTERIA-9566232-0001_bright0.9.png,1.11E+62
VAR_BACTERIA-9566232-0001_bright1.1.png,1.11E+62
VAR_BACTERIA-9566232-0001_bright1.2.png,1.11E+62
VAR_BACTERIA-9566232-0001_bright1.3.png,1.11E+62
VAR_BACTERIA-9566232-0001_jpeg30.png,1.11E+62
VAR_BACTERIA-9566232-0001_jpeg50.png,1.11E+62
VAR_BACTERIA-9566232-0001_jpeg70.png,1.11E+62
VAR_BACTERIA-9566232-0001_jpeg90.png,1.01E+62
VAR_BACTERIA-9566232-0001_noise0.001.png,1.11E+62
VAR_BACTERIA-9566232-0001_noise0.002.png,1.11E+62
VAR_BACTERIA-9566232-0001_noise0.003.png,1.11E+62
VAR_BACTERIA-9566232-0001_noise0.004.png,1.11E+62
VAR_BACTERIA-9566232-0001_noise0.005.png,1.11E+62
VAR_BACTERIA-9566232-0001_original.png,1.11E+62
VAR_BACTERIA-9566232-0001_rot1.png,1.11E+62
VAR_BACTERIA-9566232-0001_rot2.png,1.11E+62
VAR_BACTERIA-9566232-0001_rot3.png,1.11E+62
VAR_BACTERIA-9566232-0001_rot4.png,1.11E+62
VAR_BACTERIA-9566232-0001_rot5.png,1.11E+62
VAR_BACTERIA-9566232-0001_rot6.png,1.11E+62
VAR_BACTERIA-9566232-0002_bright0.8.png,1.11E+62
VAR_BACTERIA-9566232-0002_bright0.9.png,1.11E+62
VAR_BACTERIA-9566232-0002_bright1.1.png,1.11E+62
VAR_BACTERIA-9566232-0002_bright1.2.png,1.11E+62
VAR_BACTERIA-9566232-0002_bright1.3.png,1.11E+62
VAR_BACTERIA-9566232-0002_jpeg30.png,1.11E+61
VAR_BACTERIA-9566232-0002_jpeg50.png,1.11E+62
VAR_BACTERIA-9566232-0002_jpeg70.png,1.11E+62
VAR_BACTERIA-9566232-0002_jpeg90.png,1.11E+62
VAR_BACTERIA-9566232-0002_noise0.001.png,1.11E+62
VAR_BACTERIA-9566232-0002_noise0.002.png,1.11E+62
VAR_BACTERIA-9566232-0002_noise0.003.png,1.11E+62
VAR_BACTERIA-9566232-0002_noise0.004.png,1.11E+62
VAR_BACTERIA-9566232-0002_noise0.005.png,1.11E+62
VAR_BACTERIA-9566232-0002_original.png,1.11E+62
VAR_BACTERIA-9566232-0002_rot1.png,1.11E+62
VAR_BACTERIA-9566232-0002_rot2.png,1.11E+62
VAR_BACTERIA-9566232-0002_rot3.png,1.11E+62
VAR_BACTERIA-9566232-0002_rot4.png,1.11E+62
VAR_BACTERIA-9566232-0002_rot5.png,1.11E+62
VAR_BACTERIA-9566232-0002_rot6.png,1.11E+62
VAR_BACTERIA-9566232-0003_bright0.8.png,1.11E+62
VAR_BACTERIA-9566232-0003_bright0.9.png,1.11E+62
VAR_BACTERIA-9566232-0003_bright1.1.png,1.11E+61
VAR_BACTERIA-9566232-0003_bright1.2.png,1.11E+61
VAR_BACTERIA-9566232-0003_bright1.3.png,1.11E+61
VAR_BACTERIA-9566232-0003_jpeg30.png,1.11E+61
VAR_BACTERIA-9566232-0003_jpeg50.png,1.11E+61
VAR_BACTERIA-9566232-0003_jpeg70.png,1.11E+61
VAR_BACTERIA-9566232-0003_jpeg90.png,1.00E+60
VAR_BACTERIA-9566232-0003_noise0.001.png,1.11E+62
VAR_BACTERIA-9566232-0003_noise0.002.png,1.01E+62
VAR_BACTERIA-9566232-0003_noise0.003.png,1.11E+62
VAR_BACTERIA-9566232-0003_noise0.004.png,1.11E+62
VAR_BACTERIA-9566232-0003_noise0.005.png,1.11E+62
VAR_BACTERIA-9566232-0003_original.png,1.11E+62
VAR_BACTERIA-9566232-0003_rot1.png,1.11E+62
VAR_BACTERIA-9566232-0003_rot2.png,1.11E+62
VAR_BACTERIA-9566232-0003_rot3.png,1.11E+62
VAR_BACTERIA-9566232-0003_rot4.png,1.11E+62
VAR_BACTERIA-9566232-0003_rot5.png,1.11E+62
VAR_BACTERIA-9566232-0003_rot6.png,1.11E+62
VAR_BACTERIA-9582372-0001_bright0.8.png,1.11E+62
VAR_BACTERIA-9582372-0001_bright0.9.png,1.11E+62
VAR_BACTERIA-9582372-0001_bright1.1.png,1.11E+62
VAR_BACTERIA-9582372-0001_bright1.2.png,1.11E+62
VAR_BACTERIA-9582372-0001_bright1.3.png,1.11E+62
VAR_BACTERIA-9582372-0001_jpeg30.png,1.11E+62
VAR_BACTERIA-9582372-0001_jpeg50.png,1.11E+62
VAR_BACTERIA-9582372-0001_jpeg70.png,1.11E+62
VAR_BACTERIA-9582372-0001_jpeg90.png,1.11E+62
VAR_BACTERIA-9582372-0001_noise0.001.png,1.11E+62
VAR_BACTERIA-9582372-0001_noise0.002.png,1.11E+62
VAR_BACTERIA-9582372-0001_noise0.003.png,1.11E+62
VAR_BACTERIA-9582372-0001_noise0.004.png,1.11E+62
VAR_BACTERIA-9582372-0001_noise0.005.png,1.11E+62
VAR_BACTERIA-9582372-0001_original.png,1.11E+62
VAR_BACTERIA-9582372-0001_rot1.png,1.11E+62
VAR_BACTERIA-9582372-0001_rot2.png,1.11E+62
VAR_BACTERIA-9582372-0001_rot3.png,1.11E+62
VAR_BACTERIA-9582372-0001_rot4.png,1.11E+62
VAR_BACTERIA-9582372-0001_rot5.png,1.11E+61
VAR_BACTERIA-9582372-0001_rot6.png,1.11E+61
VAR_BACTERIA-9582372-0002_bright0.8.png,1.11E+62
VAR_BACTERIA-9582372-0002_bright0.9.png,1.11E+62
VAR_BACTERIA-9582372-0002_bright1.1.png,1.11E+62
VAR_BACTERIA-9582372-0002_bright1.2.png,1.11E+62
VAR_BACTERIA-9582372-0002_bright1.3.png,1.11E+62
VAR_BACTERIA-9582372-0002_jpeg30.png,1.11E+61
VAR_BACTERIA-9582372-0002_jpeg50.png,1.11E+62
VAR_BACTERIA-9582372-0002_jpeg70.png,1.11E+61
VAR_BACTERIA-9582372-0002_jpeg90.png,1.11E+62
VAR_BACTERIA-9582372-0002_noise0.001.png,1.11E+62
VAR_BACTERIA-9582372-0002_noise0.002.png,1.11E+62
VAR_BACTERIA-9582372-0002_noise0.003.png,1.11E+62
VAR_BACTERIA-9582372-0002_noise0.004.png,1.11E+62
VAR_BACTERIA-9582372-0002_noise0.005.png,1.11E+62
VAR_BACTERIA-9582372-0002_original.png,1.11E+62
VAR_BACTERIA-9582372-0002_rot1.png,1.11E+62
VAR_BACTERIA-9582372-0002_rot2.png,1.00E+59
VAR_BACTERIA-9582372-0002_rot3.png,1.00E+62
VAR_BACTERIA-9582372-0002_rot4.png,1.01E+62
VAR_BACTERIA-9582372-0002_rot5.png,1.01E+62
VAR_BACTERIA-9582372-0002_rot6.png,1.00E+62
VAR_BACTERIA-9582372-0003_bright0.8.png,1.11E+62
VAR_BACTERIA-9582372-0003_bright0.9.png,1.11E+62
VAR_BACTERIA-9582372-0003_bright1.1.png,1.11E+63
VAR_BACTERIA-9582372-0003_bright1.2.png,1.11E+62
VAR_BACTERIA-9582372-0003_bright1.3.png,1.11E+62
VAR_BACTERIA-9582372-0003_jpeg30.png,1.11E+61
VAR_BACTERIA-9582372-0003_jpeg50.png,1.11E+61
VAR_BACTERIA-9582372-0003_jpeg70.png,1.11E+61
VAR_BACTERIA-9582372-0003_jpeg90.png,1.11E+62
VAR_BACTERIA-9582372-0003_noise0.001.png,1.11E+62
VAR_BACTERIA-9582372-0003_noise0.002.png,1.01E+62
VAR_BACTERIA-9582372-0003_noise0.003.png,1.11E+63
VAR_BACTERIA-9582372-0003_noise0.004.png,1.11E+62
VAR_BACTERIA-9582372-0003_noise0.005.png,1.11E+62
VAR_BACTERIA-9582372-0003_original.png,1.11E+62
VAR_BACTERIA-9582372-0003_rot1.png,1.11E+62
VAR_BACTERIA-9582372-0003_rot2.png,1.11E+62
VAR_BACTERIA-9582372-0003_rot3.png,1.11E+62
VAR_BACTERIA-9582372-0003_rot4.png,1.11E+62
VAR_BACTERIA-9582372-0003_rot5.png,1.11E+62
VAR_BACTERIA-9582372-0003_rot6.png,1.11E+62
VAR_BACTERIA-9582372-0004_bright0.8.png,1.11E+62
VAR_BACTERIA-9582372-0004_bright0.9.png,1.11E+62
VAR_BACTERIA-9582372-0004_bright1.1.png,1.11E+62
VAR_BACTERIA-9582372-0004_bright1.2.png,1.11E+62
VAR_BACTERIA-9582372-0004_bright1.3.png,1.00E+60
VAR_BACTERIA-9582372-0004_jpeg30.png,1.11E+61
VAR_BACTERIA-9582372-0004_jpeg50.png,1.11E+62
VAR_BACTERIA-9582372-0004_jpeg70.png,1.11E+61
VAR_BACTERIA-9582372-0004_jpeg90.png,1.11E+62
VAR_BACTERIA-9582372-0004_noise0.001.png,1.11E+62
VAR_BACTERIA-9582372-0004_noise0.002.png,1.11E+62
VAR_BACTERIA-9582372-0004_noise0.003.png,1.11E+62
VAR_BACTERIA-9582372-0004_noise0.004.png,1.11E+62
VAR_BACTERIA-9582372-0004_noise0.005.png,1.11E+62
VAR_BACTERIA-9582372-0004_original.png,1.11E+62
VAR_BACTERIA-9582372-0004_rot1.png,1.11E+62
VAR_BACTERIA-9582372-0004_rot2.png,1.11E+62
VAR_BACTERIA-9582372-0004_rot3.png,1.11E+62
VAR_BACTERIA-9582372-0004_rot4.png,1.11E+62
VAR_BACTERIA-9582372-0004_rot5.png,1.11E+62
VAR_BACTERIA-9582372-0004_rot6.png,1.11E+62
VAR_BACTERIA-9582372-0005_bright0.8.png,1.11E+63
VAR_BACTERIA-9582372-0005_bright0.9.png,1.11E+63
VAR_BACTERIA-9582372-0005_bright1.1.png,1.11E+63
VAR_BACTERIA-9582372-0005_bright1.2.png,1.11E+62
VAR_BACTERIA-9582372-0005_bright1.3.png,1.11E+62
VAR_BACTERIA-9582372-0005_jpeg30.png,1.11E+61
VAR_BACTERIA-9582372-0005_jpeg50.png,1.11E+61
VAR_BACTERIA-9582372-0005_jpeg70.png,1.11E+61
VAR_BACTERIA-9582372-0005_jpeg90.png,1.11E+62
VAR_BACTERIA-9582372-0005_noise0.001.png,1.11E+63
VAR_BACTERIA-9582372-0005_noise0.002.png,1.11E+63
VAR_BACTERIA-9582372-0005_noise0.003.png,1.11E+63
VAR_BACTERIA-9582372-0005_noise0.004.png,1.11E+63
VAR_BACTERIA-9582372-0005_noise0.005.png,1.11E+63
VAR_BACTERIA-9582372-0005_original.png,1.11E+63
VAR_BACTERIA-9582372-0005_rot1.png,1.11E+63
VAR_BACTERIA-9582372-0005_rot2.png,1.11E+63
VAR_BACTERIA-9582372-0005_rot3.png,1.11E+63
VAR_BACTERIA-9582372-0005_rot4.png,1.11E+63
VAR_BACTERIA-9582372-0005_rot5.png,1.11E+63
VAR_BACTERIA-9582372-0005_rot6.png,1.11E+63
VAR_BACTERIA-9582372-0006_bright0.8.png,1.11E+61
VAR_BACTERIA-9582372-0006_bright0.9.png,1.11E+61
VAR_BACTERIA-9582372-0006_bright1.1.png,1.11E+61
VAR_BACTERIA-9582372-0006_bright1.2.png,1.11E+61
VAR_BACTERIA-9582372-0006_bright1.3.png,1.11E+61
VAR_BACTERIA-9582372-0006_jpeg30.png,1.11E+62
VAR_BACTERIA-9582372-0006_jpeg50.png,1.11E+62
VAR_BACTERIA-9582372-0006_jpeg70.png,1.11E+62
VAR_BACTERIA-9582372-0006_jpeg90.png,1.11E+61
VAR_BACTERIA-9582372-0006_noise0.001.png,1.11E+61
VAR_BACTERIA-9582372-0006_noise0.002.png,1.11E+61
VAR_BACTERIA-9582372-0006_noise0.003.png,1.11E+61
VAR_BACTERIA-9582372-0006_noise0.004.png,1.11E+61
VAR_BACTERIA-9582372-0006_noise0.005.png,1.11E+61
VAR_BACTERIA-9582372-0006_original.png,1.11E+61
VAR_BACTERIA-9582372-0006_rot1.png,1.11E+62
VAR_BACTERIA-9582372-0006_rot2.png,1.11E+62
VAR_BACTERIA-9582372-0006_rot3.png,1.11E+62
VAR_BACTERIA-9582372-0006_rot4.png,1.11E+61
VAR_BACTERIA-9582372-0006_rot5.png,1.11E+62
VAR_BACTERIA-9582372-0006_rot6.png,1.11E+62
VAR_BACTERIA-9582372-0007_bright0.8.png,1.11E+61
VAR_BACTERIA-9582372-0007_bright0.9.png,1.11E+61
VAR_BACTERIA-9582372-0007_bright1.1.png,1.11E+61
VAR_BACTERIA-9582372-0007_bright1.2.png,1.11E+61
VAR_BACTERIA-9582372-0007_bright1.3.png,1.11E+61
VAR_BACTERIA-9582372-0007_jpeg30.png,1.11E+61
VAR_BACTERIA-9582372-0007_jpeg50.png,1.11E+61
VAR_BACTERIA-9582372-0007_jpeg70.png,1.10E+60
VAR_BACTERIA-9582372-0007_jpeg90.png,1.00E+60
VAR_BACTERIA-9582372-0007_noise0.001.png,1.11E+61
VAR_BACTERIA-9582372-0007_noise0.002.png,1.11E+61
VAR_BACTERIA-9582372-0007_noise0.003.png,1.11E+61
VAR_BACTERIA-9582372-0007_noise0.004.png,1.11E+61
VAR_BACTERIA-9582372-0007_noise0.005.png,1.10E+60
VAR_BACTERIA-9582372-0007_original.png,1.11E+61
VAR_BACTERIA-9582372-0007_rot1.png,1.11E+61
VAR_BACTERIA-9582372-0007_rot2.png,1.11E+61
VAR_BACTERIA-9582372-0007_rot3.png,1.11E+61
VAR_BACTERIA-9582372-0007_rot4.png,1.11E+61
VAR_BACTERIA-9582372-0007_rot5.png,1.11E+61
VAR_BACTERIA-9582372-0007_rot6.png,1.11E+61
VAR_BACTERIA-9582372-0008_bright0.8.png,1.11E+61
VAR_BACTERIA-9582372-0008_bright0.9.png,1.11E+61
VAR_BACTERIA-9582372-0008_bright1.1.png,1.11E+62
VAR_BACTERIA-9582372-0008_bright1.2.png,1.11E+62
VAR_BACTERIA-9582372-0008_bright1.3.png,1.11E+62
VAR_BACTERIA-9582372-0008_jpeg30.png,1.11E+61
VAR_BACTERIA-9582372-0008_jpeg50.png,1.11E+61
VAR_BACTERIA-9582372-0008_jpeg70.png,1.11E+61
VAR_BACTERIA-9582372-0008_jpeg90.png,1.11E+61
VAR_BACTERIA-9582372-0008_noise0.001.png,1.11E+62
VAR_BACTERIA-9582372-0008_noise0.002.png,1.11E+61
VAR_BACTERIA-9582372-0008_noise0.003.png,1.11E+62
VAR_BACTERIA-9582372-0008_noise0.004.png,1.11E+62
VAR_BACTERIA-9582372-0008_noise0.005.png,1.11E+61
VAR_BACTERIA-9582372-0008_original.png,1.11E+61
VAR_BACTERIA-9582372-0008_rot1.png,1.11E+61
VAR_BACTERIA-9582372-0008_rot2.png,1.11E+62
VAR_BACTERIA-9582372-0008_rot3.png,1.11E+62
VAR_BACTERIA-9582372-0008_rot4.png,1.11E+62
VAR_BACTERIA-9582372-0008_rot5.png,1.11E+62
VAR_BACTERIA-9582372-0008_rot6.png,1.11E+62
VAR_BACTERIA-9594118-0001_bright0.8.png,1.11E+61
VAR_BACTERIA-9594118-0001_bright0.9.png,1.11E+61
VAR_BACTERIA-9594118-0001_bright1.1.png,1.11E+61
VAR_BACTERIA-9594118-0001_bright1.2.png,1.11E+61
VAR_BACTERIA-9594118-0001_bright1.3.png,1.11E+61
VAR_BACTERIA-9594118-0001_jpeg30.png,1.11E+61
VAR_BACTERIA-9594118-0001_jpeg50.png,1.11E+61
VAR_BACTERIA-9594118-0001_jpeg70.png,1.11E+61
VAR_BACTERIA-9594118-0001_jpeg90.png,1.11E+61
VAR_BACTERIA-9594118-0001_noise0.001.png,1.11E+61
VAR_BACTERIA-9594118-0001_noise0.002.png,1.11E+61
VAR_BACTERIA-9594118-0001_noise0.003.png,1.11E+61
VAR_BACTERIA-9594118-0001_noise0.004.png,1.11E+61
VAR_BACTERIA-9594118-0001_noise0.005.png,1.11E+61
VAR_BACTERIA-9594118-0001_original.png,1.11E+61
VAR_BACTERIA-9594118-0001_rot1.png,1.11E+62
VAR_BACTERIA-9594118-0001_rot2.png,1.11E+62
VAR_BACTERIA-9594118-0001_rot3.png,1.11E+61
VAR_BACTERIA-9594118-0001_rot4.png,1.11E+62
VAR_BACTERIA-9594118-0001_rot5.png,1.11E+62
VAR_BACTERIA-9594118-0001_rot6.png,1.11E+61
VAR_BACTERIA-9597998-0001_bright0.8.png,1.11E+62
VAR_BACTERIA-9597998-0001_bright0.9.png,1.11E+62
VAR_BACTERIA-9597998-0001_bright1.1.png,1.11E+62
VAR_BACTERIA-9597998-0001_bright1.2.png,1.11E+62
VAR_BACTERIA-9597998-0001_bright1.3.png,1.11E+62
VAR_BACTERIA-9597998-0001_jpeg30.png,1.11E+61
VAR_BACTERIA-9597998-0001_jpeg50.png,1.11E+61
VAR_BACTERIA-9597998-0001_jpeg70.png,1.11E+62
VAR_BACTERIA-9597998-0001_jpeg90.png,1.11E+62
VAR_BACTERIA-9597998-0001_noise0.001.png,1.11E+62
VAR_BACTERIA-9597998-0001_noise0.002.png,1.11E+62
VAR_BACTERIA-9597998-0001_noise0.003.png,1.11E+62
VAR_BACTERIA-9597998-0001_noise0.004.png,1.11E+62
VAR_BACTERIA-9597998-0001_noise0.005.png,1.11E+62
VAR_BACTERIA-9597998-0001_original.png,1.11E+62
VAR_BACTERIA-9597998-0001_rot1.png,1.11E+62
VAR_BACTERIA-9597998-0001_rot2.png,1.11E+62
VAR_BACTERIA-9597998-0001_rot3.png,1.11E+62
VAR_BACTERIA-9597998-0001_rot4.png,1.11E+61
VAR_BACTERIA-9597998-0001_rot5.png,1.11E+61
VAR_BACTERIA-9597998-0001_rot6.png,1.11E+62
VAR_BACTERIA-9597998-0002_bright0.8.png,1.11E+62
VAR_BACTERIA-9597998-0002_bright0.9.png,1.11E+62
VAR_BACTERIA-9597998-0002_bright1.1.png,1.11E+62
VAR_BACTERIA-9597998-0002_bright1.2.png,1.11E+62
VAR_BACTERIA-9597998-0002_bright1.3.png,1.11E+62
VAR_BACTERIA-9597998-0002_jpeg30.png,1.11E+61
VAR_BACTERIA-9597998-0002_jpeg50.png,1.11E+62
VAR_BACTERIA-9597998-0002_jpeg70.png,1.11E+62
VAR_BACTERIA-9597998-0002_jpeg90.png,1.11E+62
VAR_BACTERIA-9597998-0002_noise0.001.png,1.11E+62
VAR_BACTERIA-9597998-0002_noise0.002.png,1.11E+62
VAR_BACTERIA-9597998-0002_noise0.003.png,1.11E+62
VAR_BACTERIA-9597998-0002_noise0.004.png,1.11E+62
VAR_BACTERIA-9597998-0002_noise0.005.png,1.11E+62
VAR_BACTERIA-9597998-0002_original.png,1.11E+62
VAR_BACTERIA-9597998-0002_rot1.png,1.11E+62
VAR_BACTERIA-9597998-0002_rot2.png,1.11E+62
VAR_BACTERIA-9597998-0002_rot3.png,1.11E+62
VAR_BACTERIA-9597998-0002_rot4.png,1.11E+62
VAR_BACTERIA-9597998-0002_rot5.png,1.11E+62
VAR_BACTERIA-9597998-0002_rot6.png,1.11E+62
VAR_BACTERIA-9597998-0003_bright0.8.png,1.01E+62
VAR_BACTERIA-9597998-0003_bright0.9.png,1.10E+60
VAR_BACTERIA-9597998-0003_bright1.1.png,1.00E+47
VAR_BACTERIA-9597998-0003_bright1.2.png,1.00E+47
VAR_BACTERIA-9597998-0003_bright1.3.png,1.10E+47
VAR_BACTERIA-9597998-0003_jpeg30.png,1.10E+60
VAR_BACTERIA-9597998-0003_jpeg50.png,1.00E+60
VAR_BACTERIA-9597998-0003_jpeg70.png,1.10E+60
VAR_BACTERIA-9597998-0003_jpeg90.png,1.00E+34
VAR_BACTERIA-9597998-0003_noise0.001.png,1.00E+60
VAR_BACTERIA-9597998-0003_noise0.002.png,1.10E+60
VAR_BACTERIA-9597998-0003_noise0.003.png,1.00E+60
VAR_BACTERIA-9597998-0003_noise0.004.png,1.10E+60
VAR_BACTERIA-9597998-0003_noise0.005.png,1.01E+62
VAR_BACTERIA-9597998-0003_original.png,1.10E+60
VAR_BACTERIA-9597998-0003_rot1.png,1.01E+62
VAR_BACTERIA-9597998-0003_rot2.png,1.10E+60
VAR_BACTERIA-9597998-0003_rot3.png,1.10E+60
VAR_BACTERIA-9597998-0003_rot4.png,1.11E+61
VAR_BACTERIA-9597998-0003_rot5.png,1.11E+61
VAR_BACTERIA-9597998-0003_rot6.png,1.11E+61
VAR_BACTERIA-9597998-0004_bright0.8.png,1.11E+62
VAR_BACTERIA-9597998-0004_bright0.9.png,1.11E+62
VAR_BACTERIA-9597998-0004_bright1.1.png,1.11E+62
VAR_BACTERIA-9597998-0004_bright1.2.png,1.11E+62
VAR_BACTERIA-9597998-0004_bright1.3.png,1.11E+62
VAR_BACTERIA-9597998-0004_jpeg30.png,1.11E+61
VAR_BACTERIA-9597998-0004_jpeg50.png,1.11E+61
VAR_BACTERIA-9597998-0004_jpeg70.png,1.11E+62
VAR_BACTERIA-9597998-0004_jpeg90.png,1.01E+62
VAR_BACTERIA-9597998-0004_noise0.001.png,1.11E+62
VAR_BACTERIA-9597998-0004_noise0.002.png,1.11E+62
VAR_BACTERIA-9597998-0004_noise0.003.png,1.11E+62
VAR_BACTERIA-9597998-0004_noise0.004.png,1.11E+62
VAR_BACTERIA-9597998-0004_noise0.005.png,1.11E+62
VAR_BACTERIA-9597998-0004_original.png,1.11E+62
VAR_BACTERIA-9597998-0004_rot1.png,1.11E+62
VAR_BACTERIA-9597998-0004_rot2.png,1.11E+62
VAR_BACTERIA-9597998-0004_rot3.png,1.11E+62
VAR_BACTERIA-9597998-0004_rot4.png,1.11E+62
VAR_BACTERIA-9597998-0004_rot5.png,1.11E+62
VAR_BACTERIA-9597998-0004_rot6.png,1.01E+62
VAR_BACTERIA-9597998-0005_bright0.8.png,1.11E+62
VAR_BACTERIA-9597998-0005_bright0.9.png,1.11E+62
VAR_BACTERIA-9597998-0005_bright1.1.png,1.11E+62
VAR_BACTERIA-9597998-0005_bright1.2.png,1.11E+62
VAR_BACTERIA-9597998-0005_bright1.3.png,1.11E+62
VAR_BACTERIA-9597998-0005_jpeg30.png,1.11E+61
VAR_BACTERIA-9597998-0005_jpeg50.png,1.11E+62
VAR_BACTERIA-9597998-0005_jpeg70.png,1.11E+62
VAR_BACTERIA-9597998-0005_jpeg90.png,1.01E+62
VAR_BACTERIA-9597998-0005_noise0.001.png,1.11E+62
VAR_BACTERIA-9597998-0005_noise0.002.png,1.11E+62
VAR_BACTERIA-9597998-0005_noise0.003.png,1.11E+62
VAR_BACTERIA-9597998-0005_noise0.004.png,1.11E+62
VAR_BACTERIA-9597998-0005_noise0.005.png,1.11E+62
VAR_BACTERIA-9597998-0005_original.png,1.11E+62
VAR_BACTERIA-9597998-0005_rot1.png,1.11E+62
VAR_BACTERIA-9597998-0005_rot2.png,1.11E+62
VAR_BACTERIA-9597998-0005_rot3.png,1.11E+62
VAR_BACTERIA-9597998-0005_rot4.png,1.11E+62
VAR_BACTERIA-9597998-0005_rot5.png,1.11E+62
VAR_BACTERIA-9597998-0005_rot6.png,1.11E+62
VAR_BACTERIA-9597998-0006_bright0.8.png,1.11E+62
VAR_BACTERIA-9597998-0006_bright0.9.png,1.11E+62
VAR_BACTERIA-9597998-0006_bright1.1.png,1.11E+62
VAR_BACTERIA-9597998-0006_bright1.2.png,1.11E+61
VAR_BACTERIA-9597998-0006_bright1.3.png,1.11E+61
VAR_BACTERIA-9597998-0006_jpeg30.png,1.11E+61
VAR_BACTERIA-9597998-0006_jpeg50.png,1.11E+61
VAR_BACTERIA-9597998-0006_jpeg70.png,1.11E+61
VAR_BACTERIA-9597998-0006_jpeg90.png,1.11E+62
VAR_BACTERIA-9597998-0006_noise0.001.png,1.11E+62
VAR_BACTERIA-9597998-0006_noise0.002.png,1.11E+62
VAR_BACTERIA-9597998-0006_noise0.003.png,1.11E+62
VAR_BACTERIA-9597998-0006_noise0.004.png,1.11E+62
VAR_BACTERIA-9597998-0006_noise0.005.png,1.11E+62
VAR_BACTERIA-9597998-0006_original.png,1.11E+62
VAR_BACTERIA-9597998-0006_rot1.png,1.11E+62
VAR_BACTERIA-9597998-0006_rot2.png,1.11E+62
VAR_BACTERIA-9597998-0006_rot3.png,1.11E+62
VAR_BACTERIA-9597998-0006_rot4.png,1.11E+62
VAR_BACTERIA-9597998-0006_rot5.png,1.11E+61
VAR_BACTERIA-9597998-0006_rot6.png,1.11E+61
VAR_BACTERIA-9613278-0001_bright0.8.png,1.11E+62
VAR_BACTERIA-9613278-0001_bright0.9.png,1.11E+62
VAR_BACTERIA-9613278-0001_bright1.1.png,1.11E+62
VAR_BACTERIA-9613278-0001_bright1.2.png,1.11E+62
VAR_BACTERIA-9613278-0001_bright1.3.png,1.11E+62
VAR_BACTERIA-9613278-0001_jpeg30.png,1.11E+62
VAR_BACTERIA-9613278-0001_jpeg50.png,1.11E+62
VAR_BACTERIA-9613278-0001_jpeg70.png,1.11E+62
VAR_BACTERIA-9613278-0001_jpeg90.png,1.11E+62
VAR_BACTERIA-9613278-0001_noise0.001.png,1.11E+62
VAR_BACTERIA-9613278-0001_noise0.002.png,1.11E+62
VAR_BACTERIA-9613278-0001_noise0.003.png,1.11E+62
VAR_BACTERIA-9613278-0001_noise0.004.png,1.11E+62
VAR_BACTERIA-9613278-0001_noise0.005.png,1.11E+62
VAR_BACTERIA-9613278-0001_original.png,1.11E+62
VAR_BACTERIA-9613278-0001_rot1.png,1.11E+62
VAR_BACTERIA-9613278-0001_rot2.png,1.11E+62
VAR_BACTERIA-9613278-0001_rot3.png,1.11E+62
VAR_BACTERIA-9613278-0001_rot4.png,1.11E+62
VAR_BACTERIA-9613278-0001_rot5.png,1.11E+62
VAR_BACTERIA-9613278-0001_rot6.png,1.11E+62
VAR_BACTERIA-9620226-0001_bright0.8.png,1.11E+62
VAR_BACTERIA-9620226-0001_bright0.9.png,1.11E+62
VAR_BACTERIA-9620226-0001_bright1.1.png,1.11E+62
VAR_BACTERIA-9620226-0001_bright1.2.png,1.11E+62
VAR_BACTERIA-9620226-0001_bright1.3.png,1.11E+62
VAR_BACTERIA-9620226-0001_jpeg30.png,1.11E+61
VAR_BACTERIA-9620226-0001_jpeg50.png,1.11E+62
VAR_BACTERIA-9620226-0001_jpeg70.png,1.11E+62
VAR_BACTERIA-9620226-0001_jpeg90.png,1.11E+62
VAR_BACTERIA-9620226-0001_noise0.001.png,1.11E+62
VAR_BACTERIA-9620226-0001_noise0.002.png,1.11E+62
VAR_BACTERIA-9620226-0001_noise0.003.png,1.11E+62
VAR_BACTERIA-9620226-0001_noise0.004.png,1.11E+62
VAR_BACTERIA-9620226-0001_noise0.005.png,1.11E+62
VAR_BACTERIA-9620226-0001_original.png,1.11E+62
VAR_BACTERIA-9620226-0001_rot1.png,1.11E+62
VAR_BACTERIA-9620226-0001_rot2.png,1.11E+62
VAR_BACTERIA-9620226-0001_rot3.png,1.11E+62
VAR_BACTERIA-9620226-0001_rot4.png,1.11E+62
VAR_BACTERIA-9620226-0001_rot5.png,1.11E+62
VAR_BACTERIA-9620226-0001_rot6.png,1.11E+62
VAR_BACTERIA-9620226-0002_bright0.8.png,1.11E+62
VAR_BACTERIA-9620226-0002_bright0.9.png,1.11E+62
VAR_BACTERIA-9620226-0002_bright1.1.png,1.11E+62
VAR_BACTERIA-9620226-0002_bright1.2.png,1.11E+62
VAR_BACTERIA-9620226-0002_bright1.3.png,1.11E+62
VAR_BACTERIA-9620226-0002_jpeg30.png,1.11E+62
VAR_BACTERIA-9620226-0002_jpeg50.png,1.11E+62
VAR_BACTERIA-9620226-0002_jpeg70.png,1.11E+62
VAR_BACTERIA-9620226-0002_jpeg90.png,1.11E+62
VAR_BACTERIA-9620226-0002_noise0.001.png,1.11E+62
VAR_BACTERIA-9620226-0002_noise0.002.png,1.11E+62
VAR_BACTERIA-9620226-0002_noise0.003.png,1.11E+62
VAR_BACTERIA-9620226-0002_noise0.004.png,1.11E+62
VAR_BACTERIA-9620226-0002_noise0.005.png,1.11E+62
VAR_BACTERIA-9620226-0002_original.png,1.11E+62
VAR_BACTERIA-9620226-0002_rot1.png,1.11E+62
VAR_BACTERIA-9620226-0002_rot2.png,1.11E+62
VAR_BACTERIA-9620226-0002_rot3.png,1.11E+62
VAR_BACTERIA-9620226-0002_rot4.png,1.11E+62
VAR_BACTERIA-9620226-0002_rot5.png,1.11E+62
VAR_BACTERIA-9620226-0002_rot6.png,1.11E+62
VAR_BACTERIA-9624424-0001_bright0.8.png,1.11E+62
VAR_BACTERIA-9624424-0001_bright0.9.png,1.11E+62
VAR_BACTERIA-9624424-0001_bright1.1.png,1.11E+62
VAR_BACTERIA-9624424-0001_bright1.2.png,1.11E+62
VAR_BACTERIA-9624424-0001_bright1.3.png,1.11E+62
VAR_BACTERIA-9624424-0001_jpeg30.png,1.11E+62
VAR_BACTERIA-9624424-0001_jpeg50.png,1.11E+62
VAR_BACTERIA-9624424-0001_jpeg70.png,1.11E+62
VAR_BACTERIA-9624424-0001_jpeg90.png,1.11E+62
VAR_BACTERIA-9624424-0001_noise0.001.png,1.11E+62
VAR_BACTERIA-9624424-0001_noise0.002.png,1.11E+62
VAR_BACTERIA-9624424-0001_noise0.003.png,1.11E+62
VAR_BACTERIA-9624424-0001_noise0.004.png,1.11E+62
VAR_BACTERIA-9624424-0001_noise0.005.png,1.11E+62
VAR_BACTERIA-9624424-0001_original.png,1.11E+62
VAR_BACTERIA-9624424-0001_rot1.png,1.11E+62
VAR_BACTERIA-9624424-0001_rot2.png,1.11E+62
VAR_BACTERIA-9624424-0001_rot3.png,1.11E+62
VAR_BACTERIA-9624424-0001_rot4.png,1.11E+62
VAR_BACTERIA-9624424-0001_rot5.png,1.11E+62
VAR_BACTERIA-9624424-0001_rot6.png,1.11E+62
VAR_BACTERIA-9629926-0001_bright0.8.png,1.01E+62
VAR_BACTERIA-9629926-0001_bright0.9.png,1.01E+62
VAR_BACTERIA-9629926-0001_bright1.1.png,1.01E+62
VAR_BACTERIA-9629926-0001_bright1.2.png,1.01E+62
VAR_BACTERIA-9629926-0001_bright1.3.png,1.01E+62
VAR_BACTERIA-9629926-0001_jpeg30.png,1.11E+62
VAR_BACTERIA-9629926-0001_jpeg50.png,1.11E+62
VAR_BACTERIA-9629926-0001_jpeg70.png,1.11E+62
VAR_BACTERIA-9629926-0001_jpeg90.png,1.00E+62
VAR_BACTERIA-9629926-0001_noise0.001.png,1.01E+62
VAR_BACTERIA-9629926-0001_noise0.002.png,1.01E+62
VAR_BACTERIA-9629926-0001_noise0.003.png,1.01E+62
VAR_BACTERIA-9629926-0001_noise0.004.png,1.01E+62
VAR_BACTERIA-9629926-0001_noise0.005.png,1.01E+62
VAR_BACTERIA-9629926-0001_original.png,1.01E+62
VAR_BACTERIA-9629926-0001_rot1.png,1.01E+62
VAR_BACTERIA-9629926-0001_rot2.png,1.01E+62
VAR_BACTERIA-9629926-0001_rot3.png,1.00E+62
VAR_BACTERIA-9629926-0001_rot4.png,1.00E+62
VAR_BACTERIA-9629926-0001_rot5.png,1.01E+62
VAR_BACTERIA-9629926-0001_rot6.png,1.00E+62
VAR_BACTERIA-9630762-0001_bright0.8.png,1.11E+62
VAR_BACTERIA-9630762-0001_bright0.9.png,1.11E+62
VAR_BACTERIA-9630762-0001_bright1.1.png,1.11E+62
VAR_BACTERIA-9630762-0001_bright1.2.png,1.11E+62
VAR_BACTERIA-9630762-0001_bright1.3.png,1.11E+62
VAR_BACTERIA-9630762-0001_jpeg30.png,1.11E+61
VAR_BACTERIA-9630762-0001_jpeg50.png,1.11E+62
VAR_BACTERIA-9630762-0001_jpeg70.png,1.11E+62
VAR_BACTERIA-9630762-0001_jpeg90.png,1.11E+62
VAR_BACTERIA-9630762-0001_noise0.001.png,1.11E+62
VAR_BACTERIA-9630762-0001_noise0.002.png,1.11E+62
VAR_BACTERIA-9630762-0001_noise0.003.png,1.11E+62
VAR_BACTERIA-9630762-0001_noise0.004.png,1.11E+62
VAR_BACTERIA-9630762-0001_noise0.005.png,1.11E+62
VAR_BACTERIA-9630762-0001_original.png,1.11E+62
VAR_BACTERIA-9630762-0001_rot1.png,1.11E+63
VAR_BACTERIA-9630762-0001_rot2.png,1.11E+63
VAR_BACTERIA-9630762-0001_rot3.png,1.11E+62
VAR_BACTERIA-9630762-0001_rot4.png,1.11E+62
VAR_BACTERIA-9630762-0001_rot5.png,1.11E+62
VAR_BACTERIA-9630762-0001_rot6.png,1.11E+62
VAR_BACTERIA-9634181-0001_bright0.8.png,1.11E+62
VAR_BACTERIA-9634181-0001_bright0.9.png,1.11E+62
VAR_BACTERIA-9634181-0001_bright1.1.png,1.11E+62
VAR_BACTERIA-9634181-0001_bright1.2.png,1.11E+62
VAR_BACTERIA-9634181-0001_bright1.3.png,1.11E+62
VAR_BACTERIA-9634181-0001_jpeg30.png,1.11E+61
VAR_BACTERIA-9634181-0001_jpeg50.png,1.11E+62
VAR_BACTERIA-9634181-0001_jpeg70.png,1.11E+61
VAR_BACTERIA-9634181-0001_jpeg90.png,1.11E+62
VAR_BACTERIA-9634181-0001_noise0.001.png,1.11E+62
VAR_BACTERIA-9634181-0001_noise0.002.png,1.11E+62
VAR_BACTERIA-9634181-0001_noise0.003.png,1.11E+62
VAR_BACTERIA-9634181-0001_noise0.004.png,1.11E+62
VAR_BACTERIA-9634181-0001_noise0.005.png,1.11E+62
VAR_BACTERIA-9634181-0001_original.png,1.11E+62
VAR_BACTERIA-9634181-0001_rot1.png,1.11E+62
VAR_BACTERIA-9634181-0001_rot2.png,1.11E+62
VAR_BACTERIA-9634181-0001_rot3.png,1.11E+62
VAR_BACTERIA-9634181-0001_rot4.png,1.11E+62
VAR_BACTERIA-9634181-0001_rot5.png,1.11E+62
VAR_BACTERIA-9634181-0001_rot6.png,1.11E+62
VAR_BACTERIA-9650164-0001_bright0.8.png,1.11E+62
VAR_BACTERIA-9650164-0001_bright0.9.png,1.11E+62
VAR_BACTERIA-9650164-0001_bright1.1.png,1.11E+62
VAR_BACTERIA-9650164-0001_bright1.2.png,1.11E+62
VAR_BACTERIA-9650164-0001_bright1.3.png,1.11E+62
VAR_BACTERIA-9650164-0001_jpeg30.png,1.11E+61
VAR_BACTERIA-9650164-0001_jpeg50.png,1.11E+62
VAR_BACTERIA-9650164-0001_jpeg70.png,1.11E+62
VAR_BACTERIA-9650164-0001_jpeg90.png,1.11E+62
VAR_BACTERIA-9650164-0001_noise0.001.png,1.11E+62
VAR_BACTERIA-9650164-0001_noise0.002.png,1.11E+62
VAR_BACTERIA-9650164-0001_noise0.003.png,1.11E+62
VAR_BACTERIA-9650164-0001_noise0.004.png,1.11E+62
VAR_BACTERIA-9650164-0001_noise0.005.png,1.11E+62
VAR_BACTERIA-9650164-0001_original.png,1.11E+62
VAR_BACTERIA-9650164-0001_rot1.png,1.11E+62
VAR_BACTERIA-9650164-0001_rot2.png,1.11E+62
VAR_BACTERIA-9650164-0001_rot3.png,1.11E+62
VAR_BACTERIA-9650164-0001_rot4.png,1.11E+62
VAR_BACTERIA-9650164-0001_rot5.png,1.11E+62
VAR_BACTERIA-9650164-0001_rot6.png,1.11E+62
VAR_BACTERIA-9674936-0001_bright0.8.png,1.10E+60
VAR_BACTERIA-9674936-0001_bright0.9.png,1.10E+60
VAR_BACTERIA-9674936-0001_bright1.1.png,1.10E+60
VAR_BACTERIA-9674936-0001_bright1.2.png,1.10E+60
VAR_BACTERIA-9674936-0001_bright1.3.png,1.10E+60
VAR_BACTERIA-9674936-0001_jpeg30.png,1.11E+61
VAR_BACTERIA-9674936-0001_jpeg50.png,1.11E+62
VAR_BACTERIA-9674936-0001_jpeg70.png,1.11E+61
VAR_BACTERIA-9674936-0001_jpeg90.png,1.11E+61
VAR_BACTERIA-9674936-0001_noise0.001.png,1.10E+60
VAR_BACTERIA-9674936-0001_noise0.002.png,1.10E+60
VAR_BACTERIA-9674936-0001_noise0.003.png,1.10E+60
VAR_BACTERIA-9674936-0001_noise0.004.png,1.10E+60
VAR_BACTERIA-9674936-0001_noise0.005.png,1.10E+60
VAR_BACTERIA-9674936-0001_original.png,1.10E+60
VAR_BACTERIA-9674936-0001_rot1.png,1.10E+60
VAR_BACTERIA-9674936-0001_rot2.png,1.11E+61
VAR_BACTERIA-9674936-0001_rot3.png,1.11E+61
VAR_BACTERIA-9674936-0001_rot4.png,1.11E+61
VAR_BACTERIA-9674936-0001_rot5.png,1.11E+61
VAR_BACTERIA-9674936-0001_rot6.png,1.11E+61
VAR_BACTERIA-9674936-0002_bright0.8.png,1.10E+60
VAR_BACTERIA-9674936-0002_bright0.9.png,1.10E+60
VAR_BACTERIA-9674936-0002_bright1.1.png,1.11E+61
VAR_BACTERIA-9674936-0002_bright1.2.png,1.11E+61
VAR_BACTERIA-9674936-0002_bright1.3.png,1.11E+61
VAR_BACTERIA-9674936-0002_jpeg30.png,1.11E+61
VAR_BACTERIA-9674936-0002_jpeg50.png,1.01E+63
VAR_BACTERIA-9674936-0002_jpeg70.png,1.11E+61
VAR_BACTERIA-9674936-0002_jpeg90.png,1.10E+60
VAR_BACTERIA-9674936-0002_noise0.001.png,1.10E+60
VAR_BACTERIA-9674936-0002_noise0.002.png,1.10E+60
VAR_BACTERIA-9674936-0002_noise0.003.png,1.10E+60
VAR_BACTERIA-9674936-0002_noise0.004.png,1.10E+60
VAR_BACTERIA-9674936-0002_noise0.005.png,1.10E+60
VAR_BACTERIA-9674936-0002_original.png,1.10E+60
VAR_BACTERIA-9674936-0002_rot1.png,1.11E+62
VAR_BACTERIA-9674936-0002_rot2.png,1.11E+61
VAR_BACTERIA-9674936-0002_rot3.png,1.11E+61
VAR_BACTERIA-9674936-0002_rot4.png,1.11E+61
VAR_BACTERIA-9674936-0002_rot5.png,1.11E+61
VAR_BACTERIA-9674936-0002_rot6.png,1.10E+60
VAR_BACTERIA-9674936-0003_bright0.8.png,1.11E+62
VAR_BACTERIA-9674936-0003_bright0.9.png,1.11E+62
VAR_BACTERIA-9674936-0003_bright1.1.png,1.11E+62
VAR_BACTERIA-9674936-0003_bright1.2.png,1.11E+62
VAR_BACTERIA-9674936-0003_bright1.3.png,1.11E+62
VAR_BACTERIA-9674936-0003_jpeg30.png,1.11E+61
VAR_BACTERIA-9674936-0003_jpeg50.png,1.11E+61
VAR_BACTERIA-9674936-0003_jpeg70.png,1.11E+61
VAR_BACTERIA-9674936-0003_jpeg90.png,1.11E+61
VAR_BACTERIA-9674936-0003_noise0.001.png,1.11E+62
VAR_BACTERIA-9674936-0003_noise0.002.png,1.11E+62
VAR_BACTERIA-9674936-0003_noise0.003.png,1.11E+62
VAR_BACTERIA-9674936-0003_noise0.004.png,1.11E+62
VAR_BACTERIA-9674936-0003_noise0.005.png,1.11E+62
VAR_BACTERIA-9674936-0003_original.png,1.11E+62
VAR_BACTERIA-9674936-0003_rot1.png,1.11E+62
VAR_BACTERIA-9674936-0003_rot2.png,1.11E+62
VAR_BACTERIA-9674936-0003_rot3.png,1.11E+62
VAR_BACTERIA-9674936-0003_rot4.png,1.11E+62
VAR_BACTERIA-9674936-0003_rot5.png,1.11E+62
VAR_BACTERIA-9674936-0003_rot6.png,1.11E+62
VAR_BACTERIA-9674936-0004_bright0.8.png,1.11E+62
VAR_BACTERIA-9674936-0004_bright0.9.png,1.11E+61
VAR_BACTERIA-9674936-0004_bright1.1.png,1.11E+61
VAR_BACTERIA-9674936-0004_bright1.2.png,1.11E+61
VAR_BACTERIA-9674936-0004_bright1.3.png,1.11E+61
VAR_BACTERIA-9674936-0004_jpeg30.png,1.11E+61
VAR_BACTERIA-9674936-0004_jpeg50.png,1.11E+62
VAR_BACTERIA-9674936-0004_jpeg70.png,1.11E+61
VAR_BACTERIA-9674936-0004_jpeg90.png,1.11E+61
VAR_BACTERIA-9674936-0004_noise0.001.png,1.11E+62
VAR_BACTERIA-9674936-0004_noise0.002.png,1.11E+62
VAR_BACTERIA-9674936-0004_noise0.003.png,1.11E+62
VAR_BACTERIA-9674936-0004_noise0.004.png,1.11E+61
VAR_BACTERIA-9674936-0004_noise0.005.png,1.11E+61
VAR_BACTERIA-9674936-0004_original.png,1.11E+61
VAR_BACTERIA-9674936-0004_rot1.png,1.11E+62
VAR_BACTERIA-9674936-0004_rot2.png,1.11E+62
VAR_BACTERIA-9674936-0004_rot3.png,1.11E+62
VAR_BACTERIA-9674936-0004_rot4.png,1.11E+62
VAR_BACTERIA-9674936-0004_rot5.png,1.11E+62
VAR_BACTERIA-9674936-0004_rot6.png,1.11E+62
VAR_BACTERIA-9674936-0005_bright0.8.png,1.11E+62
VAR_BACTERIA-9674936-0005_bright0.9.png,1.11E+62
VAR_BACTERIA-9674936-0005_bright1.1.png,1.11E+62
VAR_BACTERIA-9674936-0005_bright1.2.png,1.11E+62
VAR_BACTERIA-9674936-0005_bright1.3.png,1.11E+62
VAR_BACTERIA-9674936-0005_jpeg30.png,1.11E+61
VAR_BACTERIA-9674936-0005_jpeg50.png,1.11E+62
VAR_BACTERIA-9674936-0005_jpeg70.png,1.11E+62
VAR_BACTERIA-9674936-0005_jpeg90.png,1.11E+62
VAR_BACTERIA-9674936-0005_noise0.001.png,1.11E+62
VAR_BACTERIA-9674936-0005_noise0.002.png,1.11E+62
VAR_BACTERIA-9674936-0005_noise0.003.png,1.11E+62
VAR_BACTERIA-9674936-0005_noise0.004.png,1.11E+62
VAR_BACTERIA-9674936-0005_noise0.005.png,1.11E+62
VAR_BACTERIA-9674936-0005_original.png,1.11E+62
VAR_BACTERIA-9674936-0005_rot1.png,1.11E+62
VAR_BACTERIA-9674936-0005_rot2.png,1.11E+62
VAR_BACTERIA-9674936-0005_rot3.png,1.11E+62
VAR_BACTERIA-9674936-0005_rot4.png,1.11E+62
VAR_BACTERIA-9674936-0005_rot5.png,1.11E+62
VAR_BACTERIA-9674936-0005_rot6.png,1.11E+62
VAR_BACTERIA-9674936-0006_bright0.8.png,1.11E+62
VAR_BACTERIA-9674936-0006_bright0.9.png,1.11E+62
VAR_BACTERIA-9674936-0006_bright1.1.png,1.11E+62
VAR_BACTERIA-9674936-0006_bright1.2.png,1.11E+62
VAR_BACTERIA-9674936-0006_bright1.3.png,1.11E+62
VAR_BACTERIA-9674936-0006_jpeg30.png,1.11E+62
VAR_BACTERIA-9674936-0006_jpeg50.png,1.11E+62
VAR_BACTERIA-9674936-0006_jpeg70.png,1.11E+62
VAR_BACTERIA-9674936-0006_jpeg90.png,1.11E+61
VAR_BACTERIA-9674936-0006_noise0.001.png,1.11E+62
VAR_BACTERIA-9674936-0006_noise0.002.png,1.11E+62
VAR_BACTERIA-9674936-0006_noise0.003.png,1.11E+62
VAR_BACTERIA-9674936-0006_noise0.004.png,1.11E+62
VAR_BACTERIA-9674936-0006_noise0.005.png,1.11E+62
VAR_BACTERIA-9674936-0006_original.png,1.11E+62
VAR_BACTERIA-9674936-0006_rot1.png,1.11E+62
VAR_BACTERIA-9674936-0006_rot2.png,1.11E+62
VAR_BACTERIA-9674936-0006_rot3.png,1.11E+62
VAR_BACTERIA-9674936-0006_rot4.png,1.11E+62
VAR_BACTERIA-9674936-0006_rot5.png,1.11E+62
VAR_BACTERIA-9674936-0006_rot6.png,1.11E+62
VAR_BACTERIA-9677398-0001_bright0.8.png,1.11E+62
VAR_BACTERIA-9677398-0001_bright0.9.png,1.11E+62
VAR_BACTERIA-9677398-0001_bright1.1.png,1.11E+62
VAR_BACTERIA-9677398-0001_bright1.2.png,1.11E+62
VAR_BACTERIA-9677398-0001_bright1.3.png,1.11E+62
VAR_BACTERIA-9677398-0001_jpeg30.png,1.11E+62
VAR_BACTERIA-9677398-0001_jpeg50.png,1.11E+62
VAR_BACTERIA-9677398-0001_jpeg70.png,1.11E+62
VAR_BACTERIA-9677398-0001_jpeg90.png,1.11E+62
VAR_BACTERIA-9677398-0001_noise0.001.png,1.11E+62
VAR_BACTERIA-9677398-0001_noise0.002.png,1.11E+62
VAR_BACTERIA-9677398-0001_noise0.003.png,1.11E+62
VAR_BACTERIA-9677398-0001_noise0.004.png,1.11E+62
VAR_BACTERIA-9677398-0001_noise0.005.png,1.11E+62
VAR_BACTERIA-9677398-0001_original.png,1.11E+62
VAR_BACTERIA-9677398-0001_rot1.png,1.11E+62
VAR_BACTERIA-9677398-0001_rot2.png,1.11E+62
VAR_BACTERIA-9677398-0001_rot3.png,1.11E+62
VAR_BACTERIA-9677398-0001_rot4.png,1.11E+62
VAR_BACTERIA-9677398-0001_rot5.png,1.11E+62
VAR_BACTERIA-9677398-0001_rot6.png,1.11E+62
VAR_BACTERIA-9682067-0001_bright0.8.png,1.11E+62
VAR_BACTERIA-9682067-0001_bright0.9.png,1.11E+62
VAR_BACTERIA-9682067-0001_bright1.1.png,1.11E+62
VAR_BACTERIA-9682067-0001_bright1.2.png,1.01E+62
VAR_BACTERIA-9682067-0001_bright1.3.png,1.01E+62
VAR_BACTERIA-9682067-0001_jpeg30.png,1.11E+62
VAR_BACTERIA-9682067-0001_jpeg50.png,1.11E+61
VAR_BACTERIA-9682067-0001_jpeg70.png,1.11E+62
VAR_BACTERIA-9682067-0001_jpeg90.png,1.01E+62
VAR_BACTERIA-9682067-0001_noise0.001.png,1.11E+62
VAR_BACTERIA-9682067-0001_noise0.002.png,1.11E+62
VAR_BACTERIA-9682067-0001_noise0.003.png,1.11E+62
VAR_BACTERIA-9682067-0001_noise0.004.png,1.11E+62
VAR_BACTERIA-9682067-0001_noise0.005.png,1.11E+62
VAR_BACTERIA-9682067-0001_original.png,1.11E+62
VAR_BACTERIA-9682067-0001_rot1.png,1.11E+62
VAR_BACTERIA-9682067-0001_rot2.png,1.11E+62
VAR_BACTERIA-9682067-0001_rot3.png,1.11E+62
VAR_BACTERIA-9682067-0001_rot4.png,1.11E+62
VAR_BACTERIA-9682067-0001_rot5.png,1.11E+62
VAR_BACTERIA-9682067-0001_rot6.png,1.11E+62
VAR_BACTERIA-9722112-0001_bright0.8.png,1.11E+61
VAR_BACTERIA-9722112-0001_bright0.9.png,1.11E+61
VAR_BACTERIA-9722112-0001_bright1.1.png,1.11E+62
VAR_BACTERIA-9722112-0001_bright1.2.png,1.11E+62
VAR_BACTERIA-9722112-0001_bright1.3.png,1.11E+62
VAR_BACTERIA-9722112-0001_jpeg30.png,1.11E+62
VAR_BACTERIA-9722112-0001_jpeg50.png,1.11E+62
VAR_BACTERIA-9722112-0001_jpeg70.png,1.11E+62
VAR_BACTERIA-9722112-0001_jpeg90.png,1.11E+62
VAR_BACTERIA-9722112-0001_noise0.001.png,1.11E+62
VAR_BACTERIA-9722112-0001_noise0.002.png,1.11E+62
VAR_BACTERIA-9722112-0001_noise0.003.png,1.11E+62
VAR_BACTERIA-9722112-0001_noise0.004.png,1.11E+62
VAR_BACTERIA-9722112-0001_noise0.005.png,1.11E+62
VAR_BACTERIA-9722112-0001_original.png,1.11E+62
VAR_BACTERIA-9722112-0001_rot1.png,1.11E+62
VAR_BACTERIA-9722112-0001_rot2.png,1.11E+62
VAR_BACTERIA-9722112-0001_rot3.png,1.11E+61
VAR_BACTERIA-9722112-0001_rot4.png,1.11E+62
VAR_BACTERIA-9722112-0001_rot5.png,1.11E+62
VAR_BACTERIA-9722112-0001_rot6.png,1.11E+62
VAR_BACTERIA-9723601-0001_bright0.8.png,1.01E+62
VAR_BACTERIA-9723601-0001_bright0.9.png,1.01E+62
VAR_BACTERIA-9723601-0001_bright1.1.png,1.10E+60
VAR_BACTERIA-9723601-0001_bright1.2.png,1.10E+60
VAR_BACTERIA-9723601-0001_bright1.3.png,1.10E+60
VAR_BACTERIA-9723601-0001_jpeg30.png,1.11E+61
VAR_BACTERIA-9723601-0001_jpeg50.png,1.11E+62
VAR_BACTERIA-9723601-0001_jpeg70.png,1.11E+62
VAR_BACTERIA-9723601-0001_jpeg90.png,1.01E+62
VAR_BACTERIA-9723601-0001_noise0.001.png,1.01E+62
VAR_BACTERIA-9723601-0001_noise0.002.png,1.01E+62
VAR_BACTERIA-9723601-0001_noise0.003.png,1.01E+62
VAR_BACTERIA-9723601-0001_noise0.004.png,1.01E+62
VAR_BACTERIA-9723601-0001_noise0.005.png,1.01E+62
VAR_BACTERIA-9723601-0001_original.png,1.01E+62
VAR_BACTERIA-9723601-0001_rot1.png,1.01E+62
VAR_BACTERIA-9723601-0001_rot2.png,1.01E+62
VAR_BACTERIA-9723601-0001_rot3.png,1.11E+62
VAR_BACTERIA-9723601-0001_rot4.png,1.11E+62
VAR_BACTERIA-9723601-0001_rot5.png,1.11E+62
VAR_BACTERIA-9723601-0001_rot6.png,1.11E+62
VAR_BACTERIA-9727802-0001_bright0.8.png,1.11E+62
VAR_BACTERIA-9727802-0001_bright0.9.png,1.11E+62
VAR_BACTERIA-9727802-0001_bright1.1.png,1.01E+62
VAR_BACTERIA-9727802-0001_bright1.2.png,1.01E+62
VAR_BACTERIA-9727802-0001_bright1.3.png,1.01E+62
VAR_BACTERIA-9727802-0001_jpeg30.png,1.11E+61
VAR_BACTERIA-9727802-0001_jpeg50.png,1.11E+61
VAR_BACTERIA-9727802-0001_jpeg70.png,1.11E+61
VAR_BACTERIA-9727802-0001_jpeg90.png,1.11E+62
VAR_BACTERIA-9727802-0001_noise0.001.png,1.01E+62
VAR_BACTERIA-9727802-0001_noise0.002.png,1.01E+62
VAR_BACTERIA-9727802-0001_noise0.003.png,1.01E+62
VAR_BACTERIA-9727802-0001_noise0.004.png,1.01E+62
VAR_BACTERIA-9727802-0001_noise0.005.png,1.01E+62
VAR_BACTERIA-9727802-0001_original.png,1.01E+62
VAR_BACTERIA-9727802-0001_rot1.png,1.11E+62
VAR_BACTERIA-9727802-0001_rot2.png,1.11E+62
VAR_BACTERIA-9727802-0001_rot3.png,1.01E+62
VAR_BACTERIA-9727802-0001_rot4.png,1.01E+62
VAR_BACTERIA-9727802-0001_rot5.png,1.01E+62
VAR_BACTERIA-9727802-0001_rot6.png,1.01E+62
VAR_BACTERIA-9727803-0001_bright0.8.png,1.11E+62
VAR_BACTERIA-9727803-0001_bright0.9.png,1.11E+62
VAR_BACTERIA-9727803-0001_bright1.1.png,1.11E+62
VAR_BACTERIA-9727803-0001_bright1.2.png,1.11E+62
VAR_BACTERIA-9727803-0001_bright1.3.png,1.11E+62
VAR_BACTERIA-9727803-0001_jpeg30.png,1.11E+62
VAR_BACTERIA-9727803-0001_jpeg50.png,1.11E+62
VAR_BACTERIA-9727803-0001_jpeg70.png,1.11E+62
VAR_BACTERIA-9727803-0001_jpeg90.png,1.11E+62
VAR_BACTERIA-9727803-0001_noise0.001.png,1.11E+62
VAR_BACTERIA-9727803-0001_noise0.002.png,1.11E+62
VAR_BACTERIA-9727803-0001_noise0.003.png,1.11E+62
VAR_BACTERIA-9727803-0001_noise0.004.png,1.11E+62
VAR_BACTERIA-9727803-0001_noise0.005.png,1.11E+62
VAR_BACTERIA-9727803-0001_original.png,1.11E+62
VAR_BACTERIA-9727803-0001_rot1.png,1.11E+62
VAR_BACTERIA-9727803-0001_rot2.png,1.11E+62
VAR_BACTERIA-9727803-0001_rot3.png,1.11E+62
VAR_BACTERIA-9727803-0001_rot4.png,1.11E+62
VAR_BACTERIA-9727803-0001_rot5.png,1.11E+62
VAR_BACTERIA-9727803-0001_rot6.png,1.11E+62
VAR_BACTERIA-9730180-0001_bright0.8.png,1.11E+62
VAR_BACTERIA-9730180-0001_bright0.9.png,1.11E+62
VAR_BACTERIA-9730180-0001_bright1.1.png,1.11E+62
VAR_BACTERIA-9730180-0001_bright1.2.png,1.11E+62
VAR_BACTERIA-9730180-0001_bright1.3.png,1.11E+62
VAR_BACTERIA-9730180-0001_jpeg30.png,1.11E+62
VAR_BACTERIA-9730180-0001_jpeg50.png,1.11E+62
VAR_BACTERIA-9730180-0001_jpeg70.png,1.11E+62
VAR_BACTERIA-9730180-0001_jpeg90.png,1.11E+62
VAR_BACTERIA-9730180-0001_noise0.001.png,1.11E+62
VAR_BACTERIA-9730180-0001_noise0.002.png,1.11E+62
VAR_BACTERIA-9730180-0001_noise0.003.png,1.11E+62
VAR_BACTERIA-9730180-0001_noise0.004.png,1.11E+62
VAR_BACTERIA-9730180-0001_noise0.005.png,1.11E+62
VAR_BACTERIA-9730180-0001_original.png,1.11E+62
VAR_BACTERIA-9730180-0001_rot1.png,1.11E+62
VAR_BACTERIA-9730180-0001_rot2.png,1.11E+62
VAR_BACTERIA-9730180-0001_rot3.png,1.11E+62
VAR_BACTERIA-9730180-0001_rot4.png,1.11E+62
VAR_BACTERIA-9730180-0001_rot5.png,1.11E+62
VAR_BACTERIA-9730180-0001_rot6.png,1.11E+62
VAR_BACTERIA-9730180-0002_bright0.8.png,1.11E+62
VAR_BACTERIA-9730180-0002_bright0.9.png,1.11E+62
VAR_BACTERIA-9730180-0002_bright1.1.png,1.11E+62
VAR_BACTERIA-9730180-0002_bright1.2.png,1.11E+62
VAR_BACTERIA-9730180-0002_bright1.3.png,1.11E+62
VAR_BACTERIA-9730180-0002_jpeg30.png,1.11E+63
VAR_BACTERIA-9730180-0002_jpeg50.png,1.11E+63
VAR_BACTERIA-9730180-0002_jpeg70.png,1.11E+62
VAR_BACTERIA-9730180-0002_jpeg90.png,1.11E+62
VAR_BACTERIA-9730180-0002_noise0.001.png,1.11E+62
VAR_BACTERIA-9730180-0002_noise0.002.png,1.11E+62
VAR_BACTERIA-9730180-0002_noise0.003.png,1.11E+62
VAR_BACTERIA-9730180-0002_noise0.004.png,1.11E+62
VAR_BACTERIA-9730180-0002_noise0.005.png,1.11E+62
VAR_BACTERIA-9730180-0002_original.png,1.11E+62
VAR_BACTERIA-9730180-0002_rot1.png,1.11E+62
VAR_BACTERIA-9730180-0002_rot2.png,1.11E+62
VAR_BACTERIA-9730180-0002_rot3.png,1.11E+62
VAR_BACTERIA-9730180-0002_rot4.png,1.11E+62
VAR_BACTERIA-9730180-0002_rot5.png,1.11E+62
VAR_BACTERIA-9730180-0002_rot6.png,1.11E+62
VAR_BACTERIA-9766851-0001_bright0.8.png,1.01E+62
VAR_BACTERIA-9766851-0001_bright0.9.png,1.01E+62
VAR_BACTERIA-9766851-0001_bright1.1.png,1.01E+62
VAR_BACTERIA-9766851-0001_bright1.2.png,1.01E+62
VAR_BACTERIA-9766851-0001_bright1.3.png,1.11E+62
VAR_BACTERIA-9766851-0001_jpeg30.png,1.11E+62
VAR_BACTERIA-9766851-0001_jpeg50.png,1.11E+62
VAR_BACTERIA-9766851-0001_jpeg70.png,1.11E+62
VAR_BACTERIA-9766851-0001_jpeg90.png,1.01E+62
VAR_BACTERIA-9766851-0001_noise0.001.png,1.01E+62
VAR_BACTERIA-9766851-0001_noise0.002.png,1.01E+62
VAR_BACTERIA-9766851-0001_noise0.003.png,1.01E+62
VAR_BACTERIA-9766851-0001_noise0.004.png,1.01E+62
VAR_BACTERIA-9766851-0001_noise0.005.png,1.01E+62
VAR_BACTERIA-9766851-0001_original.png,1.01E+62
VAR_BACTERIA-9766851-0001_rot1.png,1.11E+63
VAR_BACTERIA-9766851-0001_rot2.png,1.10E+63
VAR_BACTERIA-9766851-0001_rot3.png,1.01E+62
VAR_BACTERIA-9766851-0001_rot4.png,1.01E+62
VAR_BACTERIA-9766851-0001_rot5.png,1.01E+62
VAR_BACTERIA-9766851-0001_rot6.png,1.01E+62
VAR_BACTERIA-9801714-0001_bright0.8.png,1.11E+62
VAR_BACTERIA-9801714-0001_bright0.9.png,1.11E+62
VAR_BACTERIA-9801714-0001_bright1.1.png,1.11E+62
VAR_BACTERIA-9801714-0001_bright1.2.png,1.11E+62
VAR_BACTERIA-9801714-0001_bright1.3.png,1.11E+62
VAR_BACTERIA-9801714-0001_jpeg30.png,1.11E+62
VAR_BACTERIA-9801714-0001_jpeg50.png,1.11E+62
VAR_BACTERIA-9801714-0001_jpeg70.png,1.11E+62
VAR_BACTERIA-9801714-0001_jpeg90.png,1.11E+62
VAR_BACTERIA-9801714-0001_noise0.001.png,1.11E+62
VAR_BACTERIA-9801714-0001_noise0.002.png,1.11E+62
VAR_BACTERIA-9801714-0001_noise0.003.png,1.11E+62
VAR_BACTERIA-9801714-0001_noise0.004.png,1.11E+62
VAR_BACTERIA-9801714-0001_noise0.005.png,1.11E+62
VAR_BACTERIA-9801714-0001_original.png,1.11E+62
VAR_BACTERIA-9801714-0001_rot1.png,1.11E+62
VAR_BACTERIA-9801714-0001_rot2.png,1.11E+62
VAR_BACTERIA-9801714-0001_rot3.png,1.11E+62
VAR_BACTERIA-9801714-0001_rot4.png,1.11E+62
VAR_BACTERIA-9801714-0001_rot5.png,1.11E+62
VAR_BACTERIA-9801714-0001_rot6.png,1.11E+62
VAR_BACTERIA-9805697-0001_bright0.8.png,1.00E+60
VAR_BACTERIA-9805697-0001_bright0.9.png,1.00E+60
VAR_BACTERIA-9805697-0001_bright1.1.png,1.00E+60
VAR_BACTERIA-9805697-0001_bright1.2.png,1.00E+60
VAR_BACTERIA-9805697-0001_bright1.3.png,1.00E+60
VAR_BACTERIA-9805697-0001_jpeg30.png,1.11E+61
VAR_BACTERIA-9805697-0001_jpeg50.png,1.11E+61
VAR_BACTERIA-9805697-0001_jpeg70.png,1.11E+61
VAR_BACTERIA-9805697-0001_jpeg90.png,1.00E+60
VAR_BACTERIA-9805697-0001_noise0.001.png,1.00E+60
VAR_BACTERIA-9805697-0001_noise0.002.png,1.00E+60
VAR_BACTERIA-9805697-0001_noise0.003.png,1.00E+60
VAR_BACTERIA-9805697-0001_noise0.004.png,1.00E+60
VAR_BACTERIA-9805697-0001_noise0.005.png,1.00E+60
VAR_BACTERIA-9805697-0001_original.png,1.00E+60
VAR_BACTERIA-9805697-0001_rot1.png,1.10E+60
VAR_BACTERIA-9805697-0001_rot2.png,1.00E+60
VAR_BACTERIA-9805697-0001_rot3.png,1.00E+60
VAR_BACTERIA-9805697-0001_rot4.png,1.11E+61
VAR_BACTERIA-9805697-0001_rot5.png,1.10E+60
VAR_BACTERIA-9805697-0001_rot6.png,1.11E+61
VAR_BACTERIA-9814452-0001_bright0.8.png,1.11E+61
VAR_BACTERIA-9814452-0001_bright0.9.png,1.11E+61
VAR_BACTERIA-9814452-0001_bright1.1.png,1.11E+61
VAR_BACTERIA-9814452-0001_bright1.2.png,1.11E+61
VAR_BACTERIA-9814452-0001_bright1.3.png,1.11E+61
VAR_BACTERIA-9814452-0001_jpeg30.png,1.11E+61
VAR_BACTERIA-9814452-0001_jpeg50.png,1.11E+62
VAR_BACTERIA-9814452-0001_jpeg70.png,1.11E+61
VAR_BACTERIA-9814452-0001_jpeg90.png,1.11E+61
VAR_BACTERIA-9814452-0001_noise0.001.png,1.11E+61
VAR_BACTERIA-9814452-0001_noise0.002.png,1.11E+61
VAR_BACTERIA-9814452-0001_noise0.003.png,1.11E+61
VAR_BACTERIA-9814452-0001_noise0.004.png,1.11E+61
VAR_BACTERIA-9814452-0001_noise0.005.png,1.11E+61
VAR_BACTERIA-9814452-0001_original.png,1.11E+61
VAR_BACTERIA-9814452-0001_rot1.png,1.11E+62
VAR_BACTERIA-9814452-0001_rot2.png,1.11E+62
VAR_BACTERIA-9814452-0001_rot3.png,1.11E+62
VAR_BACTERIA-9814452-0001_rot4.png,1.11E+62
VAR_BACTERIA-9814452-0001_rot5.png,1.11E+62
VAR_BACTERIA-9814452-0001_rot6.png,1.11E+62
VAR_BACTERIA-9814452-0002_bright0.8.png,1.11E+62
VAR_BACTERIA-9814452-0002_bright0.9.png,1.11E+62
VAR_BACTERIA-9814452-0002_bright1.1.png,1.11E+62
VAR_BACTERIA-9814452-0002_bright1.2.png,1.11E+62
VAR_BACTERIA-9814452-0002_bright1.3.png,1.11E+62
VAR_BACTERIA-9814452-0002_jpeg30.png,1.11E+62
VAR_BACTERIA-9814452-0002_jpeg50.png,1.11E+62
VAR_BACTERIA-9814452-0002_jpeg70.png,1.11E+62
VAR_BACTERIA-9814452-0002_jpeg90.png,1.11E+62
VAR_BACTERIA-9814452-0002_noise0.001.png,1.11E+62
VAR_BACTERIA-9814452-0002_noise0.002.png,1.11E+62
VAR_BACTERIA-9814452-0002_noise0.003.png,1.11E+62
VAR_BACTERIA-9814452-0002_noise0.004.png,1.11E+62
VAR_BACTERIA-9814452-0002_noise0.005.png,1.11E+62
VAR_BACTERIA-9814452-0002_original.png,1.11E+62
VAR_BACTERIA-9814452-0002_rot1.png,1.11E+62
VAR_BACTERIA-9814452-0002_rot2.png,1.11E+62
VAR_BACTERIA-9814452-0002_rot3.png,1.11E+62
VAR_BACTERIA-9814452-0002_rot4.png,1.11E+62
VAR_BACTERIA-9814452-0002_rot5.png,1.11E+62
VAR_BACTERIA-9814452-0002_rot6.png,1.11E+62
VAR_BACTERIA-9818803-0001_bright0.8.png,1.11E+62
VAR_BACTERIA-9818803-0001_bright0.9.png,1.11E+62
VAR_BACTERIA-9818803-0001_bright1.1.png,1.11E+62
VAR_BACTERIA-9818803-0001_bright1.2.png,1.11E+62
VAR_BACTERIA-9818803-0001_bright1.3.png,1.11E+62
VAR_BACTERIA-9818803-0001_jpeg30.png,1.11E+62
VAR_BACTERIA-9818803-0001_jpeg50.png,1.11E+62
VAR_BACTERIA-9818803-0001_jpeg70.png,1.11E+62
VAR_BACTERIA-9818803-0001_jpeg90.png,1.11E+61
VAR_BACTERIA-9818803-0001_noise0.001.png,1.11E+62
VAR_BACTERIA-9818803-0001_noise0.002.png,1.11E+62
VAR_BACTERIA-9818803-0001_noise0.003.png,1.11E+62
VAR_BACTERIA-9818803-0001_noise0.004.png,1.11E+62
VAR_BACTERIA-9818803-0001_noise0.005.png,1.11E+62
VAR_BACTERIA-9818803-0001_original.png,1.11E+62
VAR_BACTERIA-9818803-0001_rot1.png,1.11E+62
VAR_BACTERIA-9818803-0001_rot2.png,1.11E+62
VAR_BACTERIA-9818803-0001_rot3.png,1.11E+62
VAR_BACTERIA-9818803-0001_rot4.png,1.11E+62
VAR_BACTERIA-9818803-0001_rot5.png,1.11E+62
VAR_BACTERIA-9818803-0001_rot6.png,1.11E+62
VAR_BACTERIA-9821634-0001_bright0.8.png,1.00E+60
VAR_BACTERIA-9821634-0001_bright0.9.png,1.00E+60
VAR_BACTERIA-9821634-0001_bright1.1.png,1.00E+60
VAR_BACTERIA-9821634-0001_bright1.2.png,1.00E+60
VAR_BACTERIA-9821634-0001_bright1.3.png,1.00E+60
VAR_BACTERIA-9821634-0001_jpeg30.png,1.11E+62
VAR_BACTERIA-9821634-0001_jpeg50.png,1.11E+62
VAR_BACTERIA-9821634-0001_jpeg70.png,1.11E+62
VAR_BACTERIA-9821634-0001_jpeg90.png,1.11E+62
VAR_BACTERIA-9821634-0001_noise0.001.png,1.00E+60
VAR_BACTERIA-9821634-0001_noise0.002.png,1.00E+60
VAR_BACTERIA-9821634-0001_noise0.003.png,1.00E+60
VAR_BACTERIA-9821634-0001_noise0.004.png,1.00E+60
VAR_BACTERIA-9821634-0001_noise0.005.png,1.00E+60
VAR_BACTERIA-9821634-0001_original.png,1.00E+60
VAR_BACTERIA-9821634-0001_rot1.png,1.01E+62
VAR_BACTERIA-9821634-0001_rot2.png,1.11E+62
VAR_BACTERIA-9821634-0001_rot3.png,1.10E+60
VAR_BACTERIA-9821634-0001_rot4.png,1.01E+62
VAR_BACTERIA-9821634-0001_rot5.png,1.01E+62
VAR_BACTERIA-9821634-0001_rot6.png,1.01E+62
VAR_BACTERIA-9822795-0001_bright0.8.png,1.11E+62
VAR_BACTERIA-9822795-0001_bright0.9.png,1.11E+62
VAR_BACTERIA-9822795-0001_bright1.1.png,1.11E+62
VAR_BACTERIA-9822795-0001_bright1.2.png,1.11E+62
VAR_BACTERIA-9822795-0001_bright1.3.png,1.11E+62
VAR_BACTERIA-9822795-0001_jpeg30.png,1.11E+61
VAR_BACTERIA-9822795-0001_jpeg50.png,1.11E+61
VAR_BACTERIA-9822795-0001_jpeg70.png,1.11E+62
VAR_BACTERIA-9822795-0001_jpeg90.png,1.11E+62
VAR_BACTERIA-9822795-0001_noise0.001.png,1.11E+62
VAR_BACTERIA-9822795-0001_noise0.002.png,1.11E+62
VAR_BACTERIA-9822795-0001_noise0.003.png,1.11E+62
VAR_BACTERIA-9822795-0001_noise0.004.png,1.11E+62
VAR_BACTERIA-9822795-0001_noise0.005.png,1.11E+62
VAR_BACTERIA-9822795-0001_original.png,1.11E+62
VAR_BACTERIA-9822795-0001_rot1.png,1.11E+62
VAR_BACTERIA-9822795-0001_rot2.png,1.11E+62
VAR_BACTERIA-9822795-0001_rot3.png,1.11E+62
VAR_BACTERIA-9822795-0001_rot4.png,1.11E+62
VAR_BACTERIA-9822795-0001_rot5.png,1.11E+62
VAR_BACTERIA-9822795-0001_rot6.png,1.11E+62
VAR_BACTERIA-9823114-0001_bright0.8.png,1.11E+61
VAR_BACTERIA-9823114-0001_bright0.9.png,1.11E+61
VAR_BACTERIA-9823114-0001_bright1.1.png,1.11E+61
VAR_BACTERIA-9823114-0001_bright1.2.png,1.11E+61
VAR_BACTERIA-9823114-0001_bright1.3.png,1.11E+61
VAR_BACTERIA-9823114-0001_jpeg30.png,1.11E+61
VAR_BACTERIA-9823114-0001_jpeg50.png,1.11E+61
VAR_BACTERIA-9823114-0001_jpeg70.png,1.11E+61
VAR_BACTERIA-9823114-0001_jpeg90.png,1.00E+60
VAR_BACTERIA-9823114-0001_noise0.001.png,1.11E+61
VAR_BACTERIA-9823114-0001_noise0.002.png,1.11E+61
VAR_BACTERIA-9823114-0001_noise0.003.png,1.11E+61
VAR_BACTERIA-9823114-0001_noise0.004.png,1.11E+61
VAR_BACTERIA-9823114-0001_noise0.005.png,1.11E+61
VAR_BACTERIA-9823114-0001_original.png,1.11E+61
VAR_BACTERIA-9823114-0001_rot1.png,1.11E+62
VAR_BACTERIA-9823114-0001_rot2.png,1.11E+61
VAR_BACTERIA-9823114-0001_rot3.png,1.11E+61
VAR_BACTERIA-9823114-0001_rot4.png,1.11E+61
VAR_BACTERIA-9823114-0001_rot5.png,1.11E+61
VAR_BACTERIA-9823114-0001_rot6.png,1.11E+61
VAR_BACTERIA-9827460-0001_bright0.8.png,1.01E+62
VAR_BACTERIA-9827460-0001_bright0.9.png,1.01E+62
VAR_BACTERIA-9827460-0001_bright1.1.png,1.01E+62
VAR_BACTERIA-9827460-0001_bright1.2.png,1.01E+62
VAR_BACTERIA-9827460-0001_bright1.3.png,1.01E+62
VAR_BACTERIA-9827460-0001_jpeg30.png,1.11E+61
VAR_BACTERIA-9827460-0001_jpeg50.png,1.11E+62
VAR_BACTERIA-9827460-0001_jpeg70.png,1.01E+62
VAR_BACTERIA-9827460-0001_jpeg90.png,1.11E+62
VAR_BACTERIA-9827460-0001_noise0.001.png,1.01E+62
VAR_BACTERIA-9827460-0001_noise0.002.png,1.01E+62
VAR_BACTERIA-9827460-0001_noise0.003.png,1.01E+62
VAR_BACTERIA-9827460-0001_noise0.004.png,1.01E+62
VAR_BACTERIA-9827460-0001_noise0.005.png,1.01E+62
VAR_BACTERIA-9827460-0001_original.png,1.01E+62
VAR_BACTERIA-9827460-0001_rot1.png,1.11E+62
VAR_BACTERIA-9827460-0001_rot2.png,1.11E+62
VAR_BACTERIA-9827460-0001_rot3.png,1.11E+62
VAR_BACTERIA-9827460-0001_rot4.png,1.11E+62
VAR_BACTERIA-9827460-0001_rot5.png,1.11E+62
VAR_BACTERIA-9827460-0001_rot6.png,1.11E+61
VAR_BACTERIA-9829865-0001_bright0.8.png,1.01E+62
VAR_BACTERIA-9829865-0001_bright0.9.png,1.01E+62
VAR_BACTERIA-9829865-0001_bright1.1.png,1.01E+62
VAR_BACTERIA-9829865-0001_bright1.2.png,1.01E+62
VAR_BACTERIA-9829865-0001_bright1.3.png,1.01E+62
VAR_BACTERIA-9829865-0001_jpeg30.png,1.11E+61
VAR_BACTERIA-9829865-0001_jpeg50.png,1.11E+62
VAR_BACTERIA-9829865-0001_jpeg70.png,1.11E+62
VAR_BACTERIA-9829865-0001_jpeg90.png,1.11E+62
VAR_BACTERIA-9829865-0001_noise0.001.png,1.01E+62
VAR_BACTERIA-9829865-0001_noise0.002.png,1.01E+62
VAR_BACTERIA-9829865-0001_noise0.003.png,1.01E+62
VAR_BACTERIA-9829865-0001_noise0.004.png,1.01E+62
VAR_BACTERIA-9829865-0001_noise0.005.png,1.01E+62
VAR_BACTERIA-9829865-0001_original.png,1.01E+62
VAR_BACTERIA-9829865-0001_rot1.png,1.11E+62
VAR_BACTERIA-9829865-0001_rot2.png,1.11E+62
VAR_BACTERIA-9829865-0001_rot3.png,1.01E+62
VAR_BACTERIA-9829865-0001_rot4.png,1.01E+62
VAR_BACTERIA-9829865-0001_rot5.png,1.11E+62
VAR_BACTERIA-9829865-0001_rot6.png,1.01E+62
VAR_BACTERIA-9835318-0001_bright0.8.png,1.10E+60
VAR_BACTERIA-9835318-0001_bright0.9.png,1.10E+60
VAR_BACTERIA-9835318-0001_bright1.1.png,1.00E+52
VAR_BACTERIA-9835318-0001_bright1.2.png,1.00E+52
VAR_BACTERIA-9835318-0001_bright1.3.png,1.00E+59
VAR_BACTERIA-9835318-0001_jpeg30.png,1.10E+60
VAR_BACTERIA-9835318-0001_jpeg50.png,1.00E+52
VAR_BACTERIA-9835318-0001_jpeg70.png,1.00E+48
VAR_BACTERIA-9835318-0001_jpeg90.png,1.00E+52
VAR_BACTERIA-9835318-0001_noise0.001.png,1.00E+52
VAR_BACTERIA-9835318-0001_noise0.002.png,1.00E+52
VAR_BACTERIA-9835318-0001_noise0.003.png,1.00E+52
VAR_BACTERIA-9835318-0001_noise0.004.png,1.00E+52
VAR_BACTERIA-9835318-0001_noise0.005.png,1.00E+52
VAR_BACTERIA-9835318-0001_original.png,1.00E+52
VAR_BACTERIA-9835318-0001_rot1.png,1.00E+60
VAR_BACTERIA-9835318-0001_rot2.png,1.10E+60
VAR_BACTERIA-9835318-0001_rot3.png,1.10E+60
VAR_BACTERIA-9835318-0001_rot4.png,1.10E+60
VAR_BACTERIA-9835318-0001_rot5.png,1.10E+60
VAR_BACTERIA-9835318-0001_rot6.png,1.10E+48
VAR_BACTERIA-9839787-0001_bright0.8.png,1.11E+62
VAR_BACTERIA-9839787-0001_bright0.9.png,1.11E+62
VAR_BACTERIA-9839787-0001_bright1.1.png,1.11E+62
VAR_BACTERIA-9839787-0001_bright1.2.png,1.11E+62
VAR_BACTERIA-9839787-0001_bright1.3.png,1.11E+62
VAR_BACTERIA-9839787-0001_jpeg30.png,1.11E+61
VAR_BACTERIA-9839787-0001_jpeg50.png,1.11E+61
VAR_BACTERIA-9839787-0001_jpeg70.png,1.11E+62
VAR_BACTERIA-9839787-0001_jpeg90.png,1.11E+62
VAR_BACTERIA-9839787-0001_noise0.001.png,1.11E+62
VAR_BACTERIA-9839787-0001_noise0.002.png,1.11E+62
VAR_BACTERIA-9839787-0001_noise0.003.png,1.11E+62
VAR_BACTERIA-9839787-0001_noise0.004.png,1.11E+62
VAR_BACTERIA-9839787-0001_noise0.005.png,1.11E+62
VAR_BACTERIA-9839787-0001_original.png,1.11E+62
VAR_BACTERIA-9839787-0001_rot1.png,1.11E+62
VAR_BACTERIA-9839787-0001_rot2.png,1.11E+62
VAR_BACTERIA-9839787-0001_rot3.png,1.11E+62
VAR_BACTERIA-9839787-0001_rot4.png,1.11E+62
VAR_BACTERIA-9839787-0001_rot5.png,1.11E+62
VAR_BACTERIA-9839787-0001_rot6.png,1.11E+62
VAR_BACTERIA-9856874-0001_bright0.8.png,1.00E+62
VAR_BACTERIA-9856874-0001_bright0.9.png,1.00E+62
VAR_BACTERIA-9856874-0001_bright1.1.png,1.00E+62
VAR_BACTERIA-9856874-0001_bright1.2.png,1.00E+62
VAR_BACTERIA-9856874-0001_bright1.3.png,1.11E+62
VAR_BACTERIA-9856874-0001_jpeg30.png,1.11E+63
VAR_BACTERIA-9856874-0001_jpeg50.png,1.11E+62
VAR_BACTERIA-9856874-0001_jpeg70.png,1.11E+62
VAR_BACTERIA-9856874-0001_jpeg90.png,1.01E+62
VAR_BACTERIA-9856874-0001_noise0.001.png,1.00E+62
VAR_BACTERIA-9856874-0001_noise0.002.png,1.00E+62
VAR_BACTERIA-9856874-0001_noise0.003.png,1.00E+62
VAR_BACTERIA-9856874-0001_noise0.004.png,1.00E+62
VAR_BACTERIA-9856874-0001_noise0.005.png,1.00E+62
VAR_BACTERIA-9856874-0001_original.png,1.00E+62
VAR_BACTERIA-9856874-0001_rot1.png,1.10E+63
VAR_BACTERIA-9856874-0001_rot2.png,1.10E+63
VAR_BACTERIA-9856874-0001_rot3.png,1.11E+63
VAR_BACTERIA-9856874-0001_rot4.png,1.10E+63
VAR_BACTERIA-9856874-0001_rot5.png,1.10E+63
VAR_BACTERIA-9856874-0001_rot6.png,1.10E+63
VAR_BACTERIA-9856874-0002_bright0.8.png,1.01E+62
VAR_BACTERIA-9856874-0002_bright0.9.png,1.01E+62
VAR_BACTERIA-9856874-0002_bright1.1.png,1.00E+62
VAR_BACTERIA-9856874-0002_bright1.2.png,1.00E+62
VAR_BACTERIA-9856874-0002_bright1.3.png,1.00E+62
VAR_BACTERIA-9856874-0002_jpeg30.png,1.11E+62
VAR_BACTERIA-9856874-0002_jpeg50.png,1.11E+61
VAR_BACTERIA-9856874-0002_jpeg70.png,1.10E+60
VAR_BACTERIA-9856874-0002_jpeg90.png,1.10E+60
VAR_BACTERIA-9856874-0002_noise0.001.png,1.00E+62
VAR_BACTERIA-9856874-0002_noise0.002.png,1.00E+62
VAR_BACTERIA-9856874-0002_noise0.003.png,1.00E+62
VAR_BACTERIA-9856874-0002_noise0.004.png,1.00E+62
VAR_BACTERIA-9856874-0002_noise0.005.png,1.00E+62
VAR_BACTERIA-9856874-0002_original.png,1.00E+62
VAR_BACTERIA-9856874-0002_rot1.png,1.01E+62
VAR_BACTERIA-9856874-0002_rot2.png,1.00E+62
VAR_BACTERIA-9856874-0002_rot3.png,1.00E+62
VAR_BACTERIA-9856874-0002_rot4.png,1.00E+62
VAR_BACTERIA-9856874-0002_rot5.png,1.00E+62
VAR_BACTERIA-9856874-0002_rot6.png,1.00E+62
VAR_BACTERIA-9867917-0001_bright0.8.png,1.11E+62
VAR_BACTERIA-9867917-0001_bright0.9.png,1.11E+62
VAR_BACTERIA-9867917-0001_bright1.1.png,1.11E+62
VAR_BACTERIA-9867917-0001_bright1.2.png,1.11E+62
VAR_BACTERIA-9867917-0001_bright1.3.png,1.11E+62
VAR_BACTERIA-9867917-0001_jpeg30.png,1.11E+61
VAR_BACTERIA-9867917-0001_jpeg50.png,1.11E+61
VAR_BACTERIA-9867917-0001_jpeg70.png,1.11E+62
VAR_BACTERIA-9867917-0001_jpeg90.png,1.11E+62
VAR_BACTERIA-9867917-0001_noise0.001.png,1.11E+62
VAR_BACTERIA-9867917-0001_noise0.002.png,1.11E+62
VAR_BACTERIA-9867917-0001_noise0.003.png,1.11E+62
VAR_BACTERIA-9867917-0001_noise0.004.png,1.11E+62
VAR_BACTERIA-9867917-0001_noise0.005.png,1.11E+62
VAR_BACTERIA-9867917-0001_original.png,1.11E+62
VAR_BACTERIA-9867917-0001_rot1.png,1.11E+62
VAR_BACTERIA-9867917-0001_rot2.png,1.11E+62
VAR_BACTERIA-9867917-0001_rot3.png,1.11E+62
VAR_BACTERIA-9867917-0001_rot4.png,1.11E+62
VAR_BACTERIA-9867917-0001_rot5.png,1.11E+62
VAR_BACTERIA-9867917-0001_rot6.png,1.11E+62
VAR_BACTERIA-9877615-0001_bright0.8.png,1.11E+62
VAR_BACTERIA-9877615-0001_bright0.9.png,1.11E+62
VAR_BACTERIA-9877615-0001_bright1.1.png,1.11E+62
VAR_BACTERIA-9877615-0001_bright1.2.png,1.11E+62
VAR_BACTERIA-9877615-0001_bright1.3.png,1.11E+62
VAR_BACTERIA-9877615-0001_jpeg30.png,1.11E+62
VAR_BACTERIA-9877615-0001_jpeg50.png,1.11E+62
VAR_BACTERIA-9877615-0001_jpeg70.png,1.11E+62
VAR_BACTERIA-9877615-0001_jpeg90.png,1.11E+62
VAR_BACTERIA-9877615-0001_noise0.001.png,1.11E+62
VAR_BACTERIA-9877615-0001_noise0.002.png,1.11E+62
VAR_BACTERIA-9877615-0001_noise0.003.png,1.11E+62
VAR_BACTERIA-9877615-0001_noise0.004.png,1.11E+62
VAR_BACTERIA-9877615-0001_noise0.005.png,1.11E+62
VAR_BACTERIA-9877615-0001_original.png,1.11E+62
VAR_BACTERIA-9877615-0001_rot1.png,1.11E+62
VAR_BACTERIA-9877615-0001_rot2.png,1.11E+62
VAR_BACTERIA-9877615-0001_rot3.png,1.11E+62
VAR_BACTERIA-9877615-0001_rot4.png,1.11E+62
VAR_BACTERIA-9877615-0001_rot5.png,1.11E+62
VAR_BACTERIA-9877615-0001_rot6.png,1.11E+62
VAR_BACTERIA-9887625-0001_bright0.8.png,1.11E+62
VAR_BACTERIA-9887625-0001_bright0.9.png,1.11E+62
VAR_BACTERIA-9887625-0001_bright1.1.png,1.01E+62
VAR_BACTERIA-9887625-0001_bright1.2.png,1.01E+62
VAR_BACTERIA-9887625-0001_bright1.3.png,1.01E+62
VAR_BACTERIA-9887625-0001_jpeg30.png,1.11E+62
VAR_BACTERIA-9887625-0001_jpeg50.png,1.11E+62
VAR_BACTERIA-9887625-0001_jpeg70.png,1.11E+62
VAR_BACTERIA-9887625-0001_jpeg90.png,1.01E+62
VAR_BACTERIA-9887625-0001_noise0.001.png,1.00E+62
VAR_BACTERIA-9887625-0001_noise0.002.png,1.00E+62
VAR_BACTERIA-9887625-0001_noise0.003.png,1.00E+62
VAR_BACTERIA-9887625-0001_noise0.004.png,1.00E+62
VAR_BACTERIA-9887625-0001_noise0.005.png,1.01E+62
VAR_BACTERIA-9887625-0001_original.png,1.01E+62
VAR_BACTERIA-9887625-0001_rot1.png,1.11E+62
VAR_BACTERIA-9887625-0001_rot2.png,1.11E+62
VAR_BACTERIA-9887625-0001_rot3.png,1.11E+62
VAR_BACTERIA-9887625-0001_rot4.png,1.11E+63
VAR_BACTERIA-9887625-0001_rot5.png,1.11E+62
VAR_BACTERIA-9887625-0001_rot6.png,1.11E+62
VAR_BACTERIA-9902199-0001_bright0.8.png,1.11E+62
VAR_BACTERIA-9902199-0001_bright0.9.png,1.11E+62
VAR_BACTERIA-9902199-0001_bright1.1.png,1.11E+62
VAR_BACTERIA-9902199-0001_bright1.2.png,1.11E+62
VAR_BACTERIA-9902199-0001_bright1.3.png,1.11E+62
VAR_BACTERIA-9902199-0001_jpeg30.png,1.11E+61
VAR_BACTERIA-9902199-0001_jpeg50.png,1.11E+62
VAR_BACTERIA-9902199-0001_jpeg70.png,1.11E+62
VAR_BACTERIA-9902199-0001_jpeg90.png,1.01E+62
VAR_BACTERIA-9902199-0001_noise0.001.png,1.01E+62
VAR_BACTERIA-9902199-0001_noise0.002.png,1.11E+62
VAR_BACTERIA-9902199-0001_noise0.003.png,1.11E+62
VAR_BACTERIA-9902199-0001_noise0.004.png,1.11E+62
VAR_BACTERIA-9902199-0001_noise0.005.png,1.01E+62
VAR_BACTERIA-9902199-0001_original.png,1.11E+62
VAR_BACTERIA-9902199-0001_rot1.png,1.11E+62
VAR_BACTERIA-9902199-0001_rot2.png,1.01E+62
VAR_BACTERIA-9902199-0001_rot3.png,1.01E+62
VAR_BACTERIA-9902199-0001_rot4.png,1.01E+62
VAR_BACTERIA-9902199-0001_rot5.png,1.11E+62
VAR_BACTERIA-9902199-0001_rot6.png,1.01E+62
VAR_BACTERIA-9902199-0002_bright0.8.png,1.00E+62
VAR_BACTERIA-9902199-0002_bright0.9.png,1.00E+62
VAR_BACTERIA-9902199-0002_bright1.1.png,1.00E+62
VAR_BACTERIA-9902199-0002_bright1.2.png,1.00E+62
VAR_BACTERIA-9902199-0002_bright1.3.png,1.00E+62
VAR_BACTERIA-9902199-0002_jpeg30.png,1.11E+62
VAR_BACTERIA-9902199-0002_jpeg50.png,1.11E+62
VAR_BACTERIA-9902199-0002_jpeg70.png,1.11E+62
VAR_BACTERIA-9902199-0002_jpeg90.png,1.01E+62
VAR_BACTERIA-9902199-0002_noise0.001.png,1.00E+62
VAR_BACTERIA-9902199-0002_noise0.002.png,1.00E+62
VAR_BACTERIA-9902199-0002_noise0.003.png,1.00E+62
VAR_BACTERIA-9902199-0002_noise0.004.png,1.00E+62
VAR_BACTERIA-9902199-0002_noise0.005.png,1.00E+62
VAR_BACTERIA-9902199-0002_original.png,1.00E+62
VAR_BACTERIA-9902199-0002_rot1.png,1.00E+62
VAR_BACTERIA-9902199-0002_rot2.png,1.01E+62
VAR_BACTERIA-9902199-0002_rot3.png,1.01E+62
VAR_BACTERIA-9902199-0002_rot4.png,1.11E+62
VAR_BACTERIA-9902199-0002_rot5.png,1.11E+62
VAR_BACTERIA-9902199-0002_rot6.png,1.00E+62
VAR_BACTERIA-9902199-0003_bright0.8.png,1.11E+62
VAR_BACTERIA-9902199-0003_bright0.9.png,1.11E+62
VAR_BACTERIA-9902199-0003_bright1.1.png,1.01E+62
VAR_BACTERIA-9902199-0003_bright1.2.png,1.01E+62
VAR_BACTERIA-9902199-0003_bright1.3.png,1.10E+60
VAR_BACTERIA-9902199-0003_jpeg30.png,1.11E+61
VAR_BACTERIA-9902199-0003_jpeg50.png,1.11E+62
VAR_BACTERIA-9902199-0003_jpeg70.png,1.11E+62
VAR_BACTERIA-9902199-0003_jpeg90.png,1.11E+62
VAR_BACTERIA-9902199-0003_noise0.001.png,1.01E+62
VAR_BACTERIA-9902199-0003_noise0.002.png,1.01E+62
VAR_BACTERIA-9902199-0003_noise0.003.png,1.01E+62
VAR_BACTERIA-9902199-0003_noise0.004.png,1.01E+62
VAR_BACTERIA-9902199-0003_noise0.005.png,1.01E+62
VAR_BACTERIA-9902199-0003_original.png,1.11E+62
VAR_BACTERIA-9902199-0003_rot1.png,1.01E+62
VAR_BACTERIA-9902199-0003_rot2.png,1.01E+62
VAR_BACTERIA-9902199-0003_rot3.png,1.11E+62
VAR_BACTERIA-9902199-0003_rot4.png,1.11E+62
VAR_BACTERIA-9902199-0003_rot5.png,1.11E+62
VAR_BACTERIA-9902199-0003_rot6.png,1.11E+62
VAR_BACTERIA-9917261-0001_bright0.8.png,1.11E+61
VAR_BACTERIA-9917261-0001_bright0.9.png,1.11E+61
VAR_BACTERIA-9917261-0001_bright1.1.png,1.11E+61
VAR_BACTERIA-9917261-0001_bright1.2.png,1.11E+61
VAR_BACTERIA-9917261-0001_bright1.3.png,1.11E+61
VAR_BACTERIA-9917261-0001_jpeg30.png,1.11E+62
VAR_BACTERIA-9917261-0001_jpeg50.png,1.11E+61
VAR_BACTERIA-9917261-0001_jpeg70.png,1.11E+61
VAR_BACTERIA-9917261-0001_jpeg90.png,1.11E+61
VAR_BACTERIA-9917261-0001_noise0.001.png,1.11E+61
VAR_BACTERIA-9917261-0001_noise0.002.png,1.11E+61
VAR_BACTERIA-9917261-0001_noise0.003.png,1.11E+61
VAR_BACTERIA-9917261-0001_noise0.004.png,1.11E+61
VAR_BACTERIA-9917261-0001_noise0.005.png,1.11E+61
VAR_BACTERIA-9917261-0001_original.png,1.11E+61
VAR_BACTERIA-9917261-0001_rot1.png,1.11E+62
VAR_BACTERIA-9917261-0001_rot2.png,1.11E+62
VAR_BACTERIA-9917261-0001_rot3.png,1.11E+62
VAR_BACTERIA-9917261-0001_rot4.png,1.11E+62
VAR_BACTERIA-9917261-0001_rot5.png,1.11E+62
VAR_BACTERIA-9917261-0001_rot6.png,1.11E+62
VAR_BACTERIA-9922025-0001_bright0.8.png,1.01E+62
VAR_BACTERIA-9922025-0001_bright0.9.png,1.01E+62
VAR_BACTERIA-9922025-0001_bright1.1.png,1.01E+62
VAR_BACTERIA-9922025-0001_bright1.2.png,1.01E+62
VAR_BACTERIA-9922025-0001_bright1.3.png,1.11E+60
VAR_BACTERIA-9922025-0001_jpeg30.png,1.11E+61
VAR_BACTERIA-9922025-0001_jpeg50.png,1.11E+61
VAR_BACTERIA-9922025-0001_jpeg70.png,1.11E+61
VAR_BACTERIA-9922025-0001_jpeg90.png,1.11E+60
VAR_BACTERIA-9922025-0001_noise0.001.png,1.01E+62
VAR_BACTERIA-9922025-0001_noise0.002.png,1.01E+62
VAR_BACTERIA-9922025-0001_noise0.003.png,1.01E+62
VAR_BACTERIA-9922025-0001_noise0.004.png,1.01E+62
VAR_BACTERIA-9922025-0001_noise0.005.png,1.01E+62
VAR_BACTERIA-9922025-0001_original.png,1.01E+62
VAR_BACTERIA-9922025-0001_rot1.png,1.01E+62
VAR_BACTERIA-9922025-0001_rot2.png,1.01E+62
VAR_BACTERIA-9922025-0001_rot3.png,1.01E+62
VAR_BACTERIA-9922025-0001_rot4.png,1.00E+60
VAR_BACTERIA-9922025-0001_rot5.png,1.11E+63
VAR_BACTERIA-9922025-0001_rot6.png,1.01E+62
VAR_BACTERIA-9922492-0001_bright0.8.png,1.11E+61
VAR_BACTERIA-9922492-0001_bright0.9.png,1.11E+61
VAR_BACTERIA-9922492-0001_bright1.1.png,1.11E+61
VAR_BACTERIA-9922492-0001_bright1.2.png,1.11E+61
VAR_BACTERIA-9922492-0001_bright1.3.png,1.11E+61
VAR_BACTERIA-9922492-0001_jpeg30.png,1.11E+62
VAR_BACTERIA-9922492-0001_jpeg50.png,1.11E+61
VAR_BACTERIA-9922492-0001_jpeg70.png,1.11E+62
VAR_BACTERIA-9922492-0001_jpeg90.png,1.11E+61
VAR_BACTERIA-9922492-0001_noise0.001.png,1.11E+61
VAR_BACTERIA-9922492-0001_noise0.002.png,1.11E+61
VAR_BACTERIA-9922492-0001_noise0.003.png,1.11E+61
VAR_BACTERIA-9922492-0001_noise0.004.png,1.11E+61
VAR_BACTERIA-9922492-0001_noise0.005.png,1.11E+61
VAR_BACTERIA-9922492-0001_original.png,1.11E+61
VAR_BACTERIA-9922492-0001_rot1.png,1.11E+61
VAR_BACTERIA-9922492-0001_rot2.png,1.11E+62
VAR_BACTERIA-9922492-0001_rot3.png,1.11E+61
VAR_BACTERIA-9922492-0001_rot4.png,1.11E+61
VAR_BACTERIA-9922492-0001_rot5.png,1.11E+61
VAR_BACTERIA-9922492-0001_rot6.png,1.11E+61
VAR_BACTERIA-9934736-0001_bright0.8.png,1.11E+62
VAR_BACTERIA-9934736-0001_bright0.9.png,1.11E+62
VAR_BACTERIA-9934736-0001_bright1.1.png,1.11E+62
VAR_BACTERIA-9934736-0001_bright1.2.png,1.11E+62
VAR_BACTERIA-9934736-0001_bright1.3.png,1.11E+62
VAR_BACTERIA-9934736-0001_jpeg30.png,1.11E+61
VAR_BACTERIA-9934736-0001_jpeg50.png,1.11E+62
VAR_BACTERIA-9934736-0001_jpeg70.png,1.11E+62
VAR_BACTERIA-9934736-0001_jpeg90.png,1.11E+61
VAR_BACTERIA-9934736-0001_noise0.001.png,1.11E+62
VAR_BACTERIA-9934736-0001_noise0.002.png,1.11E+62
VAR_BACTERIA-9934736-0001_noise0.003.png,1.11E+62
VAR_BACTERIA-9934736-0001_noise0.004.png,1.11E+62
VAR_BACTERIA-9934736-0001_noise0.005.png,1.11E+62
VAR_BACTERIA-9934736-0001_original.png,1.11E+62
VAR_BACTERIA-9934736-0001_rot1.png,1.11E+62
VAR_BACTERIA-9934736-0001_rot2.png,1.11E+61
VAR_BACTERIA-9934736-0001_rot3.png,1.11E+62
VAR_BACTERIA-9934736-0001_rot4.png,1.11E+61
VAR_BACTERIA-9934736-0001_rot5.png,1.11E+61
VAR_BACTERIA-9934736-0001_rot6.png,1.11E+61
VAR_BACTERIA-9934736-0002_bright0.8.png,1.11E+62
VAR_BACTERIA-9934736-0002_bright0.9.png,1.11E+62
VAR_BACTERIA-9934736-0002_bright1.1.png,1.11E+62
VAR_BACTERIA-9934736-0002_bright1.2.png,1.11E+62
VAR_BACTERIA-9934736-0002_bright1.3.png,1.11E+62
VAR_BACTERIA-9934736-0002_jpeg30.png,1.11E+62
VAR_BACTERIA-9934736-0002_jpeg50.png,1.11E+61
VAR_BACTERIA-9934736-0002_jpeg70.png,1.11E+62
VAR_BACTERIA-9934736-0002_jpeg90.png,1.11E+62
VAR_BACTERIA-9934736-0002_noise0.001.png,1.11E+62
VAR_BACTERIA-9934736-0002_noise0.002.png,1.11E+62
VAR_BACTERIA-9934736-0002_noise0.003.png,1.11E+62
VAR_BACTERIA-9934736-0002_noise0.004.png,1.11E+62
VAR_BACTERIA-9934736-0002_noise0.005.png,1.11E+62
VAR_BACTERIA-9934736-0002_original.png,1.11E+62
VAR_BACTERIA-9934736-0002_rot1.png,1.11E+62
VAR_BACTERIA-9934736-0002_rot2.png,1.11E+62
VAR_BACTERIA-9934736-0002_rot3.png,1.11E+62
VAR_BACTERIA-9934736-0002_rot4.png,1.11E+62
VAR_BACTERIA-9934736-0002_rot5.png,1.11E+62
VAR_BACTERIA-9934736-0002_rot6.png,1.11E+62
VAR_BACTERIA-9942581-0001_bright0.8.png,1.01E+62
VAR_BACTERIA-9942581-0001_bright0.9.png,1.10E+60
VAR_BACTERIA-9942581-0001_bright1.1.png,1.00E+60
VAR_BACTERIA-9942581-0001_bright1.2.png,1.10E+60
VAR_BACTERIA-9942581-0001_bright1.3.png,1.10E+60
VAR_BACTERIA-9942581-0001_jpeg30.png,1.11E+62
VAR_BACTERIA-9942581-0001_jpeg50.png,1.11E+62
VAR_BACTERIA-9942581-0001_jpeg70.png,1.11E+61
VAR_BACTERIA-9942581-0001_jpeg90.png,1.00E+60
VAR_BACTERIA-9942581-0001_noise0.001.png,1.00E+60
VAR_BACTERIA-9942581-0001_noise0.002.png,1.00E+60
VAR_BACTERIA-9942581-0001_noise0.003.png,1.00E+60
VAR_BACTERIA-9942581-0001_noise0.004.png,1.00E+60
VAR_BACTERIA-9942581-0001_noise0.005.png,1.00E+60
VAR_BACTERIA-9942581-0001_original.png,1.00E+60
VAR_BACTERIA-9942581-0001_rot1.png,1.01E+62
VAR_BACTERIA-9942581-0001_rot2.png,1.01E+62
VAR_BACTERIA-9942581-0001_rot3.png,1.11E+62
VAR_BACTERIA-9942581-0001_rot4.png,1.11E+62
VAR_BACTERIA-9942581-0001_rot5.png,1.11E+62
VAR_BACTERIA-9942581-0001_rot6.png,1.11E+62
VAR_BACTERIA-9947411-0001_bright0.8.png,1.11E+62
VAR_BACTERIA-9947411-0001_bright0.9.png,1.11E+62
VAR_BACTERIA-9947411-0001_bright1.1.png,1.11E+62
VAR_BACTERIA-9947411-0001_bright1.2.png,1.11E+62
VAR_BACTERIA-9947411-0001_bright1.3.png,1.11E+62
VAR_BACTERIA-9947411-0001_jpeg30.png,1.11E+62
VAR_BACTERIA-9947411-0001_jpeg50.png,1.11E+61
VAR_BACTERIA-9947411-0001_jpeg70.png,1.11E+62
VAR_BACTERIA-9947411-0001_jpeg90.png,1.11E+62
VAR_BACTERIA-9947411-0001_noise0.001.png,1.11E+62
VAR_BACTERIA-9947411-0001_noise0.002.png,1.11E+62
VAR_BACTERIA-9947411-0001_noise0.003.png,1.11E+62
VAR_BACTERIA-9947411-0001_noise0.004.png,1.11E+62
VAR_BACTERIA-9947411-0001_noise0.005.png,1.11E+62
VAR_BACTERIA-9947411-0001_original.png,1.11E+62
VAR_BACTERIA-9947411-0001_rot1.png,1.11E+62
VAR_BACTERIA-9947411-0001_rot2.png,1.11E+62
VAR_BACTERIA-9947411-0001_rot3.png,1.11E+62
VAR_BACTERIA-9947411-0001_rot4.png,1.11E+62
VAR_BACTERIA-9947411-0001_rot5.png,1.11E+62
VAR_BACTERIA-9947411-0001_rot6.png,1.11E+62
VAR_BACTERIA-9947988-0001_bright0.8.png,1.00E+62
VAR_BACTERIA-9947988-0001_bright0.9.png,1.00E+62
VAR_BACTERIA-9947988-0001_bright1.1.png,1.00E+62
VAR_BACTERIA-9947988-0001_bright1.2.png,1.00E+62
VAR_BACTERIA-9947988-0001_bright1.3.png,1.00E+62
VAR_BACTERIA-9947988-0001_jpeg30.png,1.11E+61
VAR_BACTERIA-9947988-0001_jpeg50.png,1.11E+62
VAR_BACTERIA-9947988-0001_jpeg70.png,1.01E+62
VAR_BACTERIA-9947988-0001_jpeg90.png,1.00E+62
VAR_BACTERIA-9947988-0001_noise0.001.png,1.00E+62
VAR_BACTERIA-9947988-0001_noise0.002.png,1.00E+62
VAR_BACTERIA-9947988-0001_noise0.003.png,1.00E+62
VAR_BACTERIA-9947988-0001_noise0.004.png,1.00E+62
VAR_BACTERIA-9947988-0001_noise0.005.png,1.00E+62
VAR_BACTERIA-9947988-0001_original.png,1.00E+62
VAR_BACTERIA-9947988-0001_rot1.png,1.00E+62
VAR_BACTERIA-9947988-0001_rot2.png,1.00E+62
VAR_BACTERIA-9947988-0001_rot3.png,1.00E+62
VAR_BACTERIA-9947988-0001_rot4.png,1.00E+62
VAR_BACTERIA-9947988-0001_rot5.png,1.01E+62
VAR_BACTERIA-9947988-0001_rot6.png,1.00E+59
VAR_BACTERIA-9961529-0001_bright0.8.png,1.11E+62
VAR_BACTERIA-9961529-0001_bright0.9.png,1.11E+62
VAR_BACTERIA-9961529-0001_bright1.1.png,1.11E+62
VAR_BACTERIA-9961529-0001_bright1.2.png,1.11E+62
VAR_BACTERIA-9961529-0001_bright1.3.png,1.11E+62
VAR_BACTERIA-9961529-0001_jpeg30.png,1.11E+61
VAR_BACTERIA-9961529-0001_jpeg50.png,1.11E+61
VAR_BACTERIA-9961529-0001_jpeg70.png,1.11E+62
VAR_BACTERIA-9961529-0001_jpeg90.png,1.11E+62
VAR_BACTERIA-9961529-0001_noise0.001.png,1.11E+62
VAR_BACTERIA-9961529-0001_noise0.002.png,1.11E+62
VAR_BACTERIA-9961529-0001_noise0.003.png,1.11E+62
VAR_BACTERIA-9961529-0001_noise0.004.png,1.11E+62
VAR_BACTERIA-9961529-0001_noise0.005.png,1.11E+62
VAR_BACTERIA-9961529-0001_original.png,1.11E+62
VAR_BACTERIA-9961529-0001_rot1.png,1.11E+62
VAR_BACTERIA-9961529-0001_rot2.png,1.11E+62
VAR_BACTERIA-9961529-0001_rot3.png,1.11E+62
VAR_BACTERIA-9961529-0001_rot4.png,1.11E+62
VAR_BACTERIA-9961529-0001_rot5.png,1.11E+62
VAR_BACTERIA-9961529-0001_rot6.png,1.11E+62
VAR_BACTERIA-9962725-0001_bright0.8.png,1.01E+62
VAR_BACTERIA-9962725-0001_bright0.9.png,1.01E+62
VAR_BACTERIA-9962725-0001_bright1.1.png,1.01E+62
VAR_BACTERIA-9962725-0001_bright1.2.png,1.01E+62
VAR_BACTERIA-9962725-0001_bright1.3.png,1.00E+62
VAR_BACTERIA-9962725-0001_jpeg30.png,1.11E+62
VAR_BACTERIA-9962725-0001_jpeg50.png,1.11E+61
VAR_BACTERIA-9962725-0001_jpeg70.png,1.01E+62
VAR_BACTERIA-9962725-0001_jpeg90.png,1.01E+62
VAR_BACTERIA-9962725-0001_noise0.001.png,1.01E+62
VAR_BACTERIA-9962725-0001_noise0.002.png,1.01E+62
VAR_BACTERIA-9962725-0001_noise0.003.png,1.01E+62
VAR_BACTERIA-9962725-0001_noise0.004.png,1.01E+62
VAR_BACTERIA-9962725-0001_noise0.005.png,1.01E+62
VAR_BACTERIA-9962725-0001_original.png,1.01E+62
VAR_BACTERIA-9962725-0001_rot1.png,1.01E+62
VAR_BACTERIA-9962725-0001_rot2.png,1.00E+59
VAR_BACTERIA-9962725-0001_rot3.png,1.00E+62
VAR_BACTERIA-9962725-0001_rot4.png,1.00E+62
VAR_BACTERIA-9962725-0001_rot5.png,1.11E+62
VAR_BACTERIA-9962725-0001_rot6.png,1.11E+62
VAR_BACTERIA-9962961-0001_bright0.8.png,1.01E+62
VAR_BACTERIA-9962961-0001_bright0.9.png,1.01E+62
VAR_BACTERIA-9962961-0001_bright1.1.png,1.00E+62
VAR_BACTERIA-9962961-0001_bright1.2.png,1.00E+62
VAR_BACTERIA-9962961-0001_bright1.3.png,1.00E+59
VAR_BACTERIA-9962961-0001_jpeg30.png,1.11E+61
VAR_BACTERIA-9962961-0001_jpeg50.png,1.11E+61
VAR_BACTERIA-9962961-0001_jpeg70.png,1.11E+61
VAR_BACTERIA-9962961-0001_jpeg90.png,1.11E+62
VAR_BACTERIA-9962961-0001_noise0.001.png,1.00E+62
VAR_BACTERIA-9962961-0001_noise0.002.png,1.00E+62
VAR_BACTERIA-9962961-0001_noise0.003.png,1.00E+62
VAR_BACTERIA-9962961-0001_noise0.004.png,1.01E+62
VAR_BACTERIA-9962961-0001_noise0.005.png,1.00E+62
VAR_BACTERIA-9962961-0001_original.png,1.01E+62
VAR_BACTERIA-9962961-0001_rot1.png,1.00E+62
VAR_BACTERIA-9962961-0001_rot2.png,1.00E+62
VAR_BACTERIA-9962961-0001_rot3.png,1.00E+62
VAR_BACTERIA-9962961-0001_rot4.png,1.00E+62
VAR_BACTERIA-9962961-0001_rot5.png,1.00E+62
VAR_BACTERIA-9962961-0001_rot6.png,1.00E+62
VAR_BACTERIA-9970558-0001_bright0.8.png,1.11E+62
VAR_BACTERIA-9970558-0001_bright0.9.png,1.11E+62
VAR_BACTERIA-9970558-0001_bright1.1.png,1.11E+62
VAR_BACTERIA-9970558-0001_bright1.2.png,1.11E+62
VAR_BACTERIA-9970558-0001_bright1.3.png,1.11E+62
VAR_BACTERIA-9970558-0001_jpeg30.png,1.11E+62
VAR_BACTERIA-9970558-0001_jpeg50.png,1.11E+62
VAR_BACTERIA-9970558-0001_jpeg70.png,1.11E+62
VAR_BACTERIA-9970558-0001_jpeg90.png,1.11E+62
VAR_BACTERIA-9970558-0001_noise0.001.png,1.11E+62
VAR_BACTERIA-9970558-0001_noise0.002.png,1.11E+62
VAR_BACTERIA-9970558-0001_noise0.003.png,1.11E+62
VAR_BACTERIA-9970558-0001_noise0.004.png,1.11E+62
VAR_BACTERIA-9970558-0001_noise0.005.png,1.11E+62
VAR_BACTERIA-9970558-0001_original.png,1.11E+62
VAR_BACTERIA-9970558-0001_rot1.png,1.11E+62
VAR_BACTERIA-9970558-0001_rot2.png,1.11E+62
VAR_BACTERIA-9970558-0001_rot3.png,1.11E+62
VAR_BACTERIA-9970558-0001_rot4.png,1.11E+62
VAR_BACTERIA-9970558-0001_rot5.png,1.11E+62
VAR_BACTERIA-9970558-0001_rot6.png,1.11E+62
VAR_BACTERIA-9971730-0001_bright0.8.png,1.01E+62
VAR_BACTERIA-9971730-0001_bright0.9.png,1.01E+62
VAR_BACTERIA-9971730-0001_bright1.1.png,1.00E+62
VAR_BACTERIA-9971730-0001_bright1.2.png,1.00E+62
VAR_BACTERIA-9971730-0001_bright1.3.png,1.11E+62
VAR_BACTERIA-9971730-0001_jpeg30.png,1.11E+62
VAR_BACTERIA-9971730-0001_jpeg50.png,1.11E+62
VAR_BACTERIA-9971730-0001_jpeg70.png,1.11E+62
VAR_BACTERIA-9971730-0001_jpeg90.png,1.01E+62
VAR_BACTERIA-9971730-0001_noise0.001.png,1.00E+62
VAR_BACTERIA-9971730-0001_noise0.002.png,1.01E+62
VAR_BACTERIA-9971730-0001_noise0.003.png,1.01E+62
VAR_BACTERIA-9971730-0001_noise0.004.png,1.01E+62
VAR_BACTERIA-9971730-0001_noise0.005.png,1.00E+62
VAR_BACTERIA-9971730-0001_original.png,1.01E+62
VAR_BACTERIA-9971730-0001_rot1.png,1.10E+63
VAR_BACTERIA-9971730-0001_rot2.png,1.01E+62
VAR_BACTERIA-9971730-0001_rot3.png,1.01E+62
VAR_BACTERIA-9971730-0001_rot4.png,1.01E+62
VAR_BACTERIA-9971730-0001_rot5.png,1.01E+62
VAR_BACTERIA-9971730-0001_rot6.png,1.01E+62
VAR_BACTERIA-9975428-0001_bright0.8.png,1.11E+62
VAR_BACTERIA-9975428-0001_bright0.9.png,1.11E+62
VAR_BACTERIA-9975428-0001_bright1.1.png,1.11E+62
VAR_BACTERIA-9975428-0001_bright1.2.png,1.11E+62
VAR_BACTERIA-9975428-0001_bright1.3.png,1.11E+62
VAR_BACTERIA-9975428-0001_jpeg30.png,1.11E+62
VAR_BACTERIA-9975428-0001_jpeg50.png,1.11E+62
VAR_BACTERIA-9975428-0001_jpeg70.png,1.11E+62
VAR_BACTERIA-9975428-0001_jpeg90.png,1.11E+62
VAR_BACTERIA-9975428-0001_noise0.001.png,1.11E+62
VAR_BACTERIA-9975428-0001_noise0.002.png,1.11E+62
VAR_BACTERIA-9975428-0001_noise0.003.png,1.11E+62
VAR_BACTERIA-9975428-0001_noise0.004.png,1.11E+62
VAR_BACTERIA-9975428-0001_noise0.005.png,1.11E+62
VAR_BACTERIA-9975428-0001_original.png,1.11E+62
VAR_BACTERIA-9975428-0001_rot1.png,1.11E+62
VAR_BACTERIA-9975428-0001_rot2.png,1.11E+62
VAR_BACTERIA-9975428-0001_rot3.png,1.11E+62
VAR_BACTERIA-9975428-0001_rot4.png,1.11E+62
VAR_BACTERIA-9975428-0001_rot5.png,1.11E+62
VAR_BACTERIA-9975428-0001_rot6.png,1.11E+62
VAR_BACTERIA-9988673-0001_bright0.8.png,1.10E+60
VAR_BACTERIA-9988673-0001_bright0.9.png,1.10E+60
VAR_BACTERIA-9988673-0001_bright1.1.png,1.10E+60
VAR_BACTERIA-9988673-0001_bright1.2.png,1.01E+62
VAR_BACTERIA-9988673-0001_bright1.3.png,1.10E+60
VAR_BACTERIA-9988673-0001_jpeg30.png,1.11E+61
VAR_BACTERIA-9988673-0001_jpeg50.png,1.11E+61
VAR_BACTERIA-9988673-0001_jpeg70.png,1.11E+61
VAR_BACTERIA-9988673-0001_jpeg90.png,1.01E+62
VAR_BACTERIA-9988673-0001_noise0.001.png,1.10E+60
VAR_BACTERIA-9988673-0001_noise0.002.png,1.10E+60
VAR_BACTERIA-9988673-0001_noise0.003.png,1.10E+60
VAR_BACTERIA-9988673-0001_noise0.004.png,1.10E+60
VAR_BACTERIA-9988673-0001_noise0.005.png,1.10E+60
VAR_BACTERIA-9988673-0001_original.png,1.10E+60
VAR_BACTERIA-9988673-0001_rot1.png,1.00E+13
VAR_BACTERIA-9988673-0001_rot2.png,1.00E+46
VAR_BACTERIA-9988673-0001_rot3.png,1.10E+47
VAR_BACTERIA-9988673-0001_rot4.png,1.00E+59
VAR_BACTERIA-9988673-0001_rot5.png,1.00E+59
VAR_BACTERIA-9988673-0001_rot6.png,1.00E+59
VAR_BACTERIA-9988673-0002_bright0.8.png,1.01E+62
VAR_BACTERIA-9988673-0002_bright0.9.png,1.00E+62
VAR_BACTERIA-9988673-0002_bright1.1.png,1.00E+62
VAR_BACTERIA-9988673-0002_bright1.2.png,1.00E+62
VAR_BACTERIA-9988673-0002_bright1.3.png,1.00E+62
VAR_BACTERIA-9988673-0002_jpeg30.png,1.11E+61
VAR_BACTERIA-9988673-0002_jpeg50.png,1.11E+61
VAR_BACTERIA-9988673-0002_jpeg70.png,1.11E+61
VAR_BACTERIA-9988673-0002_jpeg90.png,1.01E+62
VAR_BACTERIA-9988673-0002_noise0.001.png,1.00E+62
VAR_BACTERIA-9988673-0002_noise0.002.png,1.00E+62
VAR_BACTERIA-9988673-0002_noise0.003.png,1.00E+62
VAR_BACTERIA-9988673-0002_noise0.004.png,1.00E+62
VAR_BACTERIA-9988673-0002_noise0.005.png,1.00E+62
VAR_BACTERIA-9988673-0002_original.png,1.00E+62
VAR_BACTERIA-9988673-0002_rot1.png,1.01E+62
VAR_BACTERIA-9988673-0002_rot2.png,1.00E+62
VAR_BACTERIA-9988673-0002_rot3.png,1.11E+62
VAR_BACTERIA-9988673-0002_rot4.png,1.11E+62
VAR_BACTERIA-9988673-0002_rot5.png,1.11E+62
VAR_BACTERIA-9988673-0002_rot6.png,1.01E+62
VAR_BACTERIA-9988673-0003_bright0.8.png,1.11E+62
VAR_BACTERIA-9988673-0003_bright0.9.png,1.11E+62
VAR_BACTERIA-9988673-0003_bright1.1.png,1.11E+62
VAR_BACTERIA-9988673-0003_bright1.2.png,1.11E+62
VAR_BACTERIA-9988673-0003_bright1.3.png,1.11E+62
VAR_BACTERIA-9988673-0003_jpeg30.png,1.11E+62
VAR_BACTERIA-9988673-0003_jpeg50.png,1.11E+62
VAR_BACTERIA-9988673-0003_jpeg70.png,1.11E+62
VAR_BACTERIA-9988673-0003_jpeg90.png,1.11E+62
VAR_BACTERIA-9988673-0003_noise0.001.png,1.11E+62
VAR_BACTERIA-9988673-0003_noise0.002.png,1.11E+62
VAR_BACTERIA-9988673-0003_noise0.003.png,1.11E+62
VAR_BACTERIA-9988673-0003_noise0.004.png,1.11E+62
VAR_BACTERIA-9988673-0003_noise0.005.png,1.11E+62
VAR_BACTERIA-9988673-0003_original.png,1.11E+62
VAR_BACTERIA-9988673-0003_rot1.png,1.11E+62
VAR_BACTERIA-9988673-0003_rot2.png,1.11E+62
VAR_BACTERIA-9988673-0003_rot3.png,1.11E+62
VAR_BACTERIA-9988673-0003_rot4.png,1.11E+62
VAR_BACTERIA-9988673-0003_rot5.png,1.11E+62
VAR_BACTERIA-9988673-0003_rot6.png,1.11E+62
VAR_BACTERIA-9998808-0001_bright0.8.png,1.11E+62
VAR_BACTERIA-9998808-0001_bright0.9.png,1.11E+62
VAR_BACTERIA-9998808-0001_bright1.1.png,1.11E+62
VAR_BACTERIA-9998808-0001_bright1.2.png,1.11E+62
VAR_BACTERIA-9998808-0001_bright1.3.png,1.11E+62
VAR_BACTERIA-9998808-0001_jpeg30.png,1.11E+61
VAR_BACTERIA-9998808-0001_jpeg50.png,1.11E+61
VAR_BACTERIA-9998808-0001_jpeg70.png,1.11E+61
VAR_BACTERIA-9998808-0001_jpeg90.png,1.11E+62
VAR_BACTERIA-9998808-0001_noise0.001.png,1.11E+62
VAR_BACTERIA-9998808-0001_noise0.002.png,1.11E+62
VAR_BACTERIA-9998808-0001_noise0.003.png,1.11E+62
VAR_BACTERIA-9998808-0001_noise0.004.png,1.11E+62
VAR_BACTERIA-9998808-0001_noise0.005.png,1.11E+62
VAR_BACTERIA-9998808-0001_original.png,1.11E+62
VAR_BACTERIA-9998808-0001_rot1.png,1.11E+62
VAR_BACTERIA-9998808-0001_rot2.png,1.11E+62
VAR_BACTERIA-9998808-0001_rot3.png,1.11E+62
VAR_BACTERIA-9998808-0001_rot4.png,1.11E+62
VAR_BACTERIA-9998808-0001_rot5.png,1.11E+62
VAR_BACTERIA-9998808-0001_rot6.png,1.11E+62
VAR_ct100_bright0.8.png,1.11E+59
VAR_ct100_bright0.9.png,1.11E+59
VAR_ct100_bright1.1.png,1.11E+60
VAR_ct100_bright1.2.png,1.11E+60
VAR_ct100_bright1.3.png,1.11E+60
VAR_ct100_jpeg30.png,1.00E+58
VAR_ct100_jpeg50.png,1.00E+58
VAR_ct100_jpeg70.png,1.11E+60
VAR_ct100_jpeg90.png,1.11E+59
VAR_ct100_noise0.001.png,1.11E+59
VAR_ct100_noise0.002.png,1.11E+59
VAR_ct100_noise0.003.png,1.11E+59
VAR_ct100_noise0.004.png,1.11E+59
VAR_ct100_noise0.005.png,1.11E+59
VAR_ct100_original.png,1.11E+59
VAR_ct100_rot1.png,1.11E+59
VAR_ct100_rot2.png,1.10E+59
VAR_ct100_rot3.png,1.11E+59
VAR_ct100_rot4.png,1.11E+59
VAR_ct100_rot5.png,1.11E+59
VAR_ct100_rot6.png,1.10E+58
VAR_ct108_bright0.8.png,1.00E+58
VAR_ct108_bright0.9.png,1.00E+58
VAR_ct108_bright1.1.png,1.00E+58
VAR_ct108_bright1.2.png,1.00E+58
VAR_ct108_bright1.3.png,1.00E+58
VAR_ct108_jpeg30.png,1.00E+58
VAR_ct108_jpeg50.png,1.01E+36
VAR_ct108_jpeg70.png,1.00E+58
VAR_ct108_jpeg90.png,1.00E+36
VAR_ct108_noise0.001.png,1.00E+42
VAR_ct108_noise0.002.png,1.00E+42
VAR_ct108_noise0.003.png,1.00E+42
VAR_ct108_noise0.004.png,1.00E+39
VAR_ct108_noise0.005.png,1.00E+42
VAR_ct108_original.png,1.00E+58
VAR_ct108_rot1.png,1.00E+58
VAR_ct108_rot2.png,1.00E+58
VAR_ct108_rot3.png,1.00E+36
VAR_ct108_rot4.png,1.00E+58
VAR_ct108_rot5.png,1.00E+36
VAR_ct108_rot6.png,1.00E+36
VAR_ct109_bright0.8.png,1.00E+58
VAR_ct109_bright0.9.png,1.00E+58
VAR_ct109_bright1.1.png,1.00E+58
VAR_ct109_bright1.2.png,1.00E+58
VAR_ct109_bright1.3.png,1.00E+58
VAR_ct109_jpeg30.png,1.00E+58
VAR_ct109_jpeg50.png,1.00E+58
VAR_ct109_jpeg70.png,1.10E+59
VAR_ct109_jpeg90.png,1.10E+59
VAR_ct109_noise0.001.png,1.00E+58
VAR_ct109_noise0.002.png,1.00E+58
VAR_ct109_noise0.003.png,1.00E+58
VAR_ct109_noise0.004.png,1.00E+58
VAR_ct109_noise0.005.png,1.00E+58
VAR_ct109_original.png,1.00E+58
VAR_ct109_rot1.png,1.10E+59
VAR_ct109_rot2.png,1.10E+59
VAR_ct109_rot3.png,1.10E+59
VAR_ct109_rot4.png,1.10E+59
VAR_ct109_rot5.png,1.01E+60
VAR_ct109_rot6.png,1.11E+60
VAR_ct10_bright0.8.png,1.00E+62
VAR_ct10_bright0.9.png,1.00E+62
VAR_ct10_bright1.1.png,1.10E+63
VAR_ct10_bright1.2.png,1.10E+63
VAR_ct10_bright1.3.png,1.10E+63
VAR_ct10_jpeg30.png,1.01E+60
VAR_ct10_jpeg50.png,1.10E+58
VAR_ct10_jpeg70.png,1.00E+63
VAR_ct10_jpeg90.png,1.00E+62
VAR_ct10_noise0.001.png,1.11E+63
VAR_ct10_noise0.002.png,1.11E+62
VAR_ct10_noise0.003.png,1.11E+62
VAR_ct10_noise0.004.png,1.11E+62
VAR_ct10_noise0.005.png,1.11E+62
VAR_ct10_original.png,1.00E+62
VAR_ct10_rot1.png,1.10E+63
VAR_ct10_rot2.png,1.11E+63
VAR_ct10_rot3.png,1.11E+63
VAR_ct10_rot4.png,1.11E+63
VAR_ct10_rot5.png,1.10E+63
VAR_ct10_rot6.png,1.10E+63
VAR_ct110_bright0.8.png,1.00E+63
VAR_ct110_bright0.9.png,1.10E+63
VAR_ct110_bright1.1.png,1.10E+63
VAR_ct110_bright1.2.png,1.10E+63
VAR_ct110_bright1.3.png,1.10E+63
VAR_ct110_jpeg30.png,1.00E+58
VAR_ct110_jpeg50.png,1.11E+59
VAR_ct110_jpeg70.png,1.11E+59
VAR_ct110_jpeg90.png,1.00E+63
VAR_ct110_noise0.001.png,1.10E+63
VAR_ct110_noise0.002.png,1.10E+63
VAR_ct110_noise0.003.png,1.10E+63
VAR_ct110_noise0.004.png,1.10E+63
VAR_ct110_noise0.005.png,1.10E+63
VAR_ct110_original.png,1.10E+63
VAR_ct110_rot1.png,1.11E+59
VAR_ct110_rot2.png,1.11E+59
VAR_ct110_rot3.png,1.10E+58
VAR_ct110_rot4.png,1.11E+59
VAR_ct110_rot5.png,1.00E+63
VAR_ct110_rot6.png,1.11E+60
VAR_ct118_bright0.8.png,1.10E+59
VAR_ct118_bright0.9.png,1.10E+59
VAR_ct118_bright1.1.png,1.11E+59
VAR_ct118_bright1.2.png,1.11E+59
VAR_ct118_bright1.3.png,1.11E+59
VAR_ct118_jpeg30.png,1.10E+59
VAR_ct118_jpeg50.png,1.10E+59
VAR_ct118_jpeg70.png,1.10E+59
VAR_ct118_jpeg90.png,1.10E+59
VAR_ct118_noise0.001.png,1.11E+59
VAR_ct118_noise0.002.png,1.11E+59
VAR_ct118_noise0.003.png,1.11E+59
VAR_ct118_noise0.004.png,1.11E+59
VAR_ct118_noise0.005.png,1.11E+59
VAR_ct118_original.png,1.11E+59
VAR_ct118_rot1.png,1.10E+59
VAR_ct118_rot2.png,1.10E+59
VAR_ct118_rot3.png,1.10E+59
VAR_ct118_rot4.png,1.10E+59
VAR_ct118_rot5.png,1.10E+59
VAR_ct118_rot6.png,1.10E+59
VAR_ct119_bright0.8.png,1.00E+58
VAR_ct119_bright0.9.png,1.00E+58
VAR_ct119_bright1.1.png,1.00E+58
VAR_ct119_bright1.2.png,1.00E+58
VAR_ct119_bright1.3.png,1.00E+58
VAR_ct119_jpeg30.png,1.11E+60
VAR_ct119_jpeg50.png,1.10E+59
VAR_ct119_jpeg70.png,1.10E+59
VAR_ct119_jpeg90.png,1.00E+58
VAR_ct119_noise0.001.png,1.01E+60
VAR_ct119_noise0.002.png,1.01E+60
VAR_ct119_noise0.003.png,1.01E+60
VAR_ct119_noise0.004.png,1.01E+60
VAR_ct119_noise0.005.png,1.01E+60
VAR_ct119_original.png,1.00E+58
VAR_ct119_rot1.png,1.10E+59
VAR_ct119_rot2.png,1.10E+59
VAR_ct119_rot3.png,1.10E+59
VAR_ct119_rot4.png,1.10E+59
VAR_ct119_rot5.png,1.10E+59
VAR_ct119_rot6.png,1.11E+60
VAR_ct120_bright0.8.png,1.00E+58
VAR_ct120_bright0.9.png,1.00E+58
VAR_ct120_bright1.1.png,1.00E+58
VAR_ct120_bright1.2.png,1.00E+58
VAR_ct120_bright1.3.png,1.00E+58
VAR_ct120_jpeg30.png,1.00E+58
VAR_ct120_jpeg50.png,1.00E+58
VAR_ct120_jpeg70.png,1.00E+58
VAR_ct120_jpeg90.png,1.00E+58
VAR_ct120_noise0.001.png,1.00E+58
VAR_ct120_noise0.002.png,1.00E+58
VAR_ct120_noise0.003.png,1.00E+58
VAR_ct120_noise0.004.png,1.00E+58
VAR_ct120_noise0.005.png,1.00E+58
VAR_ct120_original.png,1.00E+58
VAR_ct120_rot1.png,1.00E+58
VAR_ct120_rot2.png,1.00E+58
VAR_ct120_rot3.png,1.00E+58
VAR_ct120_rot4.png,1.00E+58
VAR_ct120_rot5.png,1.00E+58
VAR_ct120_rot6.png,1.00E+58
VAR_ct128_bright0.8.png,1.00E+63
VAR_ct128_bright0.9.png,1.00E+63
VAR_ct128_bright1.1.png,1.00E+63
VAR_ct128_bright1.2.png,1.00E+58
VAR_ct128_bright1.3.png,1.10E+58
VAR_ct128_jpeg30.png,1.11E+61
VAR_ct128_jpeg50.png,1.11E+60
VAR_ct128_jpeg70.png,1.11E+60
VAR_ct128_jpeg90.png,1.00E+63
VAR_ct128_noise0.001.png,1.00E+63
VAR_ct128_noise0.002.png,1.00E+63
VAR_ct128_noise0.003.png,1.00E+63
VAR_ct128_noise0.004.png,1.00E+63
VAR_ct128_noise0.005.png,1.00E+63
VAR_ct128_original.png,1.00E+63
VAR_ct128_rot1.png,1.00E+58
VAR_ct128_rot2.png,1.11E+60
VAR_ct128_rot3.png,1.11E+60
VAR_ct128_rot4.png,1.11E+60
VAR_ct128_rot5.png,1.00E+63
VAR_ct128_rot6.png,1.11E+60
VAR_ct129_bright0.8.png,1.01E+60
VAR_ct129_bright0.9.png,1.01E+60
VAR_ct129_bright1.1.png,1.01E+60
VAR_ct129_bright1.2.png,1.01E+60
VAR_ct129_bright1.3.png,1.01E+60
VAR_ct129_jpeg30.png,1.01E+60
VAR_ct129_jpeg50.png,1.01E+60
VAR_ct129_jpeg70.png,1.01E+60
VAR_ct129_jpeg90.png,1.01E+60
VAR_ct129_noise0.001.png,1.01E+60
VAR_ct129_noise0.002.png,1.01E+60
VAR_ct129_noise0.003.png,1.01E+60
VAR_ct129_noise0.004.png,1.01E+60
VAR_ct129_noise0.005.png,1.01E+60
VAR_ct129_original.png,1.01E+60
VAR_ct129_rot1.png,1.01E+60
VAR_ct129_rot2.png,1.01E+60
VAR_ct129_rot3.png,1.01E+60
VAR_ct129_rot4.png,1.01E+60
VAR_ct129_rot5.png,1.01E+60
VAR_ct129_rot6.png,1.01E+60
VAR_ct130_bright0.8.png,1.10E+59
VAR_ct130_bright0.9.png,1.10E+59
VAR_ct130_bright1.1.png,1.10E+59
VAR_ct130_bright1.2.png,1.10E+59
VAR_ct130_bright1.3.png,1.11E+59
VAR_ct130_jpeg30.png,1.00E+58
VAR_ct130_jpeg50.png,1.10E+59
VAR_ct130_jpeg70.png,1.00E+58
VAR_ct130_jpeg90.png,1.10E+59
VAR_ct130_noise0.001.png,1.10E+59
VAR_ct130_noise0.002.png,1.01E+59
VAR_ct130_noise0.003.png,1.01E+59
VAR_ct130_noise0.004.png,1.10E+59
VAR_ct130_noise0.005.png,1.00E+59
VAR_ct130_original.png,1.10E+59
VAR_ct130_rot1.png,1.10E+59
VAR_ct130_rot2.png,1.10E+59
VAR_ct130_rot3.png,1.10E+59
VAR_ct130_rot4.png,1.10E+59
VAR_ct130_rot5.png,1.10E+59
VAR_ct130_rot6.png,1.10E+59
VAR_ct138_bright0.8.png,1.00E+58
VAR_ct138_bright0.9.png,1.00E+58
VAR_ct138_bright1.1.png,1.10E+58
VAR_ct138_bright1.2.png,1.10E+58
VAR_ct138_bright1.3.png,1.00E+58
VAR_ct138_jpeg30.png,1.00E+58
VAR_ct138_jpeg50.png,1.00E+58
VAR_ct138_jpeg70.png,1.10E+58
VAR_ct138_jpeg90.png,1.10E+58
VAR_ct138_noise0.001.png,1.10E+58
VAR_ct138_noise0.002.png,1.10E+58
VAR_ct138_noise0.003.png,1.10E+58
VAR_ct138_noise0.004.png,1.10E+58
VAR_ct138_noise0.005.png,1.10E+58
VAR_ct138_original.png,1.10E+58
VAR_ct138_rot1.png,1.00E+58
VAR_ct138_rot2.png,1.00E+58
VAR_ct138_rot3.png,1.00E+58
VAR_ct138_rot4.png,1.00E+58
VAR_ct138_rot5.png,1.00E+58
VAR_ct138_rot6.png,1.00E+58
VAR_ct139_bright0.8.png,1.00E+63
VAR_ct139_bright0.9.png,1.11E+60
VAR_ct139_bright1.1.png,1.01E+63
VAR_ct139_bright1.2.png,1.01E+63
VAR_ct139_bright1.3.png,1.01E+63
VAR_ct139_jpeg30.png,1.11E+61
VAR_ct139_jpeg50.png,1.11E+61
VAR_ct139_jpeg70.png,1.11E+61
VAR_ct139_jpeg90.png,1.11E+61
VAR_ct139_noise0.001.png,1.11E+61
VAR_ct139_noise0.002.png,1.11E+61
VAR_ct139_noise0.003.png,1.11E+61
VAR_ct139_noise0.004.png,1.11E+61
VAR_ct139_noise0.005.png,1.11E+61
VAR_ct139_original.png,1.11E+61
VAR_ct139_rot1.png,1.11E+61
VAR_ct139_rot2.png,1.11E+61
VAR_ct139_rot3.png,1.11E+61
VAR_ct139_rot4.png,1.11E+61
VAR_ct139_rot5.png,1.11E+61
VAR_ct139_rot6.png,1.11E+61
VAR_ct140_bright0.8.png,1.10E+59
VAR_ct140_bright0.9.png,1.10E+59
VAR_ct140_bright1.1.png,1.10E+59
VAR_ct140_bright1.2.png,1.00E+63
VAR_ct140_bright1.3.png,1.00E+63
VAR_ct140_jpeg30.png,1.10E+59
VAR_ct140_jpeg50.png,1.00E+58
VAR_ct140_jpeg70.png,1.10E+59
VAR_ct140_jpeg90.png,1.10E+59
VAR_ct140_noise0.001.png,1.10E+59
VAR_ct140_noise0.002.png,1.10E+59
VAR_ct140_noise0.003.png,1.10E+59
VAR_ct140_noise0.004.png,1.10E+59
VAR_ct140_noise0.005.png,1.10E+59
VAR_ct140_original.png,1.10E+59
VAR_ct140_rot1.png,1.10E+59
VAR_ct140_rot2.png,1.10E+59
VAR_ct140_rot3.png,1.10E+59
VAR_ct140_rot4.png,1.10E+59
VAR_ct140_rot5.png,1.10E+59
VAR_ct140_rot6.png,1.10E+59
VAR_ct148_bright0.8.png,1.10E+58
VAR_ct148_bright0.9.png,1.00E+58
VAR_ct148_bright1.1.png,1.00E+58
VAR_ct148_bright1.2.png,1.00E+58
VAR_ct148_bright1.3.png,1.00E+58
VAR_ct148_jpeg30.png,1.01E+60
VAR_ct148_jpeg50.png,1.01E+60
VAR_ct148_jpeg70.png,1.11E+60
VAR_ct148_jpeg90.png,1.10E+58
VAR_ct148_noise0.001.png,1.10E+58
VAR_ct148_noise0.002.png,1.10E+58
VAR_ct148_noise0.003.png,1.10E+58
VAR_ct148_noise0.004.png,1.10E+58
VAR_ct148_noise0.005.png,1.10E+58
VAR_ct148_original.png,1.00E+58
VAR_ct148_rot1.png,1.10E+58
VAR_ct148_rot2.png,1.00E+58
VAR_ct148_rot3.png,1.10E+58
VAR_ct148_rot4.png,1.00E+58
VAR_ct148_rot5.png,1.00E+58
VAR_ct148_rot6.png,1.10E+58
VAR_ct149_bright0.8.png,1.00E+58
VAR_ct149_bright0.9.png,1.00E+58
VAR_ct149_bright1.1.png,1.00E+58
VAR_ct149_bright1.2.png,1.00E+58
VAR_ct149_bright1.3.png,1.00E+58
VAR_ct149_jpeg30.png,1.00E+58
VAR_ct149_jpeg50.png,1.00E+58
VAR_ct149_jpeg70.png,1.00E+58
VAR_ct149_jpeg90.png,1.00E+58
VAR_ct149_noise0.001.png,1.00E+58
VAR_ct149_noise0.002.png,1.00E+58
VAR_ct149_noise0.003.png,1.00E+58
VAR_ct149_noise0.004.png,1.00E+58
VAR_ct149_noise0.005.png,1.00E+58
VAR_ct149_original.png,1.00E+58
VAR_ct149_rot1.png,1.00E+58
VAR_ct149_rot2.png,1.00E+58
VAR_ct149_rot3.png,1.00E+58
VAR_ct149_rot4.png,1.00E+58
VAR_ct149_rot5.png,1.00E+58
VAR_ct149_rot6.png,1.00E+58
VAR_ct150_bright0.8.png,1.10E+59
VAR_ct150_bright0.9.png,1.11E+60
VAR_ct150_bright1.1.png,1.11E+61
VAR_ct150_bright1.2.png,1.11E+61
VAR_ct150_bright1.3.png,1.11E+61
VAR_ct150_jpeg30.png,1.11E+60
VAR_ct150_jpeg50.png,1.11E+60
VAR_ct150_jpeg70.png,1.11E+60
VAR_ct150_jpeg90.png,1.11E+60
VAR_ct150_noise0.001.png,1.11E+61
VAR_ct150_noise0.002.png,1.11E+61
VAR_ct150_noise0.003.png,1.11E+61
VAR_ct150_noise0.004.png,1.11E+61
VAR_ct150_noise0.005.png,1.11E+61
VAR_ct150_original.png,1.11E+60
VAR_ct150_rot1.png,1.11E+61
VAR_ct150_rot2.png,1.11E+60
VAR_ct150_rot3.png,1.11E+61
VAR_ct150_rot4.png,1.11E+60
VAR_ct150_rot5.png,1.11E+60
VAR_ct150_rot6.png,1.11E+60
VAR_ct158_bright0.8.png,1.00E+58
VAR_ct158_bright0.9.png,1.00E+58
VAR_ct158_bright1.1.png,1.00E+62
VAR_ct158_bright1.2.png,1.00E+62
VAR_ct158_bright1.3.png,1.00E+62
VAR_ct158_jpeg30.png,1.01E+60
VAR_ct158_jpeg50.png,1.01E+60
VAR_ct158_jpeg70.png,1.01E+60
VAR_ct158_jpeg90.png,1.00E+62
VAR_ct158_noise0.001.png,1.00E+52
VAR_ct158_noise0.002.png,1.10E+52
VAR_ct158_noise0.003.png,1.10E+52
VAR_ct158_noise0.004.png,1.00E+52
VAR_ct158_noise0.005.png,1.10E+52
VAR_ct158_original.png,1.00E+62
VAR_ct158_rot1.png,1.00E+62
VAR_ct158_rot2.png,1.00E+58
VAR_ct158_rot3.png,1.00E+58
VAR_ct158_rot4.png,1.00E+58
VAR_ct158_rot5.png,1.00E+58
VAR_ct158_rot6.png,1.00E+58
VAR_ct159_bright0.8.png,1.00E+58
VAR_ct159_bright0.9.png,1.00E+58
VAR_ct159_bright1.1.png,1.00E+61
VAR_ct159_bright1.2.png,1.10E+61
VAR_ct159_bright1.3.png,1.10E+61
VAR_ct159_jpeg30.png,1.01E+60
VAR_ct159_jpeg50.png,1.11E+61
VAR_ct159_jpeg70.png,1.10E+61
VAR_ct159_jpeg90.png,1.10E+61
VAR_ct159_noise0.001.png,1.00E+61
VAR_ct159_noise0.002.png,1.00E+61
VAR_ct159_noise0.003.png,1.00E+61
VAR_ct159_noise0.004.png,1.00E+61
VAR_ct159_noise0.005.png,1.00E+61
VAR_ct159_original.png,1.00E+58
VAR_ct159_rot1.png,1.10E+61
VAR_ct159_rot2.png,1.10E+61
VAR_ct159_rot3.png,1.10E+58
VAR_ct159_rot4.png,1.00E+58
VAR_ct159_rot5.png,1.00E+61
VAR_ct159_rot6.png,1.00E+61
VAR_ct160_bright0.8.png,1.00E+58
VAR_ct160_bright0.9.png,1.00E+58
VAR_ct160_bright1.1.png,1.00E+38
VAR_ct160_bright1.2.png,1.00E+58
VAR_ct160_bright1.3.png,1.00E+58
VAR_ct160_jpeg30.png,1.00E+58
VAR_ct160_jpeg50.png,1.00E+58
VAR_ct160_jpeg70.png,1.00E+58
VAR_ct160_jpeg90.png,1.00E+58
VAR_ct160_noise0.001.png,1.00E+52
VAR_ct160_noise0.002.png,1.00E+52
VAR_ct160_noise0.003.png,1.00E+52
VAR_ct160_noise0.004.png,1.00E+52
VAR_ct160_noise0.005.png,1.00E+52
VAR_ct160_original.png,1.00E+58
VAR_ct160_rot1.png,1.00E+58
VAR_ct160_rot2.png,1.00E+38
VAR_ct160_rot3.png,1.00E+58
VAR_ct160_rot4.png,1.00E+58
VAR_ct160_rot5.png,1.10E+58
VAR_ct160_rot6.png,1.00E+58
VAR_ct168_bright0.8.png,1.10E+59
VAR_ct168_bright0.9.png,1.10E+58
VAR_ct168_bright1.1.png,1.01E+60
VAR_ct168_bright1.2.png,1.11E+60
VAR_ct168_bright1.3.png,1.11E+61
VAR_ct168_jpeg30.png,1.10E+59
VAR_ct168_jpeg50.png,1.10E+59
VAR_ct168_jpeg70.png,1.10E+59
VAR_ct168_jpeg90.png,1.11E+60
VAR_ct168_noise0.001.png,1.00E+58
VAR_ct168_noise0.002.png,1.00E+58
VAR_ct168_noise0.003.png,1.10E+59
VAR_ct168_noise0.004.png,1.00E+58
VAR_ct168_noise0.005.png,1.00E+58
VAR_ct168_original.png,1.00E+58
VAR_ct168_rot1.png,1.00E+58
VAR_ct168_rot2.png,1.00E+58
VAR_ct168_rot3.png,1.00E+58
VAR_ct168_rot4.png,1.00E+58
VAR_ct168_rot5.png,1.00E+58
VAR_ct168_rot6.png,1.00E+58
VAR_ct169_bright0.8.png,1.11E+59
VAR_ct169_bright0.9.png,1.11E+59
VAR_ct169_bright1.1.png,1.11E+59
VAR_ct169_bright1.2.png,1.11E+59
VAR_ct169_bright1.3.png,1.10E+59
VAR_ct169_jpeg30.png,1.00E+58
VAR_ct169_jpeg50.png,1.11E+60
VAR_ct169_jpeg70.png,1.10E+59
VAR_ct169_jpeg90.png,1.11E+59
VAR_ct169_noise0.001.png,1.11E+59
VAR_ct169_noise0.002.png,1.11E+59
VAR_ct169_noise0.003.png,1.11E+59
VAR_ct169_noise0.004.png,1.11E+59
VAR_ct169_noise0.005.png,1.11E+59
VAR_ct169_original.png,1.11E+59
VAR_ct169_rot1.png,1.11E+59
VAR_ct169_rot2.png,1.11E+59
VAR_ct169_rot3.png,1.11E+59
VAR_ct169_rot4.png,1.11E+59
VAR_ct169_rot5.png,1.11E+59
VAR_ct169_rot6.png,1.11E+59
VAR_ct170_bright0.8.png,1.00E+38
VAR_ct170_bright0.9.png,1.00E+62
VAR_ct170_bright1.1.png,1.00E+62
VAR_ct170_bright1.2.png,1.00E+62
VAR_ct170_bright1.3.png,1.10E+63
VAR_ct170_jpeg30.png,1.00E+63
VAR_ct170_jpeg50.png,1.10E+58
VAR_ct170_jpeg70.png,1.10E+58
VAR_ct170_jpeg90.png,1.10E+63
VAR_ct170_noise0.001.png,1.00E+62
VAR_ct170_noise0.002.png,1.00E+62
VAR_ct170_noise0.003.png,1.10E+63
VAR_ct170_noise0.004.png,1.10E+63
VAR_ct170_noise0.005.png,1.10E+63
VAR_ct170_original.png,1.00E+62
VAR_ct170_rot1.png,1.10E+58
VAR_ct170_rot2.png,1.01E+35
VAR_ct170_rot3.png,1.00E+62
VAR_ct170_rot4.png,1.10E+58
VAR_ct170_rot5.png,1.00E+62
VAR_ct170_rot6.png,1.10E+58
VAR_ct178_bright0.8.png,1.10E+58
VAR_ct178_bright0.9.png,1.01E+60
VAR_ct178_bright1.1.png,1.01E+60
VAR_ct178_bright1.2.png,1.01E+60
VAR_ct178_bright1.3.png,1.01E+60
VAR_ct178_jpeg30.png,1.00E+63
VAR_ct178_jpeg50.png,1.01E+60
VAR_ct178_jpeg70.png,1.01E+60
VAR_ct178_jpeg90.png,1.01E+60
VAR_ct178_noise0.001.png,1.01E+60
VAR_ct178_noise0.002.png,1.01E+60
VAR_ct178_noise0.003.png,1.01E+60
VAR_ct178_noise0.004.png,1.01E+60
VAR_ct178_noise0.005.png,1.01E+60
VAR_ct178_original.png,1.01E+60
VAR_ct178_rot1.png,1.01E+60
VAR_ct178_rot2.png,1.01E+60
VAR_ct178_rot3.png,1.00E+58
VAR_ct178_rot4.png,1.00E+58
VAR_ct178_rot5.png,1.10E+58
VAR_ct178_rot6.png,1.01E+60
VAR_ct179_bright0.8.png,1.11E+59
VAR_ct179_bright0.9.png,1.11E+59
VAR_ct179_bright1.1.png,1.11E+59
VAR_ct179_bright1.2.png,1.11E+59
VAR_ct179_bright1.3.png,1.11E+59
VAR_ct179_jpeg30.png,1.11E+59
VAR_ct179_jpeg50.png,1.10E+59
VAR_ct179_jpeg70.png,1.10E+59
VAR_ct179_jpeg90.png,1.11E+59
VAR_ct179_noise0.001.png,1.11E+59
VAR_ct179_noise0.002.png,1.11E+59
VAR_ct179_noise0.003.png,1.11E+59
VAR_ct179_noise0.004.png,1.11E+59
VAR_ct179_noise0.005.png,1.11E+59
VAR_ct179_original.png,1.11E+59
VAR_ct179_rot1.png,1.11E+59
VAR_ct179_rot2.png,1.11E+59
VAR_ct179_rot3.png,1.11E+59
VAR_ct179_rot4.png,1.11E+59
VAR_ct179_rot5.png,1.11E+59
VAR_ct179_rot6.png,1.11E+59
VAR_ct180_bright0.8.png,1.00E+54
VAR_ct180_bright0.9.png,1.00E+54
VAR_ct180_bright1.1.png,1.00E+45
VAR_ct180_bright1.2.png,1.00E+45
VAR_ct180_bright1.3.png,1.00E+45
VAR_ct180_jpeg30.png,1.00E+35
VAR_ct180_jpeg50.png,1.00E+35
VAR_ct180_jpeg70.png,1.01E+35
VAR_ct180_jpeg90.png,1.00E+45
VAR_ct180_noise0.001.png,1.00E+54
VAR_ct180_noise0.002.png,1.00E+54
VAR_ct180_noise0.003.png,1.00E+45
VAR_ct180_noise0.004.png,1.00E+54
VAR_ct180_noise0.005.png,1.00E+54
VAR_ct180_original.png,1.00E+57
VAR_ct180_rot1.png,1.00E+45
VAR_ct180_rot2.png,1.00E+54
VAR_ct180_rot3.png,1.00E+57
VAR_ct180_rot4.png,1.00E+58
VAR_ct180_rot5.png,1.00E+45
VAR_ct180_rot6.png,1.00E+45
VAR_ct188_bright0.8.png,1.00E+58
VAR_ct188_bright0.9.png,1.00E+58
VAR_ct188_bright1.1.png,1.00E+58
VAR_ct188_bright1.2.png,1.00E+58
VAR_ct188_bright1.3.png,1.00E+39
VAR_ct188_jpeg30.png,1.00E+58
VAR_ct188_jpeg50.png,1.00E+58
VAR_ct188_jpeg70.png,1.00E+58
VAR_ct188_jpeg90.png,1.00E+58
VAR_ct188_noise0.001.png,1.10E+39
VAR_ct188_noise0.002.png,1.10E+39
VAR_ct188_noise0.003.png,1.10E+39
VAR_ct188_noise0.004.png,1.10E+39
VAR_ct188_noise0.005.png,1.10E+39
VAR_ct188_original.png,1.00E+58
VAR_ct188_rot1.png,1.10E+59
VAR_ct188_rot2.png,1.10E+59
VAR_ct188_rot3.png,1.00E+58
VAR_ct188_rot4.png,1.10E+59
VAR_ct188_rot5.png,1.10E+58
VAR_ct188_rot6.png,1.00E+58
VAR_ct189_bright0.8.png,1.10E+58
VAR_ct189_bright0.9.png,1.10E+58
VAR_ct189_bright1.1.png,1.10E+58
VAR_ct189_bright1.2.png,1.01E+60
VAR_ct189_bright1.3.png,1.01E+60
VAR_ct189_jpeg30.png,1.00E+63
VAR_ct189_jpeg50.png,1.11E+60
VAR_ct189_jpeg70.png,1.11E+60
VAR_ct189_jpeg90.png,1.10E+58
VAR_ct189_noise0.001.png,1.01E+60
VAR_ct189_noise0.002.png,1.01E+60
VAR_ct189_noise0.003.png,1.01E+60
VAR_ct189_noise0.004.png,1.01E+60
VAR_ct189_noise0.005.png,1.01E+60
VAR_ct189_original.png,1.10E+58
VAR_ct189_rot1.png,1.10E+58
VAR_ct189_rot2.png,1.00E+63
VAR_ct189_rot3.png,1.10E+58
VAR_ct189_rot4.png,1.10E+59
VAR_ct189_rot5.png,1.10E+58
VAR_ct189_rot6.png,1.10E+59
VAR_ct18_bright0.8.png,1.10E+58
VAR_ct18_bright0.9.png,1.01E+60
VAR_ct18_bright1.1.png,1.01E+60
VAR_ct18_bright1.2.png,1.01E+60
VAR_ct18_bright1.3.png,1.01E+60
VAR_ct18_jpeg30.png,1.01E+60
VAR_ct18_jpeg50.png,1.11E+60
VAR_ct18_jpeg70.png,1.11E+60
VAR_ct18_jpeg90.png,1.11E+60
VAR_ct18_noise0.001.png,1.01E+60
VAR_ct18_noise0.002.png,1.01E+60
VAR_ct18_noise0.003.png,1.01E+60
VAR_ct18_noise0.004.png,1.01E+60
VAR_ct18_noise0.005.png,1.01E+60
VAR_ct18_original.png,1.01E+60
VAR_ct18_rot1.png,1.10E+59
VAR_ct18_rot2.png,1.10E+59
VAR_ct18_rot3.png,1.11E+60
VAR_ct18_rot4.png,1.11E+60
VAR_ct18_rot5.png,1.00E+58
VAR_ct18_rot6.png,1.01E+60
VAR_ct190_bright0.8.png,1.00E+58
VAR_ct190_bright0.9.png,1.00E+58
VAR_ct190_bright1.1.png,1.10E+59
VAR_ct190_bright1.2.png,1.00E+59
VAR_ct190_bright1.3.png,1.00E+59
VAR_ct190_jpeg30.png,1.10E+59
VAR_ct190_jpeg50.png,1.10E+59
VAR_ct190_jpeg70.png,1.10E+59
VAR_ct190_jpeg90.png,1.00E+58
VAR_ct190_noise0.001.png,1.10E+39
VAR_ct190_noise0.002.png,1.10E+39
VAR_ct190_noise0.003.png,1.00E+45
VAR_ct190_noise0.004.png,1.00E+45
VAR_ct190_noise0.005.png,1.00E+39
VAR_ct190_original.png,1.10E+59
VAR_ct190_rot1.png,1.10E+59
VAR_ct190_rot2.png,1.10E+59
VAR_ct190_rot3.png,1.10E+30
VAR_ct190_rot4.png,1.00E+59
VAR_ct190_rot5.png,1.00E+29
VAR_ct190_rot6.png,1.00E+29
VAR_ct198_bright0.8.png,1.00E+62
VAR_ct198_bright0.9.png,1.00E+62
VAR_ct198_bright1.1.png,1.00E+62
VAR_ct198_bright1.2.png,1.00E+62
VAR_ct198_bright1.3.png,1.00E+62
VAR_ct198_jpeg30.png,1.10E+58
VAR_ct198_jpeg50.png,1.00E+62
VAR_ct198_jpeg70.png,1.00E+62
VAR_ct198_jpeg90.png,1.00E+62
VAR_ct198_noise0.001.png,1.00E+62
VAR_ct198_noise0.002.png,1.00E+62
VAR_ct198_noise0.003.png,1.00E+62
VAR_ct198_noise0.004.png,1.00E+62
VAR_ct198_noise0.005.png,1.00E+62
VAR_ct198_original.png,1.00E+62
VAR_ct198_rot1.png,1.00E+62
VAR_ct198_rot2.png,1.00E+58
VAR_ct198_rot3.png,1.00E+58
VAR_ct198_rot4.png,1.00E+62
VAR_ct198_rot5.png,1.00E+62
VAR_ct198_rot6.png,1.00E+62
VAR_ct199_bright0.8.png,1.00E+58
VAR_ct199_bright0.9.png,1.00E+58
VAR_ct199_bright1.1.png,1.00E+58
VAR_ct199_bright1.2.png,1.00E+58
VAR_ct199_bright1.3.png,1.00E+58
VAR_ct199_jpeg30.png,1.00E+58
VAR_ct199_jpeg50.png,1.00E+58
VAR_ct199_jpeg70.png,1.00E+58
VAR_ct199_jpeg90.png,1.00E+58
VAR_ct199_noise0.001.png,1.00E+35
VAR_ct199_noise0.002.png,1.00E+35
VAR_ct199_noise0.003.png,1.00E+35
VAR_ct199_noise0.004.png,1.00E+35
VAR_ct199_noise0.005.png,1.00E+35
VAR_ct199_original.png,1.00E+58
VAR_ct199_rot1.png,1.01E+60
VAR_ct199_rot2.png,1.01E+60
VAR_ct199_rot3.png,1.01E+60
VAR_ct199_rot4.png,1.01E+60
VAR_ct199_rot5.png,1.00E+58
VAR_ct199_rot6.png,1.01E+60
VAR_ct19_bright0.8.png,1.00E+58
VAR_ct19_bright0.9.png,1.00E+58
VAR_ct19_bright1.1.png,1.00E+58
VAR_ct19_bright1.2.png,1.00E+58
VAR_ct19_bright1.3.png,1.01E+60
VAR_ct19_jpeg30.png,1.00E+58
VAR_ct19_jpeg50.png,1.00E+58
VAR_ct19_jpeg70.png,1.00E+58
VAR_ct19_jpeg90.png,1.00E+58
VAR_ct19_noise0.001.png,1.00E+39
VAR_ct19_noise0.002.png,1.00E+39
VAR_ct19_noise0.003.png,1.00E+39
VAR_ct19_noise0.004.png,1.00E+39
VAR_ct19_noise0.005.png,1.00E+39
VAR_ct19_original.png,1.00E+58
VAR_ct19_rot1.png,1.00E+58
VAR_ct19_rot2.png,1.00E+58
VAR_ct19_rot3.png,1.00E+58
VAR_ct19_rot4.png,1.00E+58
VAR_ct19_rot5.png,1.00E+39
VAR_ct19_rot6.png,1.00E+29
VAR_ct200_bright0.8.png,1.10E+58
VAR_ct200_bright0.9.png,1.10E+58
VAR_ct200_bright1.1.png,1.01E+60
VAR_ct200_bright1.2.png,1.01E+60
VAR_ct200_bright1.3.png,1.01E+60
VAR_ct200_jpeg30.png,1.01E+60
VAR_ct200_jpeg50.png,1.01E+60
VAR_ct200_jpeg70.png,1.01E+60
VAR_ct200_jpeg90.png,1.01E+60
VAR_ct200_noise0.001.png,1.01E+60
VAR_ct200_noise0.002.png,1.10E+58
VAR_ct200_noise0.003.png,1.10E+58
VAR_ct200_noise0.004.png,1.10E+58
VAR_ct200_noise0.005.png,1.10E+58
VAR_ct200_original.png,1.10E+58
VAR_ct200_rot1.png,1.01E+60
VAR_ct200_rot2.png,1.10E+58
VAR_ct200_rot3.png,1.00E+58
VAR_ct200_rot4.png,1.10E+58
VAR_ct200_rot5.png,1.10E+58
VAR_ct200_rot6.png,1.10E+58
VAR_ct208_bright0.8.png,1.10E+58
VAR_ct208_bright0.9.png,1.10E+58
VAR_ct208_bright1.1.png,1.01E+60
VAR_ct208_bright1.2.png,1.01E+60
VAR_ct208_bright1.3.png,1.01E+60
VAR_ct208_jpeg30.png,1.01E+60
VAR_ct208_jpeg50.png,1.01E+60
VAR_ct208_jpeg70.png,1.01E+60
VAR_ct208_jpeg90.png,1.01E+60
VAR_ct208_noise0.001.png,1.01E+60
VAR_ct208_noise0.002.png,1.01E+60
VAR_ct208_noise0.003.png,1.01E+60
VAR_ct208_noise0.004.png,1.01E+60
VAR_ct208_noise0.005.png,1.01E+60
VAR_ct208_original.png,1.01E+60
VAR_ct208_rot1.png,1.01E+60
VAR_ct208_rot2.png,1.01E+60
VAR_ct208_rot3.png,1.01E+60
VAR_ct208_rot4.png,1.01E+60
VAR_ct208_rot5.png,1.01E+60
VAR_ct208_rot6.png,1.01E+60
VAR_ct209_bright0.8.png,1.00E+58
VAR_ct209_bright0.9.png,1.10E+59
VAR_ct209_bright1.1.png,1.11E+60
VAR_ct209_bright1.2.png,1.11E+60
VAR_ct209_bright1.3.png,1.11E+60
VAR_ct209_jpeg30.png,1.00E+32
VAR_ct209_jpeg50.png,1.00E+59
VAR_ct209_jpeg70.png,1.00E+59
VAR_ct209_jpeg90.png,1.00E+59
VAR_ct209_noise0.001.png,1.00E+60
VAR_ct209_noise0.002.png,1.00E+60
VAR_ct209_noise0.003.png,1.00E+60
VAR_ct209_noise0.004.png,1.00E+60
VAR_ct209_noise0.005.png,1.00E+60
VAR_ct209_original.png,1.10E+60
VAR_ct209_rot1.png,1.10E+59
VAR_ct209_rot2.png,1.00E+59
VAR_ct209_rot3.png,1.00E+59
VAR_ct209_rot4.png,1.00E+59
VAR_ct209_rot5.png,1.00E+38
VAR_ct209_rot6.png,1.00E+59
VAR_ct20_bright0.8.png,1.11E+60
VAR_ct20_bright0.9.png,1.11E+60
VAR_ct20_bright1.1.png,1.11E+60
VAR_ct20_bright1.2.png,1.11E+60
VAR_ct20_bright1.3.png,1.11E+60
VAR_ct20_jpeg30.png,1.11E+60
VAR_ct20_jpeg50.png,1.11E+60
VAR_ct20_jpeg70.png,1.11E+60
VAR_ct20_jpeg90.png,1.11E+60
VAR_ct20_noise0.001.png,1.10E+60
VAR_ct20_noise0.002.png,1.10E+60
VAR_ct20_noise0.003.png,1.10E+60
VAR_ct20_noise0.004.png,1.10E+60
VAR_ct20_noise0.005.png,1.10E+60
VAR_ct20_original.png,1.11E+60
VAR_ct20_rot1.png,1.11E+61
VAR_ct20_rot2.png,1.11E+61
VAR_ct20_rot3.png,1.11E+61
VAR_ct20_rot4.png,1.11E+61
VAR_ct20_rot5.png,1.11E+60
VAR_ct20_rot6.png,1.11E+60
VAR_ct210_bright0.8.png,1.00E+58
VAR_ct210_bright0.9.png,1.00E+58
VAR_ct210_bright1.1.png,1.00E+58
VAR_ct210_bright1.2.png,1.00E+58
VAR_ct210_bright1.3.png,1.01E+60
VAR_ct210_jpeg30.png,1.00E+58
VAR_ct210_jpeg50.png,1.00E+58
VAR_ct210_jpeg70.png,1.00E+58
VAR_ct210_jpeg90.png,1.00E+58
VAR_ct210_noise0.001.png,1.00E+58
VAR_ct210_noise0.002.png,1.00E+58
VAR_ct210_noise0.003.png,1.00E+58
VAR_ct210_noise0.004.png,1.00E+58
VAR_ct210_noise0.005.png,1.00E+58
VAR_ct210_original.png,1.00E+58
VAR_ct210_rot1.png,1.00E+58
VAR_ct210_rot2.png,1.00E+58
VAR_ct210_rot3.png,1.01E+60
VAR_ct210_rot4.png,1.00E+58
VAR_ct210_rot5.png,1.01E+60
VAR_ct210_rot6.png,1.01E+60
VAR_ct218_bright0.8.png,1.00E+62
VAR_ct218_bright0.9.png,1.00E+62
VAR_ct218_bright1.1.png,1.00E+62
VAR_ct218_bright1.2.png,1.00E+62
VAR_ct218_bright1.3.png,1.00E+62
VAR_ct218_jpeg30.png,1.00E+58
VAR_ct218_jpeg50.png,1.00E+58
VAR_ct218_jpeg70.png,1.00E+58
VAR_ct218_jpeg90.png,1.00E+62
VAR_ct218_noise0.001.png,1.00E+62
VAR_ct218_noise0.002.png,1.00E+62
VAR_ct218_noise0.003.png,1.00E+62
VAR_ct218_noise0.004.png,1.00E+62
VAR_ct218_noise0.005.png,1.00E+62
VAR_ct218_original.png,1.00E+62
VAR_ct218_rot1.png,1.00E+58
VAR_ct218_rot2.png,1.01E+60
VAR_ct218_rot3.png,1.00E+58
VAR_ct218_rot4.png,1.01E+62
VAR_ct218_rot5.png,1.00E+58
VAR_ct218_rot6.png,1.00E+58
VAR_ct219_bright0.8.png,1.00E+58
VAR_ct219_bright0.9.png,1.00E+54
VAR_ct219_bright1.1.png,1.00E+39
VAR_ct219_bright1.2.png,1.00E+60
VAR_ct219_bright1.3.png,1.00E+60
VAR_ct219_jpeg30.png,1.01E+60
VAR_ct219_jpeg50.png,1.01E+60
VAR_ct219_jpeg70.png,1.00E+58
VAR_ct219_jpeg90.png,1.01E+60
VAR_ct219_noise0.001.png,1.00E+45
VAR_ct219_noise0.002.png,1.00E+45
VAR_ct219_noise0.003.png,1.00E+45
VAR_ct219_noise0.004.png,1.00E+45
VAR_ct219_noise0.005.png,1.00E+45
VAR_ct219_original.png,1.00E+39
VAR_ct219_rot1.png,1.10E+59
VAR_ct219_rot2.png,1.10E+59
VAR_ct219_rot3.png,1.11E+60
VAR_ct219_rot4.png,1.00E+60
VAR_ct219_rot5.png,1.00E+60
VAR_ct219_rot6.png,1.00E+58
VAR_ct220_bright0.8.png,1.10E+63
VAR_ct220_bright0.9.png,1.10E+63
VAR_ct220_bright1.1.png,1.00E+62
VAR_ct220_bright1.2.png,1.00E+62
VAR_ct220_bright1.3.png,1.00E+62
VAR_ct220_jpeg30.png,1.00E+58
VAR_ct220_jpeg50.png,1.00E+62
VAR_ct220_jpeg70.png,1.00E+62
VAR_ct220_jpeg90.png,1.00E+62
VAR_ct220_noise0.001.png,1.10E+63
VAR_ct220_noise0.002.png,1.10E+63
VAR_ct220_noise0.003.png,1.10E+63
VAR_ct220_noise0.004.png,1.10E+63
VAR_ct220_noise0.005.png,1.10E+63
VAR_ct220_original.png,1.10E+63
VAR_ct220_rot1.png,1.00E+63
VAR_ct220_rot2.png,1.00E+63
VAR_ct220_rot3.png,1.00E+62
VAR_ct220_rot4.png,1.00E+62
VAR_ct220_rot5.png,1.10E+63
VAR_ct220_rot6.png,1.00E+62
VAR_ct228_bright0.8.png,1.00E+58
VAR_ct228_bright0.9.png,1.00E+58
VAR_ct228_bright1.1.png,1.00E+58
VAR_ct228_bright1.2.png,1.00E+58
VAR_ct228_bright1.3.png,1.00E+58
VAR_ct228_jpeg30.png,1.00E+58
VAR_ct228_jpeg50.png,1.00E+58
VAR_ct228_jpeg70.png,1.00E+58
VAR_ct228_jpeg90.png,1.00E+58
VAR_ct228_noise0.001.png,1.00E+58
VAR_ct228_noise0.002.png,1.00E+58
VAR_ct228_noise0.003.png,1.00E+58
VAR_ct228_noise0.004.png,1.00E+58
VAR_ct228_noise0.005.png,1.00E+58
VAR_ct228_original.png,1.00E+58
VAR_ct228_rot1.png,1.00E+58
VAR_ct228_rot2.png,1.00E+58
VAR_ct228_rot3.png,1.00E+58
VAR_ct228_rot4.png,1.00E+58
VAR_ct228_rot5.png,1.00E+58
VAR_ct228_rot6.png,1.00E+58
VAR_ct229_bright0.8.png,1.00E+58
VAR_ct229_bright0.9.png,1.00E+58
VAR_ct229_bright1.1.png,1.11E+60
VAR_ct229_bright1.2.png,1.11E+60
VAR_ct229_bright1.3.png,1.11E+60
VAR_ct229_jpeg30.png,1.00E+58
VAR_ct229_jpeg50.png,1.00E+58
VAR_ct229_jpeg70.png,1.00E+48
VAR_ct229_jpeg90.png,1.00E+59
VAR_ct229_noise0.001.png,1.00E+58
VAR_ct229_noise0.002.png,1.00E+58
VAR_ct229_noise0.003.png,1.00E+58
VAR_ct229_noise0.004.png,1.00E+58
VAR_ct229_noise0.005.png,1.00E+58
VAR_ct229_original.png,1.10E+59
VAR_ct229_rot1.png,1.10E+59
VAR_ct229_rot2.png,1.10E+59
VAR_ct229_rot3.png,1.10E+59
VAR_ct229_rot4.png,1.00E+58
VAR_ct229_rot5.png,1.00E+58
VAR_ct229_rot6.png,1.00E+58
VAR_ct230_bright0.8.png,1.10E+59
VAR_ct230_bright0.9.png,1.10E+59
VAR_ct230_bright1.1.png,1.11E+60
VAR_ct230_bright1.2.png,1.11E+60
VAR_ct230_bright1.3.png,1.11E+60
VAR_ct230_jpeg30.png,1.10E+59
VAR_ct230_jpeg50.png,1.10E+59
VAR_ct230_jpeg70.png,1.11E+60
VAR_ct230_jpeg90.png,1.11E+60
VAR_ct230_noise0.001.png,1.10E+59
VAR_ct230_noise0.002.png,1.10E+59
VAR_ct230_noise0.003.png,1.10E+59
VAR_ct230_noise0.004.png,1.10E+59
VAR_ct230_noise0.005.png,1.10E+59
VAR_ct230_original.png,1.11E+60
VAR_ct230_rot1.png,1.11E+60
VAR_ct230_rot2.png,1.10E+59
VAR_ct230_rot3.png,1.11E+60
VAR_ct230_rot4.png,1.11E+60
VAR_ct230_rot5.png,1.11E+60
VAR_ct230_rot6.png,1.11E+60
VAR_ct238_bright0.8.png,1.10E+58
VAR_ct238_bright0.9.png,1.10E+58
VAR_ct238_bright1.1.png,1.10E+59
VAR_ct238_bright1.2.png,1.10E+59
VAR_ct238_bright1.3.png,1.00E+58
VAR_ct238_jpeg30.png,1.00E+58
VAR_ct238_jpeg50.png,1.00E+58
VAR_ct238_jpeg70.png,1.10E+59
VAR_ct238_jpeg90.png,1.10E+59
VAR_ct238_noise0.001.png,1.10E+58
VAR_ct238_noise0.002.png,1.00E+58
VAR_ct238_noise0.003.png,1.10E+58
VAR_ct238_noise0.004.png,1.10E+58
VAR_ct238_noise0.005.png,1.10E+58
VAR_ct238_original.png,1.10E+58
VAR_ct238_rot1.png,1.10E+59
VAR_ct238_rot2.png,1.10E+59
VAR_ct238_rot3.png,1.10E+59
VAR_ct238_rot4.png,1.10E+59
VAR_ct238_rot5.png,1.10E+59
VAR_ct238_rot6.png,1.10E+59
VAR_ct239_bright0.8.png,1.10E+61
VAR_ct239_bright0.9.png,1.11E+61
VAR_ct239_bright1.1.png,1.10E+61
VAR_ct239_bright1.2.png,1.00E+61
VAR_ct239_bright1.3.png,1.00E+61
VAR_ct239_jpeg30.png,1.01E+63
VAR_ct239_jpeg50.png,1.01E+63
VAR_ct239_jpeg70.png,1.01E+63
VAR_ct239_jpeg90.png,1.11E+61
VAR_ct239_noise0.001.png,1.00E+61
VAR_ct239_noise0.002.png,1.00E+61
VAR_ct239_noise0.003.png,1.00E+61
VAR_ct239_noise0.004.png,1.00E+61
VAR_ct239_noise0.005.png,1.00E+61
VAR_ct239_original.png,1.11E+61
VAR_ct239_rot1.png,1.01E+63
VAR_ct239_rot2.png,1.01E+61
VAR_ct239_rot3.png,1.00E+63
VAR_ct239_rot4.png,1.10E+58
VAR_ct239_rot5.png,1.10E+58
VAR_ct239_rot6.png,1.10E+58
VAR_ct240_bright0.8.png,1.10E+58
VAR_ct240_bright0.9.png,1.10E+58
VAR_ct240_bright1.1.png,1.10E+58
VAR_ct240_bright1.2.png,1.10E+58
VAR_ct240_bright1.3.png,1.10E+58
VAR_ct240_jpeg30.png,1.01E+60
VAR_ct240_jpeg50.png,1.01E+60
VAR_ct240_jpeg70.png,1.10E+58
VAR_ct240_jpeg90.png,1.10E+58
VAR_ct240_noise0.001.png,1.10E+58
VAR_ct240_noise0.002.png,1.10E+58
VAR_ct240_noise0.003.png,1.10E+58
VAR_ct240_noise0.004.png,1.10E+58
VAR_ct240_noise0.005.png,1.10E+58
VAR_ct240_original.png,1.10E+58
VAR_ct240_rot1.png,1.10E+58
VAR_ct240_rot2.png,1.10E+58
VAR_ct240_rot3.png,1.10E+58
VAR_ct240_rot4.png,1.10E+58
VAR_ct240_rot5.png,1.00E+58
VAR_ct240_rot6.png,1.00E+58
VAR_ct248_bright0.8.png,1.00E+59
VAR_ct248_bright0.9.png,1.00E+59
VAR_ct248_bright1.1.png,1.00E+59
VAR_ct248_bright1.2.png,1.00E+59
VAR_ct248_bright1.3.png,1.00E+59
VAR_ct248_jpeg30.png,1.00E+58
VAR_ct248_jpeg50.png,1.00E+58
VAR_ct248_jpeg70.png,1.10E+59
VAR_ct248_jpeg90.png,1.10E+59
VAR_ct248_noise0.001.png,1.00E+59
VAR_ct248_noise0.002.png,1.00E+59
VAR_ct248_noise0.003.png,1.00E+59
VAR_ct248_noise0.004.png,1.00E+59
VAR_ct248_noise0.005.png,1.00E+59
VAR_ct248_original.png,1.00E+59
VAR_ct248_rot1.png,1.00E+59
VAR_ct248_rot2.png,1.00E+59
VAR_ct248_rot3.png,1.00E+59
VAR_ct248_rot4.png,1.00E+59
VAR_ct248_rot5.png,1.00E+59
VAR_ct248_rot6.png,10000
VAR_ct249_bright0.8.png,1.10E+58
VAR_ct249_bright0.9.png,1.10E+58
VAR_ct249_bright1.1.png,1.10E+58
VAR_ct249_bright1.2.png,1.10E+58
VAR_ct249_bright1.3.png,1.10E+58
VAR_ct249_jpeg30.png,1.00E+58
VAR_ct249_jpeg50.png,1.11E+59
VAR_ct249_jpeg70.png,1.11E+59
VAR_ct249_jpeg90.png,1.10E+58
VAR_ct249_noise0.001.png,1.10E+58
VAR_ct249_noise0.002.png,1.10E+58
VAR_ct249_noise0.003.png,1.10E+58
VAR_ct249_noise0.004.png,1.10E+58
VAR_ct249_noise0.005.png,1.10E+58
VAR_ct249_original.png,1.10E+58
VAR_ct249_rot1.png,1.10E+58
VAR_ct249_rot2.png,1.11E+59
VAR_ct249_rot3.png,1.11E+59
VAR_ct249_rot4.png,1.11E+60
VAR_ct249_rot5.png,1.11E+60
VAR_ct249_rot6.png,1.11E+60
VAR_ct250_bright0.8.png,1.01E+60
VAR_ct250_bright0.9.png,1.01E+60
VAR_ct250_bright1.1.png,1.01E+60
VAR_ct250_bright1.2.png,1.11E+61
VAR_ct250_bright1.3.png,1.11E+61
VAR_ct250_jpeg30.png,1.10E+61
VAR_ct250_jpeg50.png,1.11E+61
VAR_ct250_jpeg70.png,1.11E+61
VAR_ct250_jpeg90.png,1.01E+60
VAR_ct250_noise0.001.png,1.01E+60
VAR_ct250_noise0.002.png,1.01E+60
VAR_ct250_noise0.003.png,1.01E+60
VAR_ct250_noise0.004.png,1.01E+60
VAR_ct250_noise0.005.png,1.01E+60
VAR_ct250_original.png,1.01E+60
VAR_ct250_rot1.png,1.10E+58
VAR_ct250_rot2.png,1.01E+60
VAR_ct250_rot3.png,1.11E+60
VAR_ct250_rot4.png,1.11E+60
VAR_ct250_rot5.png,1.00E+63
VAR_ct250_rot6.png,1.00E+63
VAR_ct258_bright0.8.png,1.00E+58
VAR_ct258_bright0.9.png,1.00E+58
VAR_ct258_bright1.1.png,1.00E+58
VAR_ct258_bright1.2.png,1.11E+60
VAR_ct258_bright1.3.png,1.11E+60
VAR_ct258_jpeg30.png,1.00E+58
VAR_ct258_jpeg50.png,1.00E+58
VAR_ct258_jpeg70.png,1.00E+58
VAR_ct258_jpeg90.png,1.00E+58
VAR_ct258_noise0.001.png,1.00E+58
VAR_ct258_noise0.002.png,1.00E+58
VAR_ct258_noise0.003.png,1.00E+58
VAR_ct258_noise0.004.png,1.00E+58
VAR_ct258_noise0.005.png,1.00E+58
VAR_ct258_original.png,1.00E+58
VAR_ct258_rot1.png,1.00E+58
VAR_ct258_rot2.png,1.00E+58
VAR_ct258_rot3.png,1.00E+58
VAR_ct258_rot4.png,1.00E+58
VAR_ct258_rot5.png,1.10E+59
VAR_ct258_rot6.png,1.10E+59
VAR_ct259_bright0.8.png,1.00E+58
VAR_ct259_bright0.9.png,1.00E+63
VAR_ct259_bright1.1.png,1.00E+58
VAR_ct259_bright1.2.png,1.00E+58
VAR_ct259_bright1.3.png,1.00E+58
VAR_ct259_jpeg30.png,1.10E+58
VAR_ct259_jpeg50.png,1.00E+58
VAR_ct259_jpeg70.png,1.00E+58
VAR_ct259_jpeg90.png,1.00E+63
VAR_ct259_noise0.001.png,1.00E+63
VAR_ct259_noise0.002.png,1.00E+63
VAR_ct259_noise0.003.png,1.00E+63
VAR_ct259_noise0.004.png,1.00E+63
VAR_ct259_noise0.005.png,1.00E+63
VAR_ct259_original.png,1.00E+63
VAR_ct259_rot1.png,1.00E+58
VAR_ct259_rot2.png,1.00E+58
VAR_ct259_rot3.png,1.00E+58
VAR_ct259_rot4.png,1.00E+58
VAR_ct259_rot5.png,1.00E+58
VAR_ct259_rot6.png,1.00E+58
VAR_ct260_bright0.8.png,1.11E+59
VAR_ct260_bright0.9.png,1.11E+59
VAR_ct260_bright1.1.png,1.01E+60
VAR_ct260_bright1.2.png,1.01E+60
VAR_ct260_bright1.3.png,1.01E+60
VAR_ct260_jpeg30.png,1.01E+60
VAR_ct260_jpeg50.png,1.01E+60
VAR_ct260_jpeg70.png,1.01E+60
VAR_ct260_jpeg90.png,1.11E+60
VAR_ct260_noise0.001.png,1.01E+60
VAR_ct260_noise0.002.png,1.01E+60
VAR_ct260_noise0.003.png,1.01E+60
VAR_ct260_noise0.004.png,1.01E+60
VAR_ct260_noise0.005.png,1.01E+60
VAR_ct260_original.png,1.11E+60
VAR_ct260_rot1.png,1.11E+60
VAR_ct260_rot2.png,1.11E+60
VAR_ct260_rot3.png,1.11E+60
VAR_ct260_rot4.png,1.11E+60
VAR_ct260_rot5.png,1.11E+60
VAR_ct260_rot6.png,1.11E+60
VAR_ct268_bright0.8.png,1.00E+58
VAR_ct268_bright0.9.png,1.00E+58
VAR_ct268_bright1.1.png,1.00E+58
VAR_ct268_bright1.2.png,1.00E+58
VAR_ct268_bright1.3.png,1.00E+58
VAR_ct268_jpeg30.png,1.01E+60
VAR_ct268_jpeg50.png,1.01E+60
VAR_ct268_jpeg70.png,1.00E+58
VAR_ct268_jpeg90.png,1.00E+58
VAR_ct268_noise0.001.png,1.00E+58
VAR_ct268_noise0.002.png,1.00E+58
VAR_ct268_noise0.003.png,1.00E+58
VAR_ct268_noise0.004.png,1.00E+58
VAR_ct268_noise0.005.png,1.00E+58
VAR_ct268_original.png,1.00E+58
VAR_ct268_rot1.png,1.00E+58
VAR_ct268_rot2.png,1.00E+58
VAR_ct268_rot3.png,1.10E+59
VAR_ct268_rot4.png,1.00E+58
VAR_ct268_rot5.png,1.00E+63
VAR_ct268_rot6.png,1.00E+63
VAR_ct269_bright0.8.png,1.00E+58
VAR_ct269_bright0.9.png,1.00E+58
VAR_ct269_bright1.1.png,1.00E+58
VAR_ct269_bright1.2.png,1.00E+45
VAR_ct269_bright1.3.png,1.00E+58
VAR_ct269_jpeg30.png,1.00E+58
VAR_ct269_jpeg50.png,1.00E+58
VAR_ct269_jpeg70.png,1.00E+58
VAR_ct269_jpeg90.png,1.00E+58
VAR_ct269_noise0.001.png,1.00E+58
VAR_ct269_noise0.002.png,1.00E+58
VAR_ct269_noise0.003.png,1.00E+58
VAR_ct269_noise0.004.png,1.00E+58
VAR_ct269_noise0.005.png,1.00E+58
VAR_ct269_original.png,1.00E+58
VAR_ct269_rot1.png,1.00E+58
VAR_ct269_rot2.png,1.00E+58
VAR_ct269_rot3.png,1.00E+58
VAR_ct269_rot4.png,1.00E+58
VAR_ct269_rot5.png,1.00E+58
VAR_ct269_rot6.png,1.10E+58
VAR_ct270_bright0.8.png,1.00E+58
VAR_ct270_bright0.9.png,1.00E+58
VAR_ct270_bright1.1.png,1.00E+58
VAR_ct270_bright1.2.png,1.01E+60
VAR_ct270_bright1.3.png,1.11E+60
VAR_ct270_jpeg30.png,1.01E+60
VAR_ct270_jpeg50.png,1.00E+58
VAR_ct270_jpeg70.png,1.00E+58
VAR_ct270_jpeg90.png,1.10E+59
VAR_ct270_noise0.001.png,1.00E+58
VAR_ct270_noise0.002.png,1.00E+58
VAR_ct270_noise0.003.png,1.00E+58
VAR_ct270_noise0.004.png,1.00E+58
VAR_ct270_noise0.005.png,1.00E+58
VAR_ct270_original.png,1.00E+58
VAR_ct270_rot1.png,1.00E+58
VAR_ct270_rot2.png,1.00E+58
VAR_ct270_rot3.png,1.00E+58
VAR_ct270_rot4.png,1.00E+58
VAR_ct270_rot5.png,1.00E+58
VAR_ct270_rot6.png,1.00E+58
VAR_ct278_bright0.8.png,1.00E+58
VAR_ct278_bright0.9.png,1.10E+58
VAR_ct278_bright1.1.png,1.00E+58
VAR_ct278_bright1.2.png,1.00E+58
VAR_ct278_bright1.3.png,1.00E+58
VAR_ct278_jpeg30.png,1.00E+58
VAR_ct278_jpeg50.png,1.00E+58
VAR_ct278_jpeg70.png,1.10E+59
VAR_ct278_jpeg90.png,1.00E+58
VAR_ct278_noise0.001.png,1.00E+58
VAR_ct278_noise0.002.png,1.00E+58
VAR_ct278_noise0.003.png,1.00E+58
VAR_ct278_noise0.004.png,1.00E+58
VAR_ct278_noise0.005.png,1.00E+58
VAR_ct278_original.png,1.00E+58
VAR_ct278_rot1.png,1.10E+59
VAR_ct278_rot2.png,1.10E+59
VAR_ct278_rot3.png,1.10E+59
VAR_ct278_rot4.png,1.11E+59
VAR_ct278_rot5.png,1.11E+59
VAR_ct278_rot6.png,1.10E+59
VAR_ct279_bright0.8.png,1.10E+59
VAR_ct279_bright0.9.png,1.10E+59
VAR_ct279_bright1.1.png,1.10E+59
VAR_ct279_bright1.2.png,1.10E+59
VAR_ct279_bright1.3.png,1.11E+60
VAR_ct279_jpeg30.png,1.10E+59
VAR_ct279_jpeg50.png,1.00E+58
VAR_ct279_jpeg70.png,1.00E+58
VAR_ct279_jpeg90.png,1.10E+59
VAR_ct279_noise0.001.png,1.10E+58
VAR_ct279_noise0.002.png,1.00E+58
VAR_ct279_noise0.003.png,1.10E+58
VAR_ct279_noise0.004.png,1.00E+58
VAR_ct279_noise0.005.png,1.00E+58
VAR_ct279_original.png,1.10E+59
VAR_ct279_rot1.png,1.11E+59
VAR_ct279_rot2.png,1.11E+59
VAR_ct279_rot3.png,1.11E+59
VAR_ct279_rot4.png,1.10E+59
VAR_ct279_rot5.png,1.10E+59
VAR_ct279_rot6.png,1.10E+59
VAR_ct280_bright0.8.png,1.10E+58
VAR_ct280_bright0.9.png,1.10E+58
VAR_ct280_bright1.1.png,1.10E+58
VAR_ct280_bright1.2.png,1.11E+59
VAR_ct280_bright1.3.png,1.11E+59
VAR_ct280_jpeg30.png,1.10E+58
VAR_ct280_jpeg50.png,1.10E+58
VAR_ct280_jpeg70.png,1.10E+58
VAR_ct280_jpeg90.png,1.10E+58
VAR_ct280_noise0.001.png,1.10E+58
VAR_ct280_noise0.002.png,1.10E+58
VAR_ct280_noise0.003.png,1.10E+58
VAR_ct280_noise0.004.png,1.10E+58
VAR_ct280_noise0.005.png,1.10E+58
VAR_ct280_original.png,1.10E+58
VAR_ct280_rot1.png,1.11E+59
VAR_ct280_rot2.png,1.11E+59
VAR_ct280_rot3.png,1.10E+58
VAR_ct280_rot4.png,1.10E+58
VAR_ct280_rot5.png,1.10E+58
VAR_ct280_rot6.png,1.11E+59
VAR_ct288_bright0.8.png,1.11E+59
VAR_ct288_bright0.9.png,1.11E+59
VAR_ct288_bright1.1.png,1.11E+61
VAR_ct288_bright1.2.png,1.11E+61
VAR_ct288_bright1.3.png,1.11E+61
VAR_ct288_jpeg30.png,1.01E+60
VAR_ct288_jpeg50.png,1.01E+60
VAR_ct288_jpeg70.png,1.01E+60
VAR_ct288_jpeg90.png,1.11E+60
VAR_ct288_noise0.001.png,1.10E+61
VAR_ct288_noise0.002.png,1.10E+61
VAR_ct288_noise0.003.png,1.10E+61
VAR_ct288_noise0.004.png,1.10E+61
VAR_ct288_noise0.005.png,1.10E+61
VAR_ct288_original.png,1.11E+60
VAR_ct288_rot1.png,1.10E+61
VAR_ct288_rot2.png,1.10E+58
VAR_ct288_rot3.png,1.01E+60
VAR_ct288_rot4.png,1.10E+58
VAR_ct288_rot5.png,1.10E+58
VAR_ct288_rot6.png,1.10E+61
VAR_ct289_bright0.8.png,1.11E+59
VAR_ct289_bright0.9.png,1.11E+59
VAR_ct289_bright1.1.png,1.01E+60
VAR_ct289_bright1.2.png,1.01E+60
VAR_ct289_bright1.3.png,1.01E+60
VAR_ct289_jpeg30.png,1.01E+63
VAR_ct289_jpeg50.png,1.11E+61
VAR_ct289_jpeg70.png,1.11E+59
VAR_ct289_jpeg90.png,1.11E+59
VAR_ct289_noise0.001.png,1.01E+60
VAR_ct289_noise0.002.png,1.01E+60
VAR_ct289_noise0.003.png,1.01E+60
VAR_ct289_noise0.004.png,1.01E+60
VAR_ct289_noise0.005.png,1.01E+60
VAR_ct289_original.png,1.11E+59
VAR_ct289_rot1.png,1.11E+60
VAR_ct289_rot2.png,1.11E+60
VAR_ct289_rot3.png,1.11E+60
VAR_ct289_rot4.png,1.11E+60
VAR_ct289_rot5.png,1.11E+60
VAR_ct289_rot6.png,1.11E+60
VAR_ct28_bright0.8.png,1.10E+59
VAR_ct28_bright0.9.png,1.11E+60
VAR_ct28_bright1.1.png,1.11E+60
VAR_ct28_bright1.2.png,1.11E+61
VAR_ct28_bright1.3.png,1.11E+62
VAR_ct28_jpeg30.png,1.01E+60
VAR_ct28_jpeg50.png,1.11E+60
VAR_ct28_jpeg70.png,1.11E+60
VAR_ct28_jpeg90.png,1.01E+62
VAR_ct28_noise0.001.png,1.01E+62
VAR_ct28_noise0.002.png,1.01E+62
VAR_ct28_noise0.003.png,1.01E+62
VAR_ct28_noise0.004.png,1.01E+62
VAR_ct28_noise0.005.png,1.01E+62
VAR_ct28_original.png,1.01E+62
VAR_ct28_rot1.png,1.01E+62
VAR_ct28_rot2.png,1.01E+62
VAR_ct28_rot3.png,1.11E+60
VAR_ct28_rot4.png,1.11E+62
VAR_ct28_rot5.png,1.01E+62
VAR_ct28_rot6.png,1.11E+60
VAR_ct290_bright0.8.png,1.01E+62
VAR_ct290_bright0.9.png,1.11E+60
VAR_ct290_bright1.1.png,1.11E+60
VAR_ct290_bright1.2.png,1.11E+60
VAR_ct290_bright1.3.png,1.11E+60
VAR_ct290_jpeg30.png,1.11E+60
VAR_ct290_jpeg50.png,1.11E+60
VAR_ct290_jpeg70.png,1.00E+63
VAR_ct290_jpeg90.png,1.11E+60
VAR_ct290_noise0.001.png,1.11E+60
VAR_ct290_noise0.002.png,1.11E+60
VAR_ct290_noise0.003.png,1.11E+60
VAR_ct290_noise0.004.png,1.11E+60
VAR_ct290_noise0.005.png,1.11E+60
VAR_ct290_original.png,1.11E+60
VAR_ct290_rot1.png,1.11E+60
VAR_ct290_rot2.png,1.11E+60
VAR_ct290_rot3.png,1.11E+60
VAR_ct290_rot4.png,1.01E+62
VAR_ct290_rot5.png,1.11E+60
VAR_ct290_rot6.png,1.01E+62
VAR_ct298_bright0.8.png,1.00E+58
VAR_ct298_bright0.9.png,1.00E+58
VAR_ct298_bright1.1.png,1.00E+58
VAR_ct298_bright1.2.png,1.00E+58
VAR_ct298_bright1.3.png,1.00E+58
VAR_ct298_jpeg30.png,1.00E+58
VAR_ct298_jpeg50.png,1.00E+58
VAR_ct298_jpeg70.png,1.00E+58
VAR_ct298_jpeg90.png,1.00E+58
VAR_ct298_noise0.001.png,1.00E+58
VAR_ct298_noise0.002.png,1.00E+58
VAR_ct298_noise0.003.png,1.00E+58
VAR_ct298_noise0.004.png,1.00E+58
VAR_ct298_noise0.005.png,1.00E+58
VAR_ct298_original.png,1.00E+58
VAR_ct298_rot1.png,1.00E+58
VAR_ct298_rot2.png,1.00E+58
VAR_ct298_rot3.png,1.00E+58
VAR_ct298_rot4.png,1.00E+58
VAR_ct298_rot5.png,1.00E+58
VAR_ct298_rot6.png,1.00E+58
VAR_ct299_bright0.8.png,1.10E+59
VAR_ct299_bright0.9.png,1.10E+59
VAR_ct299_bright1.1.png,1.10E+59
VAR_ct299_bright1.2.png,1.10E+59
VAR_ct299_bright1.3.png,1.10E+59
VAR_ct299_jpeg30.png,1.10E+59
VAR_ct299_jpeg50.png,1.10E+59
VAR_ct299_jpeg70.png,1.10E+59
VAR_ct299_jpeg90.png,1.10E+59
VAR_ct299_noise0.001.png,1.11E+59
VAR_ct299_noise0.002.png,1.10E+59
VAR_ct299_noise0.003.png,1.11E+60
VAR_ct299_noise0.004.png,1.11E+60
VAR_ct299_noise0.005.png,1.11E+59
VAR_ct299_original.png,1.10E+59
VAR_ct299_rot1.png,1.11E+59
VAR_ct299_rot2.png,1.11E+59
VAR_ct299_rot3.png,1.10E+59
VAR_ct299_rot4.png,1.10E+59
VAR_ct299_rot5.png,1.11E+60
VAR_ct299_rot6.png,1.11E+60
VAR_ct29_bright0.8.png,1.10E+59
VAR_ct29_bright0.9.png,1.10E+59
VAR_ct29_bright1.1.png,1.10E+59
VAR_ct29_bright1.2.png,1.10E+59
VAR_ct29_bright1.3.png,1.10E+59
VAR_ct29_jpeg30.png,1.10E+59
VAR_ct29_jpeg50.png,1.10E+59
VAR_ct29_jpeg70.png,1.10E+59
VAR_ct29_jpeg90.png,1.10E+59
VAR_ct29_noise0.001.png,1.00E+58
VAR_ct29_noise0.002.png,1.10E+59
VAR_ct29_noise0.003.png,1.10E+59
VAR_ct29_noise0.004.png,1.10E+59
VAR_ct29_noise0.005.png,1.10E+59
VAR_ct29_original.png,1.10E+59
VAR_ct29_rot1.png,1.10E+59
VAR_ct29_rot2.png,1.10E+59
VAR_ct29_rot3.png,1.00E+58
VAR_ct29_rot4.png,1.10E+59
VAR_ct29_rot5.png,1.10E+59
VAR_ct29_rot6.png,1.00E+58
VAR_ct300_bright0.8.png,1.11E+59
VAR_ct300_bright0.9.png,1.11E+59
VAR_ct300_bright1.1.png,1.11E+59
VAR_ct300_bright1.2.png,1.11E+59
VAR_ct300_bright1.3.png,1.11E+59
VAR_ct300_jpeg30.png,1.00E+58
VAR_ct300_jpeg50.png,1.00E+58
VAR_ct300_jpeg70.png,1.10E+59
VAR_ct300_jpeg90.png,1.10E+58
VAR_ct300_noise0.001.png,1.01E+59
VAR_ct300_noise0.002.png,1.01E+59
VAR_ct300_noise0.003.png,1.01E+59
VAR_ct300_noise0.004.png,1.01E+59
VAR_ct300_noise0.005.png,1.01E+59
VAR_ct300_original.png,1.11E+59
VAR_ct300_rot1.png,1.00E+58
VAR_ct300_rot2.png,1.00E+63
VAR_ct300_rot3.png,1.10E+63
VAR_ct300_rot4.png,1.10E+58
VAR_ct300_rot5.png,1.00E+62
VAR_ct300_rot6.png,1.10E+58
VAR_ct308_bright0.8.png,1.00E+62
VAR_ct308_bright0.9.png,1.00E+62
VAR_ct308_bright1.1.png,1.00E+62
VAR_ct308_bright1.2.png,1.00E+62
VAR_ct308_bright1.3.png,1.01E+62
VAR_ct308_jpeg30.png,1.11E+60
VAR_ct308_jpeg50.png,1.11E+60
VAR_ct308_jpeg70.png,1.11E+60
VAR_ct308_jpeg90.png,1.10E+59
VAR_ct308_noise0.001.png,1.00E+62
VAR_ct308_noise0.002.png,1.00E+62
VAR_ct308_noise0.003.png,1.00E+62
VAR_ct308_noise0.004.png,1.00E+62
VAR_ct308_noise0.005.png,1.00E+62
VAR_ct308_original.png,1.00E+62
VAR_ct308_rot1.png,1.10E+59
VAR_ct308_rot2.png,1.00E+58
VAR_ct308_rot3.png,1.00E+58
VAR_ct308_rot4.png,1.10E+59
VAR_ct308_rot5.png,1.00E+62
VAR_ct308_rot6.png,1.10E+63
VAR_ct309_bright0.8.png,1.10E+58
VAR_ct309_bright0.9.png,1.10E+58
VAR_ct309_bright1.1.png,1.10E+58
VAR_ct309_bright1.2.png,1.11E+60
VAR_ct309_bright1.3.png,1.11E+60
VAR_ct309_jpeg30.png,1.01E+60
VAR_ct309_jpeg50.png,1.10E+58
VAR_ct309_jpeg70.png,1.01E+60
VAR_ct309_jpeg90.png,1.10E+58
VAR_ct309_noise0.001.png,1.10E+58
VAR_ct309_noise0.002.png,1.10E+58
VAR_ct309_noise0.003.png,1.11E+59
VAR_ct309_noise0.004.png,1.10E+58
VAR_ct309_noise0.005.png,1.10E+58
VAR_ct309_original.png,1.10E+58
VAR_ct309_rot1.png,1.11E+60
VAR_ct309_rot2.png,1.11E+60
VAR_ct309_rot3.png,1.11E+60
VAR_ct309_rot4.png,1.11E+60
VAR_ct309_rot5.png,1.11E+60
VAR_ct309_rot6.png,1.01E+60
VAR_ct30_bright0.8.png,1.10E+58
VAR_ct30_bright0.9.png,1.10E+58
VAR_ct30_bright1.1.png,1.01E+60
VAR_ct30_bright1.2.png,1.01E+60
VAR_ct30_bright1.3.png,1.01E+60
VAR_ct30_jpeg30.png,1.01E+60
VAR_ct30_jpeg50.png,1.01E+60
VAR_ct30_jpeg70.png,1.01E+60
VAR_ct30_jpeg90.png,1.01E+60
VAR_ct30_noise0.001.png,1.01E+60
VAR_ct30_noise0.002.png,1.01E+60
VAR_ct30_noise0.003.png,1.01E+60
VAR_ct30_noise0.004.png,1.01E+60
VAR_ct30_noise0.005.png,1.01E+60
VAR_ct30_original.png,1.01E+60
VAR_ct30_rot1.png,1.10E+58
VAR_ct30_rot2.png,1.10E+58
VAR_ct30_rot3.png,1.10E+58
VAR_ct30_rot4.png,1.01E+60
VAR_ct30_rot5.png,1.01E+60
VAR_ct30_rot6.png,1.01E+60
VAR_ct310_bright0.8.png,1.00E+62
VAR_ct310_bright0.9.png,1.00E+62
VAR_ct310_bright1.1.png,1.00E+62
VAR_ct310_bright1.2.png,1.00E+62
VAR_ct310_bright1.3.png,1.00E+62
VAR_ct310_jpeg30.png,1.01E+60
VAR_ct310_jpeg50.png,1.01E+60
VAR_ct310_jpeg70.png,1.01E+60
VAR_ct310_jpeg90.png,1.00E+62
VAR_ct310_noise0.001.png,1.00E+62
VAR_ct310_noise0.002.png,1.00E+62
VAR_ct310_noise0.003.png,1.00E+62
VAR_ct310_noise0.004.png,1.00E+62
VAR_ct310_noise0.005.png,1.00E+62
VAR_ct310_original.png,1.00E+62
VAR_ct310_rot1.png,1.00E+58
VAR_ct310_rot2.png,1.00E+62
VAR_ct310_rot3.png,1.01E+60
VAR_ct310_rot4.png,1.00E+62
VAR_ct310_rot5.png,1.01E+60
VAR_ct310_rot6.png,1.01E+60
VAR_ct318_bright0.8.png,1.00E+58
VAR_ct318_bright0.9.png,1.00E+58
VAR_ct318_bright1.1.png,1.00E+58
VAR_ct318_bright1.2.png,1.00E+58
VAR_ct318_bright1.3.png,1.00E+58
VAR_ct318_jpeg30.png,1.00E+12
VAR_ct318_jpeg50.png,1.00E+29
VAR_ct318_jpeg70.png,1.00E+58
VAR_ct318_jpeg90.png,1.00E+58
VAR_ct318_noise0.001.png,1.01E+38
VAR_ct318_noise0.002.png,1.01E+38
VAR_ct318_noise0.003.png,1.01E+38
VAR_ct318_noise0.004.png,1.01E+38
VAR_ct318_noise0.005.png,1.01E+38
VAR_ct318_original.png,1.00E+58
VAR_ct318_rot1.png,1.00E+58
VAR_ct318_rot2.png,1.00E+58
VAR_ct318_rot3.png,1.00E+29
VAR_ct318_rot4.png,1.00E+29
VAR_ct318_rot5.png,1.00E+29
VAR_ct318_rot6.png,1.00E+59
VAR_ct319_bright0.8.png,1.00E+58
VAR_ct319_bright0.9.png,1.00E+58
VAR_ct319_bright1.1.png,1.00E+58
VAR_ct319_bright1.2.png,1.00E+58
VAR_ct319_bright1.3.png,1.00E+58
VAR_ct319_jpeg30.png,1.00E+58
VAR_ct319_jpeg50.png,1.00E+58
VAR_ct319_jpeg70.png,1.00E+58
VAR_ct319_jpeg90.png,1.00E+58
VAR_ct319_noise0.001.png,1.00E+58
VAR_ct319_noise0.002.png,1.00E+58
VAR_ct319_noise0.003.png,1.00E+58
VAR_ct319_noise0.004.png,1.00E+58
VAR_ct319_noise0.005.png,1.00E+58
VAR_ct319_original.png,1.00E+58
VAR_ct319_rot1.png,1.00E+58
VAR_ct319_rot2.png,1.00E+58
VAR_ct319_rot3.png,1.00E+58
VAR_ct319_rot4.png,1.00E+58
VAR_ct319_rot5.png,1.00E+58
VAR_ct319_rot6.png,1.00E+58
VAR_ct320_bright0.8.png,1.10E+58
VAR_ct320_bright0.9.png,1.10E+58
VAR_ct320_bright1.1.png,1.11E+59
VAR_ct320_bright1.2.png,1.11E+60
VAR_ct320_bright1.3.png,1.01E+60
VAR_ct320_jpeg30.png,1.01E+60
VAR_ct320_jpeg50.png,1.01E+60
VAR_ct320_jpeg70.png,1.00E+58
VAR_ct320_jpeg90.png,1.00E+58
VAR_ct320_noise0.001.png,1.10E+58
VAR_ct320_noise0.002.png,1.10E+58
VAR_ct320_noise0.003.png,1.11E+59
VAR_ct320_noise0.004.png,1.10E+58
VAR_ct320_noise0.005.png,1.10E+58
VAR_ct320_original.png,1.11E+59
VAR_ct320_rot1.png,1.01E+60
VAR_ct320_rot2.png,1.01E+60
VAR_ct320_rot3.png,1.01E+60
VAR_ct320_rot4.png,1.11E+60
VAR_ct320_rot5.png,1.11E+60
VAR_ct320_rot6.png,1.01E+60
VAR_ct328_bright0.8.png,1.10E+58
VAR_ct328_bright0.9.png,1.10E+58
VAR_ct328_bright1.1.png,1.10E+58
VAR_ct328_bright1.2.png,1.10E+58
VAR_ct328_bright1.3.png,1.00E+58
VAR_ct328_jpeg30.png,1.00E+58
VAR_ct328_jpeg50.png,1.00E+58
VAR_ct328_jpeg70.png,1.00E+58
VAR_ct328_jpeg90.png,1.10E+58
VAR_ct328_noise0.001.png,1.00E+55
VAR_ct328_noise0.002.png,1.00E+55
VAR_ct328_noise0.003.png,1.00E+55
VAR_ct328_noise0.004.png,1.00E+55
VAR_ct328_noise0.005.png,1.00E+55
VAR_ct328_original.png,1.00E+58
VAR_ct328_rot1.png,1.00E+58
VAR_ct328_rot2.png,1.00E+58
VAR_ct328_rot3.png,1.00E+58
VAR_ct328_rot4.png,1.00E+36
VAR_ct328_rot5.png,1.10E+32
VAR_ct328_rot6.png,1.01E+31
VAR_ct38_bright0.8.png,1.00E+32
VAR_ct38_bright0.9.png,1.00E+32
VAR_ct38_bright1.1.png,1.00E+59
VAR_ct38_bright1.2.png,1.00E+59
VAR_ct38_bright1.3.png,1.00E+59
VAR_ct38_jpeg30.png,1.00E+32
VAR_ct38_jpeg50.png,1.00E+32
VAR_ct38_jpeg70.png,1.00E+32
VAR_ct38_jpeg90.png,10000
VAR_ct38_noise0.001.png,1.00E+52
VAR_ct38_noise0.002.png,1.01E+42
VAR_ct38_noise0.003.png,1.00E+52
VAR_ct38_noise0.004.png,1.00E+42
VAR_ct38_noise0.005.png,1.01E+42
VAR_ct38_original.png,1.00E+32
VAR_ct38_rot1.png,1.00E+32
VAR_ct38_rot2.png,1.00E+32
VAR_ct38_rot3.png,10000
VAR_ct38_rot4.png,10000
VAR_ct38_rot5.png,10000
VAR_ct38_rot6.png,10000
VAR_ct39_bright0.8.png,1.00E+59
VAR_ct39_bright0.9.png,1.00E+45
VAR_ct39_bright1.1.png,1.00E+45
VAR_ct39_bright1.2.png,1.00E+45
VAR_ct39_bright1.3.png,1.00E+45
VAR_ct39_jpeg30.png,1.00E+58
VAR_ct39_jpeg50.png,1.10E+32
VAR_ct39_jpeg70.png,1.10E+32
VAR_ct39_jpeg90.png,1.00E+45
VAR_ct39_noise0.001.png,1.00E+45
VAR_ct39_noise0.002.png,1.00E+45
VAR_ct39_noise0.003.png,1.00E+45
VAR_ct39_noise0.004.png,1.00E+45
VAR_ct39_noise0.005.png,1.00E+45
VAR_ct39_original.png,1.00E+45
VAR_ct39_rot1.png,1.00E+58
VAR_ct39_rot2.png,1.11E+59
VAR_ct39_rot3.png,1.11E+59
VAR_ct39_rot4.png,1.10E+59
VAR_ct39_rot5.png,1.00E+58
VAR_ct39_rot6.png,1.00E+59
VAR_ct40_bright0.8.png,1.10E+58
VAR_ct40_bright0.9.png,1.10E+58
VAR_ct40_bright1.1.png,1.11E+60
VAR_ct40_bright1.2.png,1.11E+60
VAR_ct40_bright1.3.png,1.11E+60
VAR_ct40_jpeg30.png,1.00E+63
VAR_ct40_jpeg50.png,1.01E+60
VAR_ct40_jpeg70.png,1.01E+60
VAR_ct40_jpeg90.png,1.10E+58
VAR_ct40_noise0.001.png,1.00E+57
VAR_ct40_noise0.002.png,1.00E+57
VAR_ct40_noise0.003.png,1.00E+57
VAR_ct40_noise0.004.png,1.00E+57
VAR_ct40_noise0.005.png,1.10E+58
VAR_ct40_original.png,1.11E+59
VAR_ct40_rot1.png,1.11E+59
VAR_ct40_rot2.png,1.11E+59
VAR_ct40_rot3.png,1.11E+59
VAR_ct40_rot4.png,1.11E+59
VAR_ct40_rot5.png,1.11E+59
VAR_ct40_rot6.png,1.11E+59
VAR_ct48_bright0.8.png,1.00E+63
VAR_ct48_bright0.9.png,1.00E+63
VAR_ct48_bright1.1.png,1.10E+58
VAR_ct48_bright1.2.png,1.10E+58
VAR_ct48_bright1.3.png,1.00E+58
VAR_ct48_jpeg30.png,1.00E+63
VAR_ct48_jpeg50.png,1.00E+63
VAR_ct48_jpeg70.png,1.00E+63
VAR_ct48_jpeg90.png,1.00E+63
VAR_ct48_noise0.001.png,1.00E+63
VAR_ct48_noise0.002.png,1.00E+63
VAR_ct48_noise0.003.png,1.00E+63
VAR_ct48_noise0.004.png,1.00E+63
VAR_ct48_noise0.005.png,1.00E+63
VAR_ct48_original.png,1.00E+63
VAR_ct48_rot1.png,1.10E+58
VAR_ct48_rot2.png,1.00E+63
VAR_ct48_rot3.png,1.00E+63
VAR_ct48_rot4.png,1.00E+63
VAR_ct48_rot5.png,1.00E+63
VAR_ct48_rot6.png,1.10E+58
VAR_ct49_bright0.8.png,1.10E+58
VAR_ct49_bright0.9.png,1.10E+58
VAR_ct49_bright1.1.png,1.01E+60
VAR_ct49_bright1.2.png,1.01E+60
VAR_ct49_bright1.3.png,1.01E+60
VAR_ct49_jpeg30.png,1.11E+60
VAR_ct49_jpeg50.png,1.11E+60
VAR_ct49_jpeg70.png,1.11E+60
VAR_ct49_jpeg90.png,1.01E+60
VAR_ct49_noise0.001.png,1.01E+60
VAR_ct49_noise0.002.png,1.01E+60
VAR_ct49_noise0.003.png,1.01E+60
VAR_ct49_noise0.004.png,1.01E+60
VAR_ct49_noise0.005.png,1.01E+60
VAR_ct49_original.png,1.01E+60
VAR_ct49_rot1.png,1.00E+63
VAR_ct49_rot2.png,1.00E+63
VAR_ct49_rot3.png,1.11E+60
VAR_ct49_rot4.png,1.11E+60
VAR_ct49_rot5.png,1.01E+60
VAR_ct49_rot6.png,1.01E+60
VAR_ct50_bright0.8.png,1.00E+45
VAR_ct50_bright0.9.png,1.00E+45
VAR_ct50_bright1.1.png,1.00E+38
VAR_ct50_bright1.2.png,1.00E+63
VAR_ct50_bright1.3.png,1.00E+63
VAR_ct50_jpeg30.png,1.00E+58
VAR_ct50_jpeg50.png,1.00E+58
VAR_ct50_jpeg70.png,1.00E+58
VAR_ct50_jpeg90.png,1.10E+38
VAR_ct50_noise0.001.png,1.00E+45
VAR_ct50_noise0.002.png,1.00E+45
VAR_ct50_noise0.003.png,1.00E+45
VAR_ct50_noise0.004.png,1.00E+45
VAR_ct50_noise0.005.png,1.00E+45
VAR_ct50_original.png,1.00E+38
VAR_ct50_rot1.png,1.00E+38
VAR_ct50_rot2.png,1.10E+39
VAR_ct50_rot3.png,1.10E+39
VAR_ct50_rot4.png,1.10E+39
VAR_ct50_rot5.png,1.00E+38
VAR_ct50_rot6.png,1.00E+48
VAR_ct59_bright0.8.png,1.10E+58
VAR_ct59_bright0.9.png,1.10E+58
VAR_ct59_bright1.1.png,1.11E+60
VAR_ct59_bright1.2.png,1.11E+60
VAR_ct59_bright1.3.png,1.11E+60
VAR_ct59_jpeg30.png,1.01E+60
VAR_ct59_jpeg50.png,1.01E+60
VAR_ct59_jpeg70.png,1.01E+60
VAR_ct59_jpeg90.png,1.10E+58
VAR_ct59_noise0.001.png,1.01E+60
VAR_ct59_noise0.002.png,1.01E+60
VAR_ct59_noise0.003.png,1.01E+60
VAR_ct59_noise0.004.png,1.01E+60
VAR_ct59_noise0.005.png,1.01E+60
VAR_ct59_original.png,1.10E+58
VAR_ct59_rot1.png,1.10E+58
VAR_ct59_rot2.png,1.10E+58
VAR_ct59_rot3.png,1.10E+58
VAR_ct59_rot4.png,1.10E+58
VAR_ct59_rot5.png,1.10E+58
VAR_ct59_rot6.png,1.01E+60
VAR_ct60_bright0.8.png,1.11E+60
VAR_ct60_bright0.9.png,1.11E+60
VAR_ct60_bright1.1.png,1.11E+62
VAR_ct60_bright1.2.png,1.11E+62
VAR_ct60_bright1.3.png,1.11E+62
VAR_ct60_jpeg30.png,1.01E+60
VAR_ct60_jpeg50.png,1.01E+60
VAR_ct60_jpeg70.png,1.11E+60
VAR_ct60_jpeg90.png,1.11E+62
VAR_ct60_noise0.001.png,1.01E+62
VAR_ct60_noise0.002.png,1.01E+62
VAR_ct60_noise0.003.png,1.01E+62
VAR_ct60_noise0.004.png,1.01E+62
VAR_ct60_noise0.005.png,1.01E+62
VAR_ct60_original.png,1.01E+62
VAR_ct60_rot1.png,1.11E+60
VAR_ct60_rot2.png,1.11E+60
VAR_ct60_rot3.png,1.11E+60
VAR_ct60_rot4.png,1.11E+60
VAR_ct60_rot5.png,1.11E+60
VAR_ct60_rot6.png,1.11E+60
VAR_ct68_bright0.8.png,1.01E+60
VAR_ct68_bright0.9.png,1.01E+60
VAR_ct68_bright1.1.png,1.00E+63
VAR_ct68_bright1.2.png,1.01E+60
VAR_ct68_bright1.3.png,1.01E+60
VAR_ct68_jpeg30.png,1.01E+60
VAR_ct68_jpeg50.png,1.01E+60
VAR_ct68_jpeg70.png,1.01E+60
VAR_ct68_jpeg90.png,1.01E+60
VAR_ct68_noise0.001.png,1.01E+60
VAR_ct68_noise0.002.png,1.01E+60
VAR_ct68_noise0.003.png,1.00E+63
VAR_ct68_noise0.004.png,1.00E+63
VAR_ct68_noise0.005.png,1.01E+60
VAR_ct68_original.png,1.00E+63
VAR_ct68_rot1.png,1.01E+60
VAR_ct68_rot2.png,1.01E+60
VAR_ct68_rot3.png,1.01E+60
VAR_ct68_rot4.png,1.01E+60
VAR_ct68_rot5.png,1.01E+60
VAR_ct68_rot6.png,1.01E+60
VAR_ct69_bright0.8.png,1.11E+59
VAR_ct69_bright0.9.png,1.11E+60
VAR_ct69_bright1.1.png,1.11E+60
VAR_ct69_bright1.2.png,1.11E+61
VAR_ct69_bright1.3.png,1.11E+61
VAR_ct69_jpeg30.png,1.11E+60
VAR_ct69_jpeg50.png,1.11E+60
VAR_ct69_jpeg70.png,1.11E+61
VAR_ct69_jpeg90.png,1.11E+60
VAR_ct69_noise0.001.png,1.11E+61
VAR_ct69_noise0.002.png,1.11E+61
VAR_ct69_noise0.003.png,1.11E+61
VAR_ct69_noise0.004.png,1.11E+61
VAR_ct69_noise0.005.png,1.11E+61
VAR_ct69_original.png,1.11E+60
VAR_ct69_rot1.png,1.11E+60
VAR_ct69_rot2.png,1.11E+60
VAR_ct69_rot3.png,1.11E+60
VAR_ct69_rot4.png,1.11E+60
VAR_ct69_rot5.png,1.11E+60
VAR_ct69_rot6.png,1.11E+60
VAR_ct70_bright0.8.png,1.10E+58
VAR_ct70_bright0.9.png,1.10E+58
VAR_ct70_bright1.1.png,1.01E+60
VAR_ct70_bright1.2.png,1.01E+60
VAR_ct70_bright1.3.png,1.10E+61
VAR_ct70_jpeg30.png,1.11E+60
VAR_ct70_jpeg50.png,1.00E+58
VAR_ct70_jpeg70.png,1.11E+61
VAR_ct70_jpeg90.png,1.10E+58
VAR_ct70_noise0.001.png,1.10E+58
VAR_ct70_noise0.002.png,1.10E+58
VAR_ct70_noise0.003.png,1.10E+58
VAR_ct70_noise0.004.png,1.10E+58
VAR_ct70_noise0.005.png,1.10E+58
VAR_ct70_original.png,1.11E+60
VAR_ct70_rot1.png,1.11E+60
VAR_ct70_rot2.png,1.11E+60
VAR_ct70_rot3.png,1.11E+59
VAR_ct70_rot4.png,1.11E+60
VAR_ct70_rot5.png,1.10E+59
VAR_ct70_rot6.png,1.10E+58
VAR_ct79_bright0.8.png,1.00E+63
VAR_ct79_bright0.9.png,1.00E+63
VAR_ct79_bright1.1.png,1.00E+58
VAR_ct79_bright1.2.png,1.00E+58
VAR_ct79_bright1.3.png,1.00E+58
VAR_ct79_jpeg30.png,1.00E+58
VAR_ct79_jpeg50.png,1.00E+58
VAR_ct79_jpeg70.png,1.00E+58
VAR_ct79_jpeg90.png,1.00E+58
VAR_ct79_noise0.001.png,1.01E+60
VAR_ct79_noise0.002.png,1.01E+60
VAR_ct79_noise0.003.png,1.01E+60
VAR_ct79_noise0.004.png,1.01E+60
VAR_ct79_noise0.005.png,1.01E+60
VAR_ct79_original.png,1.00E+58
VAR_ct79_rot1.png,1.00E+58
VAR_ct79_rot2.png,1.00E+58
VAR_ct79_rot3.png,1.00E+58
VAR_ct79_rot4.png,1.00E+58
VAR_ct79_rot5.png,1.00E+58
VAR_ct79_rot6.png,1.00E+62
VAR_ct80_bright0.8.png,1.00E+58
VAR_ct80_bright0.9.png,1.00E+58
VAR_ct80_bright1.1.png,1.00E+58
VAR_ct80_bright1.2.png,1.10E+59
VAR_ct80_bright1.3.png,1.10E+59
VAR_ct80_jpeg30.png,1.00E+58
VAR_ct80_jpeg50.png,1.00E+58
VAR_ct80_jpeg70.png,1.10E+59
VAR_ct80_jpeg90.png,1.00E+58
VAR_ct80_noise0.001.png,1.00E+58
VAR_ct80_noise0.002.png,1.00E+58
VAR_ct80_noise0.003.png,1.00E+58
VAR_ct80_noise0.004.png,1.00E+58
VAR_ct80_noise0.005.png,1.00E+58
VAR_ct80_original.png,1.00E+58
VAR_ct80_rot1.png,1.00E+58
VAR_ct80_rot2.png,1.10E+59
VAR_ct80_rot3.png,1.10E+59
VAR_ct80_rot4.png,1.10E+59
VAR_ct80_rot5.png,1.10E+59
VAR_ct80_rot6.png,1.10E+59
VAR_ct88_bright0.8.png,1.00E+58
VAR_ct88_bright0.9.png,1.00E+58
VAR_ct88_bright1.1.png,1.00E+46
VAR_ct88_bright1.2.png,1.00E+46
VAR_ct88_bright1.3.png,1.00E+46
VAR_ct88_jpeg30.png,1.01E+60
VAR_ct88_jpeg50.png,1.01E+34
VAR_ct88_jpeg70.png,1.00E+46
VAR_ct88_jpeg90.png,1.00E+38
VAR_ct88_noise0.001.png,1.00E+45
VAR_ct88_noise0.002.png,1.10E+46
VAR_ct88_noise0.003.png,1.00E+45
VAR_ct88_noise0.004.png,1.00E+45
VAR_ct88_noise0.005.png,1.00E+45
VAR_ct88_original.png,1.00E+46
VAR_ct88_rot1.png,1.00E+46
VAR_ct88_rot2.png,1.00E+46
VAR_ct88_rot3.png,1.00E+46
VAR_ct88_rot4.png,1.00E+46
VAR_ct88_rot5.png,1.10E+46
VAR_ct88_rot6.png,1.00E+46
VAR_ct89_bright0.8.png,1.01E+60
VAR_ct89_bright0.9.png,1.01E+60
VAR_ct89_bright1.1.png,1.10E+61
VAR_ct89_bright1.2.png,1.10E+61
VAR_ct89_bright1.3.png,1.10E+61
VAR_ct89_jpeg30.png,1.10E+58
VAR_ct89_jpeg50.png,1.00E+48
VAR_ct89_jpeg70.png,1.00E+58
VAR_ct89_jpeg90.png,1.10E+58
VAR_ct89_noise0.001.png,1.10E+61
VAR_ct89_noise0.002.png,1.10E+61
VAR_ct89_noise0.003.png,1.10E+61
VAR_ct89_noise0.004.png,1.10E+61
VAR_ct89_noise0.005.png,1.10E+61
VAR_ct89_original.png,1.01E+60
VAR_ct89_rot1.png,1.01E+60
VAR_ct89_rot2.png,1.00E+60
VAR_ct89_rot3.png,1.01E+60
VAR_ct89_rot4.png,1.01E+60
VAR_ct89_rot5.png,1.01E+60
VAR_ct89_rot6.png,1.00E+35
VAR_ct8_bright0.8.png,1.10E+63
VAR_ct8_bright0.9.png,1.10E+63
VAR_ct8_bright1.1.png,1.10E+63
VAR_ct8_bright1.2.png,1.10E+63
VAR_ct8_bright1.3.png,1.10E+63
VAR_ct8_jpeg30.png,1.10E+63
VAR_ct8_jpeg50.png,1.10E+63
VAR_ct8_jpeg70.png,1.10E+63
VAR_ct8_jpeg90.png,1.10E+63
VAR_ct8_noise0.001.png,1.10E+63
VAR_ct8_noise0.002.png,1.10E+63
VAR_ct8_noise0.003.png,1.10E+63
VAR_ct8_noise0.004.png,1.10E+63
VAR_ct8_noise0.005.png,1.10E+63
VAR_ct8_original.png,1.10E+63
VAR_ct8_rot1.png,1.01E+62
VAR_ct8_rot2.png,1.01E+62
VAR_ct8_rot3.png,1.01E+62
VAR_ct8_rot4.png,1.10E+63
VAR_ct8_rot5.png,1.10E+63
VAR_ct8_rot6.png,1.01E+62
VAR_ct90_bright0.8.png,1.00E+58
VAR_ct90_bright0.9.png,1.00E+58
VAR_ct90_bright1.1.png,1.01E+60
VAR_ct90_bright1.2.png,1.01E+60
VAR_ct90_bright1.3.png,1.01E+60
VAR_ct90_jpeg30.png,1.00E+58
VAR_ct90_jpeg50.png,1.00E+58
VAR_ct90_jpeg70.png,1.00E+58
VAR_ct90_jpeg90.png,1.00E+58
VAR_ct90_noise0.001.png,1.00E+58
VAR_ct90_noise0.002.png,1.00E+58
VAR_ct90_noise0.003.png,1.00E+58
VAR_ct90_noise0.004.png,1.00E+58
VAR_ct90_noise0.005.png,1.00E+58
VAR_ct90_original.png,1.00E+58
VAR_ct90_rot1.png,1.11E+60
VAR_ct90_rot2.png,1.00E+58
VAR_ct90_rot3.png,1.00E+58
VAR_ct90_rot4.png,1.00E+58
VAR_ct90_rot5.png,1.00E+58
VAR_ct90_rot6.png,1.00E+58
VAR_ct98_bright0.8.png,1.00E+59
VAR_ct98_bright0.9.png,1.00E+59
VAR_ct98_bright1.1.png,1.10E+60
VAR_ct98_bright1.2.png,1.10E+60
VAR_ct98_bright1.3.png,1.10E+60
VAR_ct98_jpeg30.png,1.00E+58
VAR_ct98_jpeg50.png,1.00E+58
VAR_ct98_jpeg70.png,1.00E+35
VAR_ct98_jpeg90.png,1.00E+35
VAR_ct98_noise0.001.png,1.00E+50
VAR_ct98_noise0.002.png,1.00E+50
VAR_ct98_noise0.003.png,1.00E+44
VAR_ct98_noise0.004.png,1.00E+50
VAR_ct98_noise0.005.png,1.00E+44
VAR_ct98_original.png,1.11E+32
VAR_ct98_rot1.png,1.11E+32
VAR_ct98_rot2.png,1.00E+44
VAR_ct98_rot3.png,1.11E+32
VAR_ct98_rot4.png,1.00E+59
VAR_ct98_rot5.png,1.11E+32
VAR_ct98_rot6.png,1.11E+32
VAR_ct99_bright0.8.png,1.00E+58
VAR_ct99_bright0.9.png,1.00E+58
VAR_ct99_bright1.1.png,1.10E+59
VAR_ct99_bright1.2.png,1.10E+59
VAR_ct99_bright1.3.png,1.00E+63
VAR_ct99_jpeg30.png,1.00E+63
VAR_ct99_jpeg50.png,1.00E+63
VAR_ct99_jpeg70.png,1.00E+58
VAR_ct99_jpeg90.png,1.00E+58
VAR_ct99_noise0.001.png,1.00E+58
VAR_ct99_noise0.002.png,1.00E+58
VAR_ct99_noise0.003.png,1.00E+58
VAR_ct99_noise0.004.png,1.00E+58
VAR_ct99_noise0.005.png,1.00E+58
VAR_ct99_original.png,1.00E+58
VAR_ct99_rot1.png,1.00E+58
VAR_ct99_rot2.png,1.10E+59
VAR_ct99_rot3.png,1.00E+58
VAR_ct99_rot4.png,1.00E+58
VAR_ct99_rot5.png,1.00E+58
VAR_ct99_rot6.png,1.10E+59
VAR_ct9_bright0.8.png,1.00E+58
VAR_ct9_bright0.9.png,1.10E+59
VAR_ct9_bright1.1.png,1.11E+59
VAR_ct9_bright1.2.png,1.10E+59
VAR_ct9_bright1.3.png,1.10E+59
VAR_ct9_jpeg30.png,1.00E+58
VAR_ct9_jpeg50.png,1.10E+59
VAR_ct9_jpeg70.png,1.10E+59
VAR_ct9_jpeg90.png,1.00E+58
VAR_ct9_noise0.001.png,1.00E+58
VAR_ct9_noise0.002.png,1.00E+58
VAR_ct9_noise0.003.png,1.00E+58
VAR_ct9_noise0.004.png,1.00E+52
VAR_ct9_noise0.005.png,1.00E+58
VAR_ct9_original.png,1.10E+59
VAR_ct9_rot1.png,1.10E+59
VAR_ct9_rot2.png,1.00E+58
VAR_ct9_rot3.png,1.10E+58
VAR_ct9_rot4.png,1.11E+59
VAR_ct9_rot5.png,1.11E+59
VAR_ct9_rot6.png,1.10E+58
VAR_mri100_bright0.8.png,1.10E+59
VAR_mri100_bright0.9.png,1.10E+59
VAR_mri100_bright1.1.png,1.10E+59
VAR_mri100_bright1.2.png,1.11E+59
VAR_mri100_bright1.3.png,1.11E+59
VAR_mri100_jpeg30.png,1.11E+60
VAR_mri100_jpeg50.png,1.10E+59
VAR_mri100_jpeg70.png,1.10E+59
VAR_mri100_jpeg90.png,1.10E+59
VAR_mri100_noise0.001.png,1.10E+59
VAR_mri100_noise0.002.png,1.10E+59
VAR_mri100_noise0.003.png,1.10E+59
VAR_mri100_noise0.004.png,1.10E+59
VAR_mri100_noise0.005.png,1.10E+59
VAR_mri100_original.png,1.10E+59
VAR_mri100_rot1.png,1.10E+59
VAR_mri100_rot2.png,1.00E+58
VAR_mri100_rot3.png,1.10E+59
VAR_mri100_rot4.png,1.10E+59
VAR_mri100_rot5.png,1.11E+59
VAR_mri100_rot6.png,1.11E+59
VAR_mri108_bright0.8.png,1.00E+63
VAR_mri108_bright0.9.png,1.00E+63
VAR_mri108_bright1.1.png,1.00E+63
VAR_mri108_bright1.2.png,1.00E+63
VAR_mri108_bright1.3.png,1.00E+63
VAR_mri108_jpeg30.png,1.00E+63
VAR_mri108_jpeg50.png,1.00E+63
VAR_mri108_jpeg70.png,1.11E+60
VAR_mri108_jpeg90.png,1.00E+63
VAR_mri108_noise0.001.png,1.00E+63
VAR_mri108_noise0.002.png,1.00E+63
VAR_mri108_noise0.003.png,1.00E+63
VAR_mri108_noise0.004.png,1.00E+63
VAR_mri108_noise0.005.png,1.00E+63
VAR_mri108_original.png,1.00E+63
VAR_mri108_rot1.png,1.00E+63
VAR_mri108_rot2.png,1.00E+63
VAR_mri108_rot3.png,1.00E+63
VAR_mri108_rot4.png,1.00E+63
VAR_mri108_rot5.png,1.00E+63
VAR_mri108_rot6.png,1.00E+63
VAR_mri109_bright0.8.png,1.00E+63
VAR_mri109_bright0.9.png,1.00E+63
VAR_mri109_bright1.1.png,1.00E+63
VAR_mri109_bright1.2.png,1.00E+63
VAR_mri109_bright1.3.png,1.00E+63
VAR_mri109_jpeg30.png,1.00E+63
VAR_mri109_jpeg50.png,1.00E+63
VAR_mri109_jpeg70.png,1.00E+63
VAR_mri109_jpeg90.png,1.00E+63
VAR_mri109_noise0.001.png,1.00E+63
VAR_mri109_noise0.002.png,1.00E+63
VAR_mri109_noise0.003.png,1.00E+63
VAR_mri109_noise0.004.png,1.00E+63
VAR_mri109_noise0.005.png,1.00E+63
VAR_mri109_original.png,1.00E+63
VAR_mri109_rot1.png,1.00E+63
VAR_mri109_rot2.png,1.00E+63
VAR_mri109_rot3.png,1.00E+63
VAR_mri109_rot4.png,1.00E+63
VAR_mri109_rot5.png,1.00E+63
VAR_mri109_rot6.png,1.00E+63
VAR_mri10_bright0.8.png,1.11E+61
VAR_mri10_bright0.9.png,1.11E+61
VAR_mri10_bright1.1.png,1.11E+61
VAR_mri10_bright1.2.png,1.10E+60
VAR_mri10_bright1.3.png,1.10E+60
VAR_mri10_jpeg30.png,1.10E+60
VAR_mri10_jpeg50.png,1.10E+60
VAR_mri10_jpeg70.png,1.10E+60
VAR_mri10_jpeg90.png,1.10E+60
VAR_mri10_noise0.001.png,1.10E+60
VAR_mri10_noise0.002.png,1.10E+60
VAR_mri10_noise0.003.png,1.10E+60
VAR_mri10_noise0.004.png,1.10E+60
VAR_mri10_noise0.005.png,1.10E+60
VAR_mri10_original.png,1.11E+61
VAR_mri10_rot1.png,1.00E+60
VAR_mri10_rot2.png,1.00E+60
VAR_mri10_rot3.png,1.00E+60
VAR_mri10_rot4.png,1.00E+60
VAR_mri10_rot5.png,1.00E+60
VAR_mri10_rot6.png,1.00E+60
VAR_mri110_bright0.8.png,1.00E+63
VAR_mri110_bright0.9.png,1.00E+63
VAR_mri110_bright1.1.png,1.01E+60
VAR_mri110_bright1.2.png,1.01E+60
VAR_mri110_bright1.3.png,1.01E+60
VAR_mri110_jpeg30.png,1.10E+58
VAR_mri110_jpeg50.png,1.00E+58
VAR_mri110_jpeg70.png,1.00E+63
VAR_mri110_jpeg90.png,1.01E+60
VAR_mri110_noise0.001.png,1.01E+60
VAR_mri110_noise0.002.png,1.01E+60
VAR_mri110_noise0.003.png,1.01E+60
VAR_mri110_noise0.004.png,1.01E+60
VAR_mri110_noise0.005.png,1.01E+60
VAR_mri110_original.png,1.01E+60
VAR_mri110_rot1.png,1.00E+63
VAR_mri110_rot2.png,1.01E+60
VAR_mri110_rot3.png,1.00E+63
VAR_mri110_rot4.png,1.00E+58
VAR_mri110_rot5.png,1.01E+60
VAR_mri110_rot6.png,1.00E+63
VAR_mri118_bright0.8.png,1.00E+63
VAR_mri118_bright0.9.png,1.00E+63
VAR_mri118_bright1.1.png,1.00E+63
VAR_mri118_bright1.2.png,1.00E+63
VAR_mri118_bright1.3.png,1.00E+63
VAR_mri118_jpeg30.png,1.00E+63
VAR_mri118_jpeg50.png,1.00E+63
VAR_mri118_jpeg70.png,1.00E+63
VAR_mri118_jpeg90.png,1.00E+63
VAR_mri118_noise0.001.png,1.00E+63
VAR_mri118_noise0.002.png,1.00E+63
VAR_mri118_noise0.003.png,1.00E+63
VAR_mri118_noise0.004.png,1.00E+63
VAR_mri118_noise0.005.png,1.00E+63
VAR_mri118_original.png,1.00E+63
VAR_mri118_rot1.png,1.00E+63
VAR_mri118_rot2.png,1.00E+63
VAR_mri118_rot3.png,1.00E+63
VAR_mri118_rot4.png,1.00E+63
VAR_mri118_rot5.png,1.00E+63
VAR_mri118_rot6.png,1.00E+63
VAR_mri119_bright0.8.png,1.00E+63
VAR_mri119_bright0.9.png,1.00E+63
VAR_mri119_bright1.1.png,1.01E+60
VAR_mri119_bright1.2.png,1.01E+60
VAR_mri119_bright1.3.png,1.01E+60
VAR_mri119_jpeg30.png,1.01E+60
VAR_mri119_jpeg50.png,1.00E+63
VAR_mri119_jpeg70.png,1.01E+60
VAR_mri119_jpeg90.png,1.00E+63
VAR_mri119_noise0.001.png,1.00E+63
VAR_mri119_noise0.002.png,1.00E+63
VAR_mri119_noise0.003.png,1.00E+63
VAR_mri119_noise0.004.png,1.00E+63
VAR_mri119_noise0.005.png,1.00E+63
VAR_mri119_original.png,1.00E+63
VAR_mri119_rot1.png,1.01E+60
VAR_mri119_rot2.png,1.01E+60
VAR_mri119_rot3.png,1.00E+60
VAR_mri119_rot4.png,1.01E+60
VAR_mri119_rot5.png,1.01E+60
VAR_mri119_rot6.png,1.01E+60
VAR_mri120_bright0.8.png,1.11E+60
VAR_mri120_bright0.9.png,1.11E+60
VAR_mri120_bright1.1.png,1.11E+60
VAR_mri120_bright1.2.png,1.11E+60
VAR_mri120_bright1.3.png,1.11E+60
VAR_mri120_jpeg30.png,1.11E+60
VAR_mri120_jpeg50.png,1.11E+60
VAR_mri120_jpeg70.png,1.11E+60
VAR_mri120_jpeg90.png,1.11E+60
VAR_mri120_noise0.001.png,1.11E+60
VAR_mri120_noise0.002.png,1.11E+60
VAR_mri120_noise0.003.png,1.11E+60
VAR_mri120_noise0.004.png,1.11E+60
VAR_mri120_noise0.005.png,1.11E+60
VAR_mri120_original.png,1.11E+60
VAR_mri120_rot1.png,1.11E+60
VAR_mri120_rot2.png,1.10E+60
VAR_mri120_rot3.png,1.11E+60
VAR_mri120_rot4.png,1.10E+60
VAR_mri120_rot5.png,1.10E+60
VAR_mri120_rot6.png,1.10E+60
VAR_mri128_bright0.8.png,1.00E+63
VAR_mri128_bright0.9.png,1.00E+63
VAR_mri128_bright1.1.png,1.00E+63
VAR_mri128_bright1.2.png,1.00E+63
VAR_mri128_bright1.3.png,1.00E+63
VAR_mri128_jpeg30.png,1.00E+63
VAR_mri128_jpeg50.png,1.00E+63
VAR_mri128_jpeg70.png,1.00E+63
VAR_mri128_jpeg90.png,1.00E+63
VAR_mri128_noise0.001.png,1.01E+60
VAR_mri128_noise0.002.png,1.01E+60
VAR_mri128_noise0.003.png,1.01E+60
VAR_mri128_noise0.004.png,1.01E+60
VAR_mri128_noise0.005.png,1.01E+60
VAR_mri128_original.png,1.00E+63
VAR_mri128_rot1.png,1.00E+63
VAR_mri128_rot2.png,1.00E+63
VAR_mri128_rot3.png,1.00E+63
VAR_mri128_rot4.png,1.00E+63
VAR_mri128_rot5.png,1.00E+63
VAR_mri128_rot6.png,1.00E+63
VAR_mri129_bright0.8.png,1.11E+61
VAR_mri129_bright0.9.png,1.11E+61
VAR_mri129_bright1.1.png,1.11E+61
VAR_mri129_bright1.2.png,1.11E+61
VAR_mri129_bright1.3.png,1.11E+60
VAR_mri129_jpeg30.png,1.01E+60
VAR_mri129_jpeg50.png,1.01E+60
VAR_mri129_jpeg70.png,1.11E+60
VAR_mri129_jpeg90.png,1.11E+60
VAR_mri129_noise0.001.png,1.11E+61
VAR_mri129_noise0.002.png,1.11E+61
VAR_mri129_noise0.003.png,1.11E+61
VAR_mri129_noise0.004.png,1.11E+61
VAR_mri129_noise0.005.png,1.11E+61
VAR_mri129_original.png,1.11E+61
VAR_mri129_rot1.png,1.11E+61
VAR_mri129_rot2.png,1.11E+60
VAR_mri129_rot3.png,1.11E+61
VAR_mri129_rot4.png,1.11E+61
VAR_mri129_rot5.png,1.11E+60
VAR_mri129_rot6.png,1.11E+60
VAR_mri130_bright0.8.png,1.00E+63
VAR_mri130_bright0.9.png,1.00E+63
VAR_mri130_bright1.1.png,1.01E+60
VAR_mri130_bright1.2.png,1.01E+60
VAR_mri130_bright1.3.png,1.01E+60
VAR_mri130_jpeg30.png,1.00E+58
VAR_mri130_jpeg50.png,1.11E+60
VAR_mri130_jpeg70.png,1.00E+63
VAR_mri130_jpeg90.png,1.00E+63
VAR_mri130_noise0.001.png,1.10E+58
VAR_mri130_noise0.002.png,1.10E+58
VAR_mri130_noise0.003.png,1.01E+60
VAR_mri130_noise0.004.png,1.10E+58
VAR_mri130_noise0.005.png,1.01E+60
VAR_mri130_original.png,1.11E+60
VAR_mri130_rot1.png,1.01E+60
VAR_mri130_rot2.png,1.11E+60
VAR_mri130_rot3.png,1.00E+63
VAR_mri130_rot4.png,1.01E+60
VAR_mri130_rot5.png,1.01E+60
VAR_mri130_rot6.png,1.01E+60
VAR_mri138_bright0.8.png,1.10E+58
VAR_mri138_bright0.9.png,1.10E+58
VAR_mri138_bright1.1.png,1.10E+58
VAR_mri138_bright1.2.png,1.10E+58
VAR_mri138_bright1.3.png,1.10E+58
VAR_mri138_jpeg30.png,1.00E+58
VAR_mri138_jpeg50.png,1.00E+58
VAR_mri138_jpeg70.png,1.00E+58
VAR_mri138_jpeg90.png,1.00E+58
VAR_mri138_noise0.001.png,1.10E+58
VAR_mri138_noise0.002.png,1.10E+58
VAR_mri138_noise0.003.png,1.10E+58
VAR_mri138_noise0.004.png,1.10E+58
VAR_mri138_noise0.005.png,1.10E+58
VAR_mri138_original.png,1.10E+58
VAR_mri138_rot1.png,1.01E+60
VAR_mri138_rot2.png,1.01E+60
VAR_mri138_rot3.png,1.10E+61
VAR_mri138_rot4.png,1.01E+60
VAR_mri138_rot5.png,1.01E+60
VAR_mri138_rot6.png,1.10E+61
VAR_mri139_bright0.8.png,1.01E+60
VAR_mri139_bright0.9.png,1.01E+60
VAR_mri139_bright1.1.png,1.01E+60
VAR_mri139_bright1.2.png,1.01E+60
VAR_mri139_bright1.3.png,1.01E+60
VAR_mri139_jpeg30.png,1.11E+60
VAR_mri139_jpeg50.png,1.11E+60
VAR_mri139_jpeg70.png,1.01E+60
VAR_mri139_jpeg90.png,1.01E+60
VAR_mri139_noise0.001.png,1.01E+60
VAR_mri139_noise0.002.png,1.01E+60
VAR_mri139_noise0.003.png,1.01E+60
VAR_mri139_noise0.004.png,1.01E+60
VAR_mri139_noise0.005.png,1.01E+60
VAR_mri139_original.png,1.01E+60
VAR_mri139_rot1.png,1.01E+60
VAR_mri139_rot2.png,1.11E+60
VAR_mri139_rot3.png,1.01E+60
VAR_mri139_rot4.png,1.11E+60
VAR_mri139_rot5.png,1.11E+60
VAR_mri139_rot6.png,1.11E+60
VAR_mri140_bright0.8.png,1.00E+58
VAR_mri140_bright0.9.png,1.00E+58
VAR_mri140_bright1.1.png,1.00E+58
VAR_mri140_bright1.2.png,1.00E+58
VAR_mri140_bright1.3.png,1.00E+58
VAR_mri140_jpeg30.png,1.00E+58
VAR_mri140_jpeg50.png,1.00E+58
VAR_mri140_jpeg70.png,1.00E+58
VAR_mri140_jpeg90.png,1.00E+58
VAR_mri140_noise0.001.png,1.00E+58
VAR_mri140_noise0.002.png,1.10E+58
VAR_mri140_noise0.003.png,1.00E+58
VAR_mri140_noise0.004.png,1.00E+58
VAR_mri140_noise0.005.png,1.00E+58
VAR_mri140_original.png,1.00E+58
VAR_mri140_rot1.png,1.00E+58
VAR_mri140_rot2.png,1.10E+58
VAR_mri140_rot3.png,1.00E+58
VAR_mri140_rot4.png,1.10E+58
VAR_mri140_rot5.png,1.10E+58
VAR_mri140_rot6.png,1.10E+58
VAR_mri148_bright0.8.png,1.00E+58
VAR_mri148_bright0.9.png,1.00E+58
VAR_mri148_bright1.1.png,1.00E+58
VAR_mri148_bright1.2.png,1.01E+60
VAR_mri148_bright1.3.png,1.01E+60
VAR_mri148_jpeg30.png,1.00E+63
VAR_mri148_jpeg50.png,1.00E+63
VAR_mri148_jpeg70.png,1.01E+60
VAR_mri148_jpeg90.png,1.01E+60
VAR_mri148_noise0.001.png,1.00E+58
VAR_mri148_noise0.002.png,1.00E+58
VAR_mri148_noise0.003.png,1.01E+60
VAR_mri148_noise0.004.png,1.01E+60
VAR_mri148_noise0.005.png,1.00E+58
VAR_mri148_original.png,1.00E+58
VAR_mri148_rot1.png,1.00E+63
VAR_mri148_rot2.png,1.10E+58
VAR_mri148_rot3.png,1.00E+63
VAR_mri148_rot4.png,1.00E+63
VAR_mri148_rot5.png,1.00E+63
VAR_mri148_rot6.png,1.10E+58
VAR_mri149_bright0.8.png,1.00E+63
VAR_mri149_bright0.9.png,1.00E+63
VAR_mri149_bright1.1.png,1.00E+63
VAR_mri149_bright1.2.png,1.00E+63
VAR_mri149_bright1.3.png,1.00E+63
VAR_mri149_jpeg30.png,1.00E+63
VAR_mri149_jpeg50.png,1.01E+60
VAR_mri149_jpeg70.png,1.01E+60
VAR_mri149_jpeg90.png,1.00E+63
VAR_mri149_noise0.001.png,1.00E+63
VAR_mri149_noise0.002.png,1.00E+63
VAR_mri149_noise0.003.png,1.00E+63
VAR_mri149_noise0.004.png,1.00E+63
VAR_mri149_noise0.005.png,1.00E+63
VAR_mri149_original.png,1.00E+63
VAR_mri149_rot1.png,1.00E+63
VAR_mri149_rot2.png,1.00E+63
VAR_mri149_rot3.png,1.00E+63
VAR_mri149_rot4.png,1.00E+63
VAR_mri149_rot5.png,1.00E+63
VAR_mri149_rot6.png,1.00E+63
VAR_mri150_bright0.8.png,1.00E+63
VAR_mri150_bright0.9.png,1.00E+63
VAR_mri150_bright1.1.png,1.00E+63
VAR_mri150_bright1.2.png,1.00E+63
VAR_mri150_bright1.3.png,1.00E+63
VAR_mri150_jpeg30.png,1.00E+63
VAR_mri150_jpeg50.png,1.00E+63
VAR_mri150_jpeg70.png,1.00E+63
VAR_mri150_jpeg90.png,1.00E+63
VAR_mri150_noise0.001.png,1.00E+63
VAR_mri150_noise0.002.png,1.00E+63
VAR_mri150_noise0.003.png,1.00E+63
VAR_mri150_noise0.004.png,1.00E+63
VAR_mri150_noise0.005.png,1.00E+63
VAR_mri150_original.png,1.00E+63
VAR_mri150_rot1.png,1.00E+63
VAR_mri150_rot2.png,1.00E+63
VAR_mri150_rot3.png,1.00E+63
VAR_mri150_rot4.png,1.00E+63
VAR_mri150_rot5.png,1.00E+63
VAR_mri150_rot6.png,1.00E+63
VAR_mri158_bright0.8.png,1.00E+63
VAR_mri158_bright0.9.png,1.00E+63
VAR_mri158_bright1.1.png,1.00E+63
VAR_mri158_bright1.2.png,1.00E+63
VAR_mri158_bright1.3.png,1.00E+63
VAR_mri158_jpeg30.png,1.00E+63
VAR_mri158_jpeg50.png,1.00E+63
VAR_mri158_jpeg70.png,1.11E+60
VAR_mri158_jpeg90.png,1.00E+63
VAR_mri158_noise0.001.png,1.00E+63
VAR_mri158_noise0.002.png,1.00E+63
VAR_mri158_noise0.003.png,1.00E+63
VAR_mri158_noise0.004.png,1.00E+63
VAR_mri158_noise0.005.png,1.00E+63
VAR_mri158_original.png,1.00E+63
VAR_mri158_rot1.png,1.00E+63
VAR_mri158_rot2.png,1.00E+63
VAR_mri158_rot3.png,1.00E+63
VAR_mri158_rot4.png,1.00E+63
VAR_mri158_rot5.png,1.00E+63
VAR_mri158_rot6.png,1.00E+63
VAR_mri159_bright0.8.png,1.11E+60
VAR_mri159_bright0.9.png,1.11E+60
VAR_mri159_bright1.1.png,1.11E+60
VAR_mri159_bright1.2.png,1.11E+60
VAR_mri159_bright1.3.png,1.11E+60
VAR_mri159_jpeg30.png,1.11E+60
VAR_mri159_jpeg50.png,1.00E+63
VAR_mri159_jpeg70.png,1.11E+60
VAR_mri159_jpeg90.png,1.11E+60
VAR_mri159_noise0.001.png,1.11E+60
VAR_mri159_noise0.002.png,1.11E+60
VAR_mri159_noise0.003.png,1.11E+60
VAR_mri159_noise0.004.png,1.11E+60
VAR_mri159_noise0.005.png,1.11E+60
VAR_mri159_original.png,1.11E+60
VAR_mri159_rot1.png,1.11E+60
VAR_mri159_rot2.png,1.11E+60
VAR_mri159_rot3.png,1.11E+60
VAR_mri159_rot4.png,1.11E+60
VAR_mri159_rot5.png,1.11E+60
VAR_mri159_rot6.png,1.11E+60
VAR_mri160_bright0.8.png,1.01E+60
VAR_mri160_bright0.9.png,1.01E+60
VAR_mri160_bright1.1.png,1.01E+60
VAR_mri160_bright1.2.png,1.01E+60
VAR_mri160_bright1.3.png,1.01E+60
VAR_mri160_jpeg30.png,1.00E+58
VAR_mri160_jpeg50.png,1.00E+58
VAR_mri160_jpeg70.png,1.01E+60
VAR_mri160_jpeg90.png,1.01E+60
VAR_mri160_noise0.001.png,1.01E+60
VAR_mri160_noise0.002.png,1.01E+60
VAR_mri160_noise0.003.png,1.00E+63
VAR_mri160_noise0.004.png,1.01E+60
VAR_mri160_noise0.005.png,1.01E+60
VAR_mri160_original.png,1.01E+60
VAR_mri160_rot1.png,1.01E+60
VAR_mri160_rot2.png,1.01E+60
VAR_mri160_rot3.png,1.01E+60
VAR_mri160_rot4.png,1.01E+60
VAR_mri160_rot5.png,1.01E+60
VAR_mri160_rot6.png,1.01E+60
VAR_mri168_bright0.8.png,1.11E+60
VAR_mri168_bright0.9.png,1.11E+60
VAR_mri168_bright1.1.png,1.11E+60
VAR_mri168_bright1.2.png,1.11E+60
VAR_mri168_bright1.3.png,1.11E+60
VAR_mri168_jpeg30.png,1.11E+60
VAR_mri168_jpeg50.png,1.01E+60
VAR_mri168_jpeg70.png,1.11E+60
VAR_mri168_jpeg90.png,1.11E+60
VAR_mri168_noise0.001.png,1.11E+60
VAR_mri168_noise0.002.png,1.11E+60
VAR_mri168_noise0.003.png,1.11E+60
VAR_mri168_noise0.004.png,1.11E+60
VAR_mri168_noise0.005.png,1.11E+60
VAR_mri168_original.png,1.11E+60
VAR_mri168_rot1.png,1.11E+60
VAR_mri168_rot2.png,1.11E+60
VAR_mri168_rot3.png,1.11E+60
VAR_mri168_rot4.png,1.11E+60
VAR_mri168_rot5.png,1.11E+60
VAR_mri168_rot6.png,1.11E+60
VAR_mri169_bright0.8.png,1.00E+63
VAR_mri169_bright0.9.png,1.00E+63
VAR_mri169_bright1.1.png,1.00E+63
VAR_mri169_bright1.2.png,1.00E+63
VAR_mri169_bright1.3.png,1.00E+63
VAR_mri169_jpeg30.png,1.00E+63
VAR_mri169_jpeg50.png,1.00E+63
VAR_mri169_jpeg70.png,1.00E+63
VAR_mri169_jpeg90.png,1.00E+63
VAR_mri169_noise0.001.png,1.00E+63
VAR_mri169_noise0.002.png,1.00E+63
VAR_mri169_noise0.003.png,1.00E+63
VAR_mri169_noise0.004.png,1.00E+63
VAR_mri169_noise0.005.png,1.00E+63
VAR_mri169_original.png,1.00E+63
VAR_mri169_rot1.png,1.00E+63
VAR_mri169_rot2.png,1.00E+63
VAR_mri169_rot3.png,1.00E+63
VAR_mri169_rot4.png,1.00E+63
VAR_mri169_rot5.png,1.00E+63
VAR_mri169_rot6.png,1.00E+63
VAR_mri170_bright0.8.png,1.00E+63
VAR_mri170_bright0.9.png,1.00E+63
VAR_mri170_bright1.1.png,1.00E+63
VAR_mri170_bright1.2.png,1.00E+63
VAR_mri170_bright1.3.png,1.00E+63
VAR_mri170_jpeg30.png,1.11E+60
VAR_mri170_jpeg50.png,1.01E+60
VAR_mri170_jpeg70.png,1.11E+60
VAR_mri170_jpeg90.png,1.11E+60
VAR_mri170_noise0.001.png,1.00E+63
VAR_mri170_noise0.002.png,1.11E+60
VAR_mri170_noise0.003.png,1.11E+60
VAR_mri170_noise0.004.png,1.11E+60
VAR_mri170_noise0.005.png,1.11E+60
VAR_mri170_original.png,1.11E+60
VAR_mri170_rot1.png,1.00E+63
VAR_mri170_rot2.png,1.00E+63
VAR_mri170_rot3.png,1.00E+63
VAR_mri170_rot4.png,1.11E+60
VAR_mri170_rot5.png,1.11E+60
VAR_mri170_rot6.png,1.11E+60
VAR_mri178_bright0.8.png,1.00E+60
VAR_mri178_bright0.9.png,1.00E+60
VAR_mri178_bright1.1.png,1.00E+60
VAR_mri178_bright1.2.png,1.00E+60
VAR_mri178_bright1.3.png,1.00E+60
VAR_mri178_jpeg30.png,1.01E+60
VAR_mri178_jpeg50.png,1.01E+60
VAR_mri178_jpeg70.png,1.00E+60
VAR_mri178_jpeg90.png,1.00E+60
VAR_mri178_noise0.001.png,1.00E+60
VAR_mri178_noise0.002.png,1.00E+60
VAR_mri178_noise0.003.png,1.00E+60
VAR_mri178_noise0.004.png,1.00E+60
VAR_mri178_noise0.005.png,1.00E+60
VAR_mri178_original.png,1.00E+60
VAR_mri178_rot1.png,1.00E+60
VAR_mri178_rot2.png,1.00E+60
VAR_mri178_rot3.png,1.00E+60
VAR_mri178_rot4.png,1.00E+60
VAR_mri178_rot5.png,1.00E+60
VAR_mri178_rot6.png,1.01E+60
VAR_mri179_bright0.8.png,1.01E+63
VAR_mri179_bright0.9.png,1.01E+63
VAR_mri179_bright1.1.png,1.01E+63
VAR_mri179_bright1.2.png,1.01E+63
VAR_mri179_bright1.3.png,1.01E+63
VAR_mri179_jpeg30.png,1.00E+63
VAR_mri179_jpeg50.png,1.00E+63
VAR_mri179_jpeg70.png,1.01E+60
VAR_mri179_jpeg90.png,1.00E+63
VAR_mri179_noise0.001.png,1.01E+63
VAR_mri179_noise0.002.png,1.01E+63
VAR_mri179_noise0.003.png,1.01E+63
VAR_mri179_noise0.004.png,1.01E+63
VAR_mri179_noise0.005.png,1.01E+63
VAR_mri179_original.png,1.01E+63
VAR_mri179_rot1.png,1.00E+63
VAR_mri179_rot2.png,1.00E+63
VAR_mri179_rot3.png,1.01E+63
VAR_mri179_rot4.png,1.10E+61
VAR_mri179_rot5.png,1.10E+61
VAR_mri179_rot6.png,1.10E+61
VAR_mri180_bright0.8.png,1.11E+60
VAR_mri180_bright0.9.png,1.11E+60
VAR_mri180_bright1.1.png,1.11E+60
VAR_mri180_bright1.2.png,1.11E+60
VAR_mri180_bright1.3.png,1.11E+60
VAR_mri180_jpeg30.png,1.11E+60
VAR_mri180_jpeg50.png,1.11E+60
VAR_mri180_jpeg70.png,1.11E+60
VAR_mri180_jpeg90.png,1.11E+60
VAR_mri180_noise0.001.png,1.11E+60
VAR_mri180_noise0.002.png,1.11E+60
VAR_mri180_noise0.003.png,1.11E+60
VAR_mri180_noise0.004.png,1.11E+60
VAR_mri180_noise0.005.png,1.11E+60
VAR_mri180_original.png,1.11E+60
VAR_mri180_rot1.png,1.11E+60
VAR_mri180_rot2.png,1.11E+60
VAR_mri180_rot3.png,1.10E+60
VAR_mri180_rot4.png,1.10E+60
VAR_mri180_rot5.png,1.11E+60
VAR_mri180_rot6.png,1.10E+60
VAR_mri188_bright0.8.png,1.10E+60
VAR_mri188_bright0.9.png,1.11E+61
VAR_mri188_bright1.1.png,1.11E+61
VAR_mri188_bright1.2.png,1.11E+61
VAR_mri188_bright1.3.png,1.11E+61
VAR_mri188_jpeg30.png,1.10E+60
VAR_mri188_jpeg50.png,1.00E+60
VAR_mri188_jpeg70.png,1.00E+60
VAR_mri188_jpeg90.png,1.00E+60
VAR_mri188_noise0.001.png,1.11E+61
VAR_mri188_noise0.002.png,1.11E+61
VAR_mri188_noise0.003.png,1.11E+61
VAR_mri188_noise0.004.png,1.11E+61
VAR_mri188_noise0.005.png,1.11E+61
VAR_mri188_original.png,1.11E+61
VAR_mri188_rot1.png,1.00E+60
VAR_mri188_rot2.png,1.10E+60
VAR_mri188_rot3.png,1.00E+60
VAR_mri188_rot4.png,1.10E+60
VAR_mri188_rot5.png,1.00E+60
VAR_mri188_rot6.png,1.10E+60
VAR_mri189_bright0.8.png,1.00E+63
VAR_mri189_bright0.9.png,1.00E+63
VAR_mri189_bright1.1.png,1.00E+63
VAR_mri189_bright1.2.png,1.00E+63
VAR_mri189_bright1.3.png,1.00E+63
VAR_mri189_jpeg30.png,1.01E+60
VAR_mri189_jpeg50.png,1.11E+60
VAR_mri189_jpeg70.png,1.11E+60
VAR_mri189_jpeg90.png,1.00E+63
VAR_mri189_noise0.001.png,1.00E+63
VAR_mri189_noise0.002.png,1.00E+63
VAR_mri189_noise0.003.png,1.00E+63
VAR_mri189_noise0.004.png,1.00E+63
VAR_mri189_noise0.005.png,1.00E+63
VAR_mri189_original.png,1.00E+63
VAR_mri189_rot1.png,1.00E+63
VAR_mri189_rot2.png,1.00E+63
VAR_mri189_rot3.png,1.00E+63
VAR_mri189_rot4.png,1.00E+63
VAR_mri189_rot5.png,1.00E+63
VAR_mri189_rot6.png,1.00E+63
VAR_mri18_bright0.8.png,1.10E+59
VAR_mri18_bright0.9.png,1.11E+60
VAR_mri18_bright1.1.png,1.11E+60
VAR_mri18_bright1.2.png,1.11E+60
VAR_mri18_bright1.3.png,1.11E+60
VAR_mri18_jpeg30.png,1.10E+59
VAR_mri18_jpeg50.png,1.11E+60
VAR_mri18_jpeg70.png,1.11E+60
VAR_mri18_jpeg90.png,1.11E+60
VAR_mri18_noise0.001.png,1.10E+60
VAR_mri18_noise0.002.png,1.10E+60
VAR_mri18_noise0.003.png,1.10E+60
VAR_mri18_noise0.004.png,1.11E+60
VAR_mri18_noise0.005.png,1.11E+60
VAR_mri18_original.png,1.11E+60
VAR_mri18_rot1.png,1.11E+60
VAR_mri18_rot2.png,1.11E+60
VAR_mri18_rot3.png,1.11E+60
VAR_mri18_rot4.png,1.11E+60
VAR_mri18_rot5.png,1.11E+60
VAR_mri18_rot6.png,1.11E+60
VAR_mri190_bright0.8.png,1.10E+59
VAR_mri190_bright0.9.png,1.10E+59
VAR_mri190_bright1.1.png,1.10E+59
VAR_mri190_bright1.2.png,1.10E+59
VAR_mri190_bright1.3.png,1.10E+59
VAR_mri190_jpeg30.png,1.10E+59
VAR_mri190_jpeg50.png,1.10E+59
VAR_mri190_jpeg70.png,1.11E+60
VAR_mri190_jpeg90.png,1.10E+59
VAR_mri190_noise0.001.png,1.10E+59
VAR_mri190_noise0.002.png,1.10E+59
VAR_mri190_noise0.003.png,1.10E+59
VAR_mri190_noise0.004.png,1.10E+59
VAR_mri190_noise0.005.png,1.10E+59
VAR_mri190_original.png,1.10E+59
VAR_mri190_rot1.png,1.10E+59
VAR_mri190_rot2.png,1.00E+63
VAR_mri190_rot3.png,1.10E+59
VAR_mri190_rot4.png,1.10E+59
VAR_mri190_rot5.png,1.10E+59
VAR_mri190_rot6.png,1.10E+59
VAR_mri198_bright0.8.png,1.11E+60
VAR_mri198_bright0.9.png,1.11E+60
VAR_mri198_bright1.1.png,1.11E+60
VAR_mri198_bright1.2.png,1.11E+60
VAR_mri198_bright1.3.png,1.11E+60
VAR_mri198_jpeg30.png,1.11E+60
VAR_mri198_jpeg50.png,1.11E+60
VAR_mri198_jpeg70.png,1.11E+60
VAR_mri198_jpeg90.png,1.11E+60
VAR_mri198_noise0.001.png,1.11E+60
VAR_mri198_noise0.002.png,1.11E+60
VAR_mri198_noise0.003.png,1.11E+60
VAR_mri198_noise0.004.png,1.11E+60
VAR_mri198_noise0.005.png,1.11E+60
VAR_mri198_original.png,1.11E+60
VAR_mri198_rot1.png,1.11E+60
VAR_mri198_rot2.png,1.11E+60
VAR_mri198_rot3.png,1.11E+60
VAR_mri198_rot4.png,1.11E+60
VAR_mri198_rot5.png,1.11E+60
VAR_mri198_rot6.png,1.11E+60
VAR_mri199_bright0.8.png,1.00E+63
VAR_mri199_bright0.9.png,1.00E+63
VAR_mri199_bright1.1.png,1.00E+63
VAR_mri199_bright1.2.png,1.00E+63
VAR_mri199_bright1.3.png,1.00E+63
VAR_mri199_jpeg30.png,1.10E+58
VAR_mri199_jpeg50.png,1.10E+58
VAR_mri199_jpeg70.png,1.00E+63
VAR_mri199_jpeg90.png,1.00E+63
VAR_mri199_noise0.001.png,1.10E+58
VAR_mri199_noise0.002.png,1.10E+58
VAR_mri199_noise0.003.png,1.00E+63
VAR_mri199_noise0.004.png,1.10E+58
VAR_mri199_noise0.005.png,1.10E+58
VAR_mri199_original.png,1.00E+63
VAR_mri199_rot1.png,1.00E+63
VAR_mri199_rot2.png,1.00E+63
VAR_mri199_rot3.png,1.10E+58
VAR_mri199_rot4.png,1.00E+63
VAR_mri199_rot5.png,1.10E+58
VAR_mri199_rot6.png,1.10E+58
VAR_mri19_bright0.8.png,1.01E+60
VAR_mri19_bright0.9.png,1.01E+60
VAR_mri19_bright1.1.png,1.01E+60
VAR_mri19_bright1.2.png,1.01E+60
VAR_mri19_bright1.3.png,1.01E+60
VAR_mri19_jpeg30.png,1.01E+60
VAR_mri19_jpeg50.png,1.01E+60
VAR_mri19_jpeg70.png,1.01E+60
VAR_mri19_jpeg90.png,1.01E+60
VAR_mri19_noise0.001.png,1.01E+60
VAR_mri19_noise0.002.png,1.01E+60
VAR_mri19_noise0.003.png,1.01E+60
VAR_mri19_noise0.004.png,1.01E+60
VAR_mri19_noise0.005.png,1.01E+60
VAR_mri19_original.png,1.01E+60
VAR_mri19_rot1.png,1.01E+60
VAR_mri19_rot2.png,1.01E+60
VAR_mri19_rot3.png,1.01E+60
VAR_mri19_rot4.png,1.01E+60
VAR_mri19_rot5.png,1.01E+60
VAR_mri19_rot6.png,1.01E+60
VAR_mri200_bright0.8.png,1.11E+61
VAR_mri200_bright0.9.png,1.11E+61
VAR_mri200_bright1.1.png,1.11E+60
VAR_mri200_bright1.2.png,1.11E+60
VAR_mri200_bright1.3.png,1.11E+60
VAR_mri200_jpeg30.png,1.11E+61
VAR_mri200_jpeg50.png,1.11E+61
VAR_mri200_jpeg70.png,1.11E+61
VAR_mri200_jpeg90.png,1.11E+61
VAR_mri200_noise0.001.png,1.11E+61
VAR_mri200_noise0.002.png,1.11E+61
VAR_mri200_noise0.003.png,1.11E+61
VAR_mri200_noise0.004.png,1.11E+61
VAR_mri200_noise0.005.png,1.11E+61
VAR_mri200_original.png,1.11E+61
VAR_mri200_rot1.png,1.11E+60
VAR_mri200_rot2.png,1.11E+61
VAR_mri200_rot3.png,1.11E+60
VAR_mri200_rot4.png,1.00E+63
VAR_mri200_rot5.png,1.10E+60
VAR_mri200_rot6.png,1.10E+60
VAR_mri208_bright0.8.png,1.10E+58
VAR_mri208_bright0.9.png,1.10E+58
VAR_mri208_bright1.1.png,1.10E+58
VAR_mri208_bright1.2.png,1.01E+60
VAR_mri208_bright1.3.png,1.00E+63
VAR_mri208_jpeg30.png,1.00E+61
VAR_mri208_jpeg50.png,1.00E+61
VAR_mri208_jpeg70.png,1.01E+60
VAR_mri208_jpeg90.png,1.01E+60
VAR_mri208_noise0.001.png,1.10E+58
VAR_mri208_noise0.002.png,1.10E+58
VAR_mri208_noise0.003.png,1.10E+58
VAR_mri208_noise0.004.png,1.10E+58
VAR_mri208_noise0.005.png,1.10E+58
VAR_mri208_original.png,1.10E+58
VAR_mri208_rot1.png,1.01E+60
VAR_mri208_rot2.png,1.01E+60
VAR_mri208_rot3.png,1.01E+60
VAR_mri208_rot4.png,1.01E+60
VAR_mri208_rot5.png,1.01E+60
VAR_mri208_rot6.png,1.01E+60
VAR_mri209_bright0.8.png,1.01E+63
VAR_mri209_bright0.9.png,1.01E+63
VAR_mri209_bright1.1.png,1.11E+61
VAR_mri209_bright1.2.png,1.11E+61
VAR_mri209_bright1.3.png,1.00E+63
VAR_mri209_jpeg30.png,1.00E+63
VAR_mri209_jpeg50.png,1.00E+63
VAR_mri209_jpeg70.png,1.00E+63
VAR_mri209_jpeg90.png,1.00E+63
VAR_mri209_noise0.001.png,1.11E+61
VAR_mri209_noise0.002.png,1.11E+61
VAR_mri209_noise0.003.png,1.11E+61
VAR_mri209_noise0.004.png,1.11E+61
VAR_mri209_noise0.005.png,1.11E+61
VAR_mri209_original.png,1.11E+61
VAR_mri209_rot1.png,1.00E+63
VAR_mri209_rot2.png,1.00E+63
VAR_mri209_rot3.png,1.00E+63
VAR_mri209_rot4.png,1.00E+63
VAR_mri209_rot5.png,1.00E+63
VAR_mri209_rot6.png,1.00E+63
VAR_mri20_bright0.8.png,1.01E+60
VAR_mri20_bright0.9.png,1.00E+63
VAR_mri20_bright1.1.png,1.10E+58
VAR_mri20_bright1.2.png,1.10E+58
VAR_mri20_bright1.3.png,1.10E+58
VAR_mri20_jpeg30.png,1.00E+58
VAR_mri20_jpeg50.png,1.10E+61
VAR_mri20_jpeg70.png,1.01E+60
VAR_mri20_jpeg90.png,1.01E+60
VAR_mri20_noise0.001.png,1.10E+58
VAR_mri20_noise0.002.png,1.00E+63
VAR_mri20_noise0.003.png,1.10E+58
VAR_mri20_noise0.004.png,1.10E+58
VAR_mri20_noise0.005.png,1.10E+58
VAR_mri20_original.png,1.10E+58
VAR_mri20_rot1.png,1.01E+60
VAR_mri20_rot2.png,1.01E+60
VAR_mri20_rot3.png,1.00E+58
VAR_mri20_rot4.png,1.01E+60
VAR_mri20_rot5.png,1.01E+60
VAR_mri20_rot6.png,1.01E+60
VAR_mri210_bright0.8.png,1.11E+60
VAR_mri210_bright0.9.png,1.11E+60
VAR_mri210_bright1.1.png,1.11E+60
VAR_mri210_bright1.2.png,1.11E+60
VAR_mri210_bright1.3.png,1.11E+60
VAR_mri210_jpeg30.png,1.11E+60
VAR_mri210_jpeg50.png,1.11E+60
VAR_mri210_jpeg70.png,1.11E+60
VAR_mri210_jpeg90.png,1.11E+60
VAR_mri210_noise0.001.png,1.11E+60
VAR_mri210_noise0.002.png,1.11E+60
VAR_mri210_noise0.003.png,1.11E+60
VAR_mri210_noise0.004.png,1.11E+60
VAR_mri210_noise0.005.png,1.11E+60
VAR_mri210_original.png,1.11E+60
VAR_mri210_rot1.png,1.11E+60
VAR_mri210_rot2.png,1.11E+60
VAR_mri210_rot3.png,1.11E+60
VAR_mri210_rot4.png,1.11E+60
VAR_mri210_rot5.png,1.11E+60
VAR_mri210_rot6.png,1.11E+60
VAR_mri218_bright0.8.png,1.00E+63
VAR_mri218_bright0.9.png,1.00E+63
VAR_mri218_bright1.1.png,1.00E+63
VAR_mri218_bright1.2.png,1.00E+63
VAR_mri218_bright1.3.png,1.00E+63
VAR_mri218_jpeg30.png,1.00E+63
VAR_mri218_jpeg50.png,1.00E+63
VAR_mri218_jpeg70.png,1.00E+63
VAR_mri218_jpeg90.png,1.00E+63
VAR_mri218_noise0.001.png,1.00E+63
VAR_mri218_noise0.002.png,1.00E+63
VAR_mri218_noise0.003.png,1.00E+63
VAR_mri218_noise0.004.png,1.00E+63
VAR_mri218_noise0.005.png,1.00E+63
VAR_mri218_original.png,1.00E+63
VAR_mri218_rot1.png,1.00E+63
VAR_mri218_rot2.png,1.00E+63
VAR_mri218_rot3.png,1.00E+63
VAR_mri218_rot4.png,1.00E+63
VAR_mri218_rot5.png,1.00E+63
VAR_mri218_rot6.png,1.00E+63
VAR_mri219_bright0.8.png,1.11E+60
VAR_mri219_bright0.9.png,1.11E+60
VAR_mri219_bright1.1.png,1.11E+60
VAR_mri219_bright1.2.png,1.11E+60
VAR_mri219_bright1.3.png,1.11E+60
VAR_mri219_jpeg30.png,1.11E+61
VAR_mri219_jpeg50.png,1.01E+60
VAR_mri219_jpeg70.png,1.11E+60
VAR_mri219_jpeg90.png,1.11E+60
VAR_mri219_noise0.001.png,1.01E+60
VAR_mri219_noise0.002.png,1.01E+60
VAR_mri219_noise0.003.png,1.01E+60
VAR_mri219_noise0.004.png,1.01E+60
VAR_mri219_noise0.005.png,1.01E+60
VAR_mri219_original.png,1.11E+60
VAR_mri219_rot1.png,1.11E+60
VAR_mri219_rot2.png,1.01E+60
VAR_mri219_rot3.png,1.11E+60
VAR_mri219_rot4.png,1.01E+60
VAR_mri219_rot5.png,1.11E+60
VAR_mri219_rot6.png,1.01E+60
VAR_mri220_bright0.8.png,1.00E+63
VAR_mri220_bright0.9.png,1.00E+63
VAR_mri220_bright1.1.png,1.11E+60
VAR_mri220_bright1.2.png,1.11E+60
VAR_mri220_bright1.3.png,1.11E+60
VAR_mri220_jpeg30.png,1.01E+60
VAR_mri220_jpeg50.png,1.11E+60
VAR_mri220_jpeg70.png,1.11E+60
VAR_mri220_jpeg90.png,1.11E+60
VAR_mri220_noise0.001.png,1.11E+60
VAR_mri220_noise0.002.png,1.11E+60
VAR_mri220_noise0.003.png,1.11E+60
VAR_mri220_noise0.004.png,1.11E+60
VAR_mri220_noise0.005.png,1.11E+60
VAR_mri220_original.png,1.11E+60
VAR_mri220_rot1.png,1.11E+60
VAR_mri220_rot2.png,1.11E+60
VAR_mri220_rot3.png,1.11E+60
VAR_mri220_rot4.png,1.11E+60
VAR_mri220_rot5.png,1.01E+60
VAR_mri220_rot6.png,1.11E+60
VAR_mri228_bright0.8.png,1.00E+63
VAR_mri228_bright0.9.png,1.00E+63
VAR_mri228_bright1.1.png,1.00E+63
VAR_mri228_bright1.2.png,1.00E+63
VAR_mri228_bright1.3.png,1.00E+63
VAR_mri228_jpeg30.png,1.01E+60
VAR_mri228_jpeg50.png,1.00E+63
VAR_mri228_jpeg70.png,1.00E+63
VAR_mri228_jpeg90.png,1.00E+63
VAR_mri228_noise0.001.png,1.00E+63
VAR_mri228_noise0.002.png,1.00E+63
VAR_mri228_noise0.003.png,1.00E+63
VAR_mri228_noise0.004.png,1.00E+63
VAR_mri228_noise0.005.png,1.00E+63
VAR_mri228_original.png,1.00E+63
VAR_mri228_rot1.png,1.00E+63
VAR_mri228_rot2.png,1.00E+63
VAR_mri228_rot3.png,1.00E+63
VAR_mri228_rot4.png,1.00E+63
VAR_mri228_rot5.png,1.00E+63
VAR_mri228_rot6.png,1.00E+63
VAR_mri229_bright0.8.png,1.01E+60
VAR_mri229_bright0.9.png,1.01E+60
VAR_mri229_bright1.1.png,1.01E+60
VAR_mri229_bright1.2.png,1.01E+60
VAR_mri229_bright1.3.png,1.01E+60
VAR_mri229_jpeg30.png,1.01E+60
VAR_mri229_jpeg50.png,1.01E+60
VAR_mri229_jpeg70.png,1.01E+60
VAR_mri229_jpeg90.png,1.01E+60
VAR_mri229_noise0.001.png,1.01E+60
VAR_mri229_noise0.002.png,1.01E+60
VAR_mri229_noise0.003.png,1.01E+60
VAR_mri229_noise0.004.png,1.01E+60
VAR_mri229_noise0.005.png,1.01E+60
VAR_mri229_original.png,1.01E+60
VAR_mri229_rot1.png,1.01E+60
VAR_mri229_rot2.png,1.01E+60
VAR_mri229_rot3.png,1.01E+60
VAR_mri229_rot4.png,1.01E+60
VAR_mri229_rot5.png,1.01E+60
VAR_mri229_rot6.png,1.01E+60
VAR_mri230_bright0.8.png,1.11E+60
VAR_mri230_bright0.9.png,1.01E+60
VAR_mri230_bright1.1.png,1.11E+60
VAR_mri230_bright1.2.png,1.11E+60
VAR_mri230_bright1.3.png,1.11E+60
VAR_mri230_jpeg30.png,1.00E+63
VAR_mri230_jpeg50.png,1.01E+60
VAR_mri230_jpeg70.png,1.11E+60
VAR_mri230_jpeg90.png,1.01E+60
VAR_mri230_noise0.001.png,1.01E+60
VAR_mri230_noise0.002.png,1.11E+60
VAR_mri230_noise0.003.png,1.01E+60
VAR_mri230_noise0.004.png,1.01E+60
VAR_mri230_noise0.005.png,1.01E+60
VAR_mri230_original.png,1.11E+60
VAR_mri230_rot1.png,1.11E+60
VAR_mri230_rot2.png,1.11E+60
VAR_mri230_rot3.png,1.01E+60
VAR_mri230_rot4.png,1.01E+60
VAR_mri230_rot5.png,1.01E+60
VAR_mri230_rot6.png,1.01E+60
VAR_mri238_bright0.8.png,1.10E+58
VAR_mri238_bright0.9.png,1.10E+58
VAR_mri238_bright1.1.png,1.10E+58
VAR_mri238_bright1.2.png,1.10E+58
VAR_mri238_bright1.3.png,1.10E+58
VAR_mri238_jpeg30.png,1.00E+58
VAR_mri238_jpeg50.png,1.10E+58
VAR_mri238_jpeg70.png,1.10E+58
VAR_mri238_jpeg90.png,1.01E+60
VAR_mri238_noise0.001.png,1.10E+58
VAR_mri238_noise0.002.png,1.10E+58
VAR_mri238_noise0.003.png,1.10E+58
VAR_mri238_noise0.004.png,1.10E+58
VAR_mri238_noise0.005.png,1.10E+58
VAR_mri238_original.png,1.10E+58
VAR_mri238_rot1.png,1.01E+60
VAR_mri238_rot2.png,1.11E+60
VAR_mri238_rot3.png,1.01E+60
VAR_mri238_rot4.png,1.01E+60
VAR_mri238_rot5.png,1.01E+60
VAR_mri238_rot6.png,1.01E+60
VAR_mri239_bright0.8.png,1.10E+58
VAR_mri239_bright0.9.png,1.10E+58
VAR_mri239_bright1.1.png,1.10E+58
VAR_mri239_bright1.2.png,1.10E+58
VAR_mri239_bright1.3.png,1.10E+58
VAR_mri239_jpeg30.png,1.01E+60
VAR_mri239_jpeg50.png,1.01E+60
VAR_mri239_jpeg70.png,1.00E+58
VAR_mri239_jpeg90.png,1.10E+58
VAR_mri239_noise0.001.png,1.10E+58
VAR_mri239_noise0.002.png,1.10E+58
VAR_mri239_noise0.003.png,1.10E+58
VAR_mri239_noise0.004.png,1.10E+58
VAR_mri239_noise0.005.png,1.10E+58
VAR_mri239_original.png,1.10E+58
VAR_mri239_rot1.png,1.10E+58
VAR_mri239_rot2.png,1.00E+58
VAR_mri239_rot3.png,1.10E+58
VAR_mri239_rot4.png,1.10E+58
VAR_mri239_rot5.png,1.01E+60
VAR_mri239_rot6.png,1.00E+39
VAR_mri240_bright0.8.png,1.00E+63
VAR_mri240_bright0.9.png,1.00E+63
VAR_mri240_bright1.1.png,1.00E+63
VAR_mri240_bright1.2.png,1.00E+63
VAR_mri240_bright1.3.png,1.00E+63
VAR_mri240_jpeg30.png,1.00E+63
VAR_mri240_jpeg50.png,1.00E+63
VAR_mri240_jpeg70.png,1.00E+63
VAR_mri240_jpeg90.png,1.00E+63
VAR_mri240_noise0.001.png,1.00E+63
VAR_mri240_noise0.002.png,1.00E+63
VAR_mri240_noise0.003.png,1.00E+63
VAR_mri240_noise0.004.png,1.00E+63
VAR_mri240_noise0.005.png,1.00E+63
VAR_mri240_original.png,1.00E+63
VAR_mri240_rot1.png,1.00E+63
VAR_mri240_rot2.png,1.00E+63
VAR_mri240_rot3.png,1.00E+63
VAR_mri240_rot4.png,1.00E+63
VAR_mri240_rot5.png,1.00E+63
VAR_mri240_rot6.png,1.00E+63
VAR_mri248_bright0.8.png,1.00E+63
VAR_mri248_bright0.9.png,1.00E+63
VAR_mri248_bright1.1.png,1.00E+63
VAR_mri248_bright1.2.png,1.00E+63
VAR_mri248_bright1.3.png,1.00E+63
VAR_mri248_jpeg30.png,1.11E+60
VAR_mri248_jpeg50.png,1.11E+60
VAR_mri248_jpeg70.png,1.11E+60
VAR_mri248_jpeg90.png,1.00E+63
VAR_mri248_noise0.001.png,1.00E+63
VAR_mri248_noise0.002.png,1.00E+63
VAR_mri248_noise0.003.png,1.00E+63
VAR_mri248_noise0.004.png,1.00E+63
VAR_mri248_noise0.005.png,1.00E+63
VAR_mri248_original.png,1.00E+63
VAR_mri248_rot1.png,1.00E+63
VAR_mri248_rot2.png,1.00E+63
VAR_mri248_rot3.png,1.10E+60
VAR_mri248_rot4.png,1.10E+60
VAR_mri248_rot5.png,1.10E+60
VAR_mri248_rot6.png,1.10E+60
VAR_mri249_bright0.8.png,1.01E+60
VAR_mri249_bright0.9.png,1.01E+60
VAR_mri249_bright1.1.png,1.01E+60
VAR_mri249_bright1.2.png,1.01E+60
VAR_mri249_bright1.3.png,1.01E+60
VAR_mri249_jpeg30.png,1.01E+60
VAR_mri249_jpeg50.png,1.00E+60
VAR_mri249_jpeg70.png,1.00E+60
VAR_mri249_jpeg90.png,1.00E+60
VAR_mri249_noise0.001.png,1.01E+60
VAR_mri249_noise0.002.png,1.01E+60
VAR_mri249_noise0.003.png,1.01E+60
VAR_mri249_noise0.004.png,1.01E+60
VAR_mri249_noise0.005.png,1.01E+60
VAR_mri249_original.png,1.01E+60
VAR_mri249_rot1.png,1.01E+60
VAR_mri249_rot2.png,1.00E+60
VAR_mri249_rot3.png,1.01E+60
VAR_mri249_rot4.png,1.00E+60
VAR_mri249_rot5.png,1.01E+60
VAR_mri249_rot6.png,1.01E+60
VAR_mri250_bright0.8.png,1.00E+63
VAR_mri250_bright0.9.png,1.00E+63
VAR_mri250_bright1.1.png,1.00E+63
VAR_mri250_bright1.2.png,1.00E+63
VAR_mri250_bright1.3.png,1.00E+63
VAR_mri250_jpeg30.png,1.00E+63
VAR_mri250_jpeg50.png,1.01E+60
VAR_mri250_jpeg70.png,1.00E+63
VAR_mri250_jpeg90.png,1.00E+63
VAR_mri250_noise0.001.png,1.00E+63
VAR_mri250_noise0.002.png,1.00E+63
VAR_mri250_noise0.003.png,1.00E+63
VAR_mri250_noise0.004.png,1.00E+63
VAR_mri250_noise0.005.png,1.00E+63
VAR_mri250_original.png,1.00E+63
VAR_mri250_rot1.png,1.00E+63
VAR_mri250_rot2.png,1.00E+63
VAR_mri250_rot3.png,1.00E+63
VAR_mri250_rot4.png,1.00E+63
VAR_mri250_rot5.png,1.00E+63
VAR_mri250_rot6.png,1.00E+63
VAR_mri258_bright0.8.png,1.00E+63
VAR_mri258_bright0.9.png,1.00E+63
VAR_mri258_bright1.1.png,1.01E+63
VAR_mri258_bright1.2.png,1.01E+63
VAR_mri258_bright1.3.png,1.01E+63
VAR_mri258_jpeg30.png,1.01E+63
VAR_mri258_jpeg50.png,1.01E+63
VAR_mri258_jpeg70.png,1.01E+63
VAR_mri258_jpeg90.png,1.01E+63
VAR_mri258_noise0.001.png,1.00E+63
VAR_mri258_noise0.002.png,1.00E+63
VAR_mri258_noise0.003.png,1.00E+63
VAR_mri258_noise0.004.png,1.00E+63
VAR_mri258_noise0.005.png,1.00E+63
VAR_mri258_original.png,1.00E+63
VAR_mri258_rot1.png,1.01E+63
VAR_mri258_rot2.png,1.01E+63
VAR_mri258_rot3.png,1.10E+61
VAR_mri258_rot4.png,1.10E+61
VAR_mri258_rot5.png,1.01E+60
VAR_mri258_rot6.png,1.10E+61
VAR_mri259_bright0.8.png,1.11E+60
VAR_mri259_bright0.9.png,1.11E+60
VAR_mri259_bright1.1.png,1.11E+60
VAR_mri259_bright1.2.png,1.11E+60
VAR_mri259_bright1.3.png,1.10E+59
VAR_mri259_jpeg30.png,1.11E+60
VAR_mri259_jpeg50.png,1.11E+60
VAR_mri259_jpeg70.png,1.11E+60
VAR_mri259_jpeg90.png,1.11E+60
VAR_mri259_noise0.001.png,1.11E+60
VAR_mri259_noise0.002.png,1.11E+60
VAR_mri259_noise0.003.png,1.11E+60
VAR_mri259_noise0.004.png,1.11E+60
VAR_mri259_noise0.005.png,1.11E+60
VAR_mri259_original.png,1.11E+60
VAR_mri259_rot1.png,1.11E+60
VAR_mri259_rot2.png,1.11E+60
VAR_mri259_rot3.png,1.10E+59
VAR_mri259_rot4.png,1.11E+60
VAR_mri259_rot5.png,1.11E+60
VAR_mri259_rot6.png,1.10E+59
VAR_mri260_bright0.8.png,1.11E+60
VAR_mri260_bright0.9.png,1.11E+60
VAR_mri260_bright1.1.png,1.00E+63
VAR_mri260_bright1.2.png,1.00E+63
VAR_mri260_bright1.3.png,1.00E+63
VAR_mri260_jpeg30.png,1.01E+60
VAR_mri260_jpeg50.png,1.00E+63
VAR_mri260_jpeg70.png,1.00E+63
VAR_mri260_jpeg90.png,1.00E+63
VAR_mri260_noise0.001.png,1.11E+60
VAR_mri260_noise0.002.png,1.11E+60
VAR_mri260_noise0.003.png,1.11E+60
VAR_mri260_noise0.004.png,1.11E+60
VAR_mri260_noise0.005.png,1.01E+60
VAR_mri260_original.png,1.00E+63
VAR_mri260_rot1.png,1.01E+60
VAR_mri260_rot2.png,1.01E+60
VAR_mri260_rot3.png,1.11E+60
VAR_mri260_rot4.png,1.01E+60
VAR_mri260_rot5.png,1.01E+60
VAR_mri260_rot6.png,1.11E+60
VAR_mri268_bright0.8.png,1.01E+38
VAR_mri268_bright0.9.png,1.00E+57
VAR_mri268_bright1.1.png,1.00E+57
VAR_mri268_bright1.2.png,1.00E+60
VAR_mri268_bright1.3.png,1.00E+60
VAR_mri268_jpeg30.png,1.00E+63
VAR_mri268_jpeg50.png,1.00E+63
VAR_mri268_jpeg70.png,1.00E+63
VAR_mri268_jpeg90.png,1.00E+63
VAR_mri268_noise0.001.png,1.01E+38
VAR_mri268_noise0.002.png,1.00E+57
VAR_mri268_noise0.003.png,1.00E+60
VAR_mri268_noise0.004.png,1.00E+60
VAR_mri268_noise0.005.png,1.00E+57
VAR_mri268_original.png,1.00E+57
VAR_mri268_rot1.png,1.00E+63
VAR_mri268_rot2.png,1.00E+63
VAR_mri268_rot3.png,1.00E+63
VAR_mri268_rot4.png,1.00E+63
VAR_mri268_rot5.png,1.00E+63
VAR_mri268_rot6.png,1.00E+63
VAR_mri269_bright0.8.png,1.01E+60
VAR_mri269_bright0.9.png,1.01E+60
VAR_mri269_bright1.1.png,1.01E+60
VAR_mri269_bright1.2.png,1.01E+60
VAR_mri269_bright1.3.png,1.01E+60
VAR_mri269_jpeg30.png,1.01E+60
VAR_mri269_jpeg50.png,1.01E+60
VAR_mri269_jpeg70.png,1.01E+60
VAR_mri269_jpeg90.png,1.01E+60
VAR_mri269_noise0.001.png,1.01E+60
VAR_mri269_noise0.002.png,1.01E+60
VAR_mri269_noise0.003.png,1.01E+60
VAR_mri269_noise0.004.png,1.01E+60
VAR_mri269_noise0.005.png,1.01E+60
VAR_mri269_original.png,1.01E+60
VAR_mri269_rot1.png,1.00E+60
VAR_mri269_rot2.png,1.01E+60
VAR_mri269_rot3.png,1.01E+60
VAR_mri269_rot4.png,1.00E+60
VAR_mri269_rot5.png,1.00E+60
VAR_mri269_rot6.png,1.00E+60
VAR_mri270_bright0.8.png,1.11E+60
VAR_mri270_bright0.9.png,1.11E+60
VAR_mri270_bright1.1.png,1.11E+60
VAR_mri270_bright1.2.png,1.11E+60
VAR_mri270_bright1.3.png,1.11E+60
VAR_mri270_jpeg30.png,1.11E+60
VAR_mri270_jpeg50.png,1.11E+60
VAR_mri270_jpeg70.png,1.11E+60
VAR_mri270_jpeg90.png,1.11E+60
VAR_mri270_noise0.001.png,1.11E+60
VAR_mri270_noise0.002.png,1.11E+60
VAR_mri270_noise0.003.png,1.11E+60
VAR_mri270_noise0.004.png,1.11E+60
VAR_mri270_noise0.005.png,1.11E+60
VAR_mri270_original.png,1.11E+60
VAR_mri270_rot1.png,1.11E+60
VAR_mri270_rot2.png,1.11E+60
VAR_mri270_rot3.png,1.01E+60
VAR_mri270_rot4.png,1.11E+60
VAR_mri270_rot5.png,1.11E+60
VAR_mri270_rot6.png,1.11E+60
VAR_mri278_bright0.8.png,1.00E+63
VAR_mri278_bright0.9.png,1.00E+63
VAR_mri278_bright1.1.png,1.00E+63
VAR_mri278_bright1.2.png,1.00E+63
VAR_mri278_bright1.3.png,1.00E+63
VAR_mri278_jpeg30.png,1.00E+63
VAR_mri278_jpeg50.png,1.01E+60
VAR_mri278_jpeg70.png,1.01E+60
VAR_mri278_jpeg90.png,1.00E+63
VAR_mri278_noise0.001.png,1.00E+63
VAR_mri278_noise0.002.png,1.00E+63
VAR_mri278_noise0.003.png,1.00E+63
VAR_mri278_noise0.004.png,1.00E+63
VAR_mri278_noise0.005.png,1.00E+63
VAR_mri278_original.png,1.00E+63
VAR_mri278_rot1.png,1.00E+63
VAR_mri278_rot2.png,1.00E+63
VAR_mri278_rot3.png,1.00E+63
VAR_mri278_rot4.png,1.00E+63
VAR_mri278_rot5.png,1.01E+60
VAR_mri278_rot6.png,1.00E+63
VAR_mri279_bright0.8.png,1.00E+63
VAR_mri279_bright0.9.png,1.00E+63
VAR_mri279_bright1.1.png,1.00E+63
VAR_mri279_bright1.2.png,1.00E+63
VAR_mri279_bright1.3.png,1.00E+63
VAR_mri279_jpeg30.png,1.00E+63
VAR_mri279_jpeg50.png,1.00E+63
VAR_mri279_jpeg70.png,1.00E+63
VAR_mri279_jpeg90.png,1.00E+63
VAR_mri279_noise0.001.png,1.00E+63
VAR_mri279_noise0.002.png,1.00E+63
VAR_mri279_noise0.003.png,1.00E+63
VAR_mri279_noise0.004.png,1.00E+63
VAR_mri279_noise0.005.png,1.00E+63
VAR_mri279_original.png,1.00E+63
VAR_mri279_rot1.png,1.00E+57
VAR_mri279_rot2.png,1.00E+63
VAR_mri279_rot3.png,1.10E+58
VAR_mri279_rot4.png,1.00E+57
VAR_mri279_rot5.png,1.10E+58
VAR_mri279_rot6.png,1.10E+61
VAR_mri280_bright0.8.png,1.10E+61
VAR_mri280_bright0.9.png,1.11E+61
VAR_mri280_bright1.1.png,1.10E+61
VAR_mri280_bright1.2.png,1.11E+60
VAR_mri280_bright1.3.png,1.11E+60
VAR_mri280_jpeg30.png,1.01E+60
VAR_mri280_jpeg50.png,1.11E+60
VAR_mri280_jpeg70.png,1.11E+60
VAR_mri280_jpeg90.png,1.10E+58
VAR_mri280_noise0.001.png,1.01E+60
VAR_mri280_noise0.002.png,1.01E+60
VAR_mri280_noise0.003.png,1.11E+60
VAR_mri280_noise0.004.png,1.11E+60
VAR_mri280_noise0.005.png,1.11E+60
VAR_mri280_original.png,1.10E+61
VAR_mri280_rot1.png,1.01E+60
VAR_mri280_rot2.png,1.11E+60
VAR_mri280_rot3.png,1.11E+60
VAR_mri280_rot4.png,1.11E+61
VAR_mri280_rot5.png,1.11E+59
VAR_mri280_rot6.png,1.10E+58
VAR_mri288_bright0.8.png,1.01E+63
VAR_mri288_bright0.9.png,1.01E+63
VAR_mri288_bright1.1.png,1.01E+63
VAR_mri288_bright1.2.png,1.01E+63
VAR_mri288_bright1.3.png,1.01E+63
VAR_mri288_jpeg30.png,1.00E+63
VAR_mri288_jpeg50.png,1.00E+58
VAR_mri288_jpeg70.png,1.00E+63
VAR_mri288_jpeg90.png,1.01E+63
VAR_mri288_noise0.001.png,1.01E+63
VAR_mri288_noise0.002.png,1.01E+63
VAR_mri288_noise0.003.png,1.01E+63
VAR_mri288_noise0.004.png,1.01E+63
VAR_mri288_noise0.005.png,1.01E+63
VAR_mri288_original.png,1.01E+63
VAR_mri288_rot1.png,1.00E+63
VAR_mri288_rot2.png,1.00E+63
VAR_mri288_rot3.png,1.01E+63
VAR_mri288_rot4.png,1.01E+63
VAR_mri288_rot5.png,1.01E+63
VAR_mri288_rot6.png,1.01E+63
VAR_mri289_bright0.8.png,1.11E+59
VAR_mri289_bright0.9.png,1.11E+59
VAR_mri289_bright1.1.png,1.11E+59
VAR_mri289_bright1.2.png,1.11E+59
VAR_mri289_bright1.3.png,1.11E+59
VAR_mri289_jpeg30.png,1.00E+63
VAR_mri289_jpeg50.png,1.11E+59
VAR_mri289_jpeg70.png,1.00E+63
VAR_mri289_jpeg90.png,1.11E+59
VAR_mri289_noise0.001.png,1.11E+59
VAR_mri289_noise0.002.png,1.11E+59
VAR_mri289_noise0.003.png,1.11E+59
VAR_mri289_noise0.004.png,1.11E+59
VAR_mri289_noise0.005.png,1.11E+59
VAR_mri289_original.png,1.11E+59
VAR_mri289_rot1.png,1.11E+59
VAR_mri289_rot2.png,1.10E+59
VAR_mri289_rot3.png,1.10E+59
VAR_mri289_rot4.png,1.10E+59
VAR_mri289_rot5.png,1.00E+58
VAR_mri289_rot6.png,1.00E+58
VAR_mri28_bright0.8.png,1.00E+63
VAR_mri28_bright0.9.png,1.00E+63
VAR_mri28_bright1.1.png,1.00E+63
VAR_mri28_bright1.2.png,1.00E+63
VAR_mri28_bright1.3.png,1.00E+63
VAR_mri28_jpeg30.png,1.00E+63
VAR_mri28_jpeg50.png,1.00E+63
VAR_mri28_jpeg70.png,1.00E+63
VAR_mri28_jpeg90.png,1.00E+63
VAR_mri28_noise0.001.png,1.00E+63
VAR_mri28_noise0.002.png,1.00E+63
VAR_mri28_noise0.003.png,1.00E+63
VAR_mri28_noise0.004.png,1.00E+63
VAR_mri28_noise0.005.png,1.00E+63
VAR_mri28_original.png,1.00E+63
VAR_mri28_rot1.png,1.00E+63
VAR_mri28_rot2.png,1.00E+63
VAR_mri28_rot3.png,1.00E+63
VAR_mri28_rot4.png,1.00E+63
VAR_mri28_rot5.png,1.00E+63
VAR_mri28_rot6.png,1.00E+63
VAR_mri290_bright0.8.png,1.11E+61
VAR_mri290_bright0.9.png,1.11E+61
VAR_mri290_bright1.1.png,1.11E+60
VAR_mri290_bright1.2.png,1.11E+60
VAR_mri290_bright1.3.png,1.11E+60
VAR_mri290_jpeg30.png,1.00E+63
VAR_mri290_jpeg50.png,1.00E+63
VAR_mri290_jpeg70.png,1.00E+63
VAR_mri290_jpeg90.png,1.11E+61
VAR_mri290_noise0.001.png,1.11E+61
VAR_mri290_noise0.002.png,1.11E+60
VAR_mri290_noise0.003.png,1.11E+61
VAR_mri290_noise0.004.png,1.11E+61
VAR_mri290_noise0.005.png,1.11E+60
VAR_mri290_original.png,1.11E+61
VAR_mri290_rot1.png,1.11E+60
VAR_mri290_rot2.png,1.11E+60
VAR_mri290_rot3.png,1.11E+60
VAR_mri290_rot4.png,1.11E+60
VAR_mri290_rot5.png,1.11E+60
VAR_mri290_rot6.png,1.11E+60
VAR_mri298_bright0.8.png,1.11E+60
VAR_mri298_bright0.9.png,1.11E+60
VAR_mri298_bright1.1.png,1.11E+60
VAR_mri298_bright1.2.png,1.11E+60
VAR_mri298_bright1.3.png,1.11E+60
VAR_mri298_jpeg30.png,1.11E+60
VAR_mri298_jpeg50.png,1.11E+60
VAR_mri298_jpeg70.png,1.11E+60
VAR_mri298_jpeg90.png,1.11E+60
VAR_mri298_noise0.001.png,1.11E+60
VAR_mri298_noise0.002.png,1.11E+60
VAR_mri298_noise0.003.png,1.11E+60
VAR_mri298_noise0.004.png,1.11E+60
VAR_mri298_noise0.005.png,1.11E+60
VAR_mri298_original.png,1.11E+60
VAR_mri298_rot1.png,1.11E+60
VAR_mri298_rot2.png,1.11E+60
VAR_mri298_rot3.png,1.11E+60
VAR_mri298_rot4.png,1.11E+60
VAR_mri298_rot5.png,1.11E+60
VAR_mri298_rot6.png,1.11E+60
VAR_mri299_bright0.8.png,1.01E+60
VAR_mri299_bright0.9.png,1.01E+60
VAR_mri299_bright1.1.png,1.00E+60
VAR_mri299_bright1.2.png,1.00E+60
VAR_mri299_bright1.3.png,1.00E+60
VAR_mri299_jpeg30.png,1.01E+60
VAR_mri299_jpeg50.png,1.01E+60
VAR_mri299_jpeg70.png,1.01E+60
VAR_mri299_jpeg90.png,1.01E+60
VAR_mri299_noise0.001.png,1.00E+60
VAR_mri299_noise0.002.png,1.00E+60
VAR_mri299_noise0.003.png,1.01E+60
VAR_mri299_noise0.004.png,1.00E+60
VAR_mri299_noise0.005.png,1.00E+60
VAR_mri299_original.png,1.00E+60
VAR_mri299_rot1.png,1.11E+60
VAR_mri299_rot2.png,1.01E+60
VAR_mri299_rot3.png,1.01E+60
VAR_mri299_rot4.png,1.01E+60
VAR_mri299_rot5.png,1.01E+60
VAR_mri299_rot6.png,1.01E+60
VAR_mri29_bright0.8.png,1.01E+63
VAR_mri29_bright0.9.png,1.01E+63
VAR_mri29_bright1.1.png,1.01E+63
VAR_mri29_bright1.2.png,1.01E+63
VAR_mri29_bright1.3.png,1.11E+63
VAR_mri29_jpeg30.png,1.10E+61
VAR_mri29_jpeg50.png,1.01E+63
VAR_mri29_jpeg70.png,1.01E+63
VAR_mri29_jpeg90.png,1.01E+63
VAR_mri29_noise0.001.png,1.01E+63
VAR_mri29_noise0.002.png,1.01E+63
VAR_mri29_noise0.003.png,1.01E+63
VAR_mri29_noise0.004.png,1.01E+63
VAR_mri29_noise0.005.png,1.01E+63
VAR_mri29_original.png,1.01E+63
VAR_mri29_rot1.png,1.01E+63
VAR_mri29_rot2.png,1.11E+61
VAR_mri29_rot3.png,1.01E+63
VAR_mri29_rot4.png,1.01E+63
VAR_mri29_rot5.png,1.01E+63
VAR_mri29_rot6.png,1.01E+63
VAR_mri300_bright0.8.png,1.00E+63
VAR_mri300_bright0.9.png,1.00E+63
VAR_mri300_bright1.1.png,1.00E+63
VAR_mri300_bright1.2.png,1.11E+60
VAR_mri300_bright1.3.png,1.00E+63
VAR_mri300_jpeg30.png,1.11E+60
VAR_mri300_jpeg50.png,1.00E+63
VAR_mri300_jpeg70.png,1.00E+63
VAR_mri300_jpeg90.png,1.00E+63
VAR_mri300_noise0.001.png,1.00E+63
VAR_mri300_noise0.002.png,1.00E+63
VAR_mri300_noise0.003.png,1.00E+63
VAR_mri300_noise0.004.png,1.00E+63
VAR_mri300_noise0.005.png,1.00E+63
VAR_mri300_original.png,1.00E+63
VAR_mri300_rot1.png,1.00E+63
VAR_mri300_rot2.png,1.11E+60
VAR_mri300_rot3.png,1.11E+60
VAR_mri300_rot4.png,1.11E+60
VAR_mri300_rot5.png,1.11E+60
VAR_mri300_rot6.png,1.11E+60
VAR_mri308_bright0.8.png,1.11E+60
VAR_mri308_bright0.9.png,1.11E+60
VAR_mri308_bright1.1.png,1.11E+60
VAR_mri308_bright1.2.png,1.11E+60
VAR_mri308_bright1.3.png,1.11E+60
VAR_mri308_jpeg30.png,1.00E+61
VAR_mri308_jpeg50.png,1.00E+61
VAR_mri308_jpeg70.png,1.00E+61
VAR_mri308_jpeg90.png,1.10E+58
VAR_mri308_noise0.001.png,1.01E+60
VAR_mri308_noise0.002.png,1.01E+60
VAR_mri308_noise0.003.png,1.11E+60
VAR_mri308_noise0.004.png,1.10E+58
VAR_mri308_noise0.005.png,1.11E+60
VAR_mri308_original.png,1.11E+60
VAR_mri308_rot1.png,1.10E+61
VAR_mri308_rot2.png,1.01E+60
VAR_mri308_rot3.png,1.01E+60
VAR_mri308_rot4.png,1.01E+60
VAR_mri308_rot5.png,1.11E+61
VAR_mri308_rot6.png,1.11E+61
VAR_mri309_bright0.8.png,1.00E+63
VAR_mri309_bright0.9.png,1.00E+63
VAR_mri309_bright1.1.png,1.00E+63
VAR_mri309_bright1.2.png,1.00E+63
VAR_mri309_bright1.3.png,1.00E+63
VAR_mri309_jpeg30.png,1.11E+59
VAR_mri309_jpeg50.png,1.11E+60
VAR_mri309_jpeg70.png,1.00E+63
VAR_mri309_jpeg90.png,1.00E+63
VAR_mri309_noise0.001.png,1.00E+63
VAR_mri309_noise0.002.png,1.00E+63
VAR_mri309_noise0.003.png,1.00E+63
VAR_mri309_noise0.004.png,1.00E+63
VAR_mri309_noise0.005.png,1.00E+63
VAR_mri309_original.png,1.00E+63
VAR_mri309_rot1.png,1.00E+63
VAR_mri309_rot2.png,1.00E+63
VAR_mri309_rot3.png,1.11E+60
VAR_mri309_rot4.png,1.11E+60
VAR_mri309_rot5.png,1.11E+60
VAR_mri309_rot6.png,1.11E+60
VAR_mri30_bright0.8.png,1.11E+60
VAR_mri30_bright0.9.png,1.11E+60
VAR_mri30_bright1.1.png,1.11E+60
VAR_mri30_bright1.2.png,1.11E+60
VAR_mri30_bright1.3.png,1.11E+60
VAR_mri30_jpeg30.png,1.11E+60
VAR_mri30_jpeg50.png,1.11E+60
VAR_mri30_jpeg70.png,1.11E+60
VAR_mri30_jpeg90.png,1.11E+60
VAR_mri30_noise0.001.png,1.11E+60
VAR_mri30_noise0.002.png,1.11E+60
VAR_mri30_noise0.003.png,1.11E+60
VAR_mri30_noise0.004.png,1.11E+60
VAR_mri30_noise0.005.png,1.11E+60
VAR_mri30_original.png,1.11E+60
VAR_mri30_rot1.png,1.01E+60
VAR_mri30_rot2.png,1.10E+60
VAR_mri30_rot3.png,1.00E+60
VAR_mri30_rot4.png,1.10E+60
VAR_mri30_rot5.png,1.11E+60
VAR_mri30_rot6.png,1.10E+60
VAR_mri310_bright0.8.png,1.00E+63
VAR_mri310_bright0.9.png,1.00E+63
VAR_mri310_bright1.1.png,1.00E+63
VAR_mri310_bright1.2.png,1.00E+63
VAR_mri310_bright1.3.png,1.00E+63
VAR_mri310_jpeg30.png,1.00E+63
VAR_mri310_jpeg50.png,1.00E+63
VAR_mri310_jpeg70.png,1.00E+63
VAR_mri310_jpeg90.png,1.00E+63
VAR_mri310_noise0.001.png,1.00E+63
VAR_mri310_noise0.002.png,1.00E+63
VAR_mri310_noise0.003.png,1.00E+63
VAR_mri310_noise0.004.png,1.00E+63
VAR_mri310_noise0.005.png,1.00E+63
VAR_mri310_original.png,1.00E+63
VAR_mri310_rot1.png,1.00E+63
VAR_mri310_rot2.png,1.00E+63
VAR_mri310_rot3.png,1.00E+63
VAR_mri310_rot4.png,1.00E+63
VAR_mri310_rot5.png,1.00E+63
VAR_mri310_rot6.png,1.00E+63
VAR_mri318_bright0.8.png,1.11E+60
VAR_mri318_bright0.9.png,1.11E+60
VAR_mri318_bright1.1.png,1.11E+60
VAR_mri318_bright1.2.png,1.11E+60
VAR_mri318_bright1.3.png,1.11E+60
VAR_mri318_jpeg30.png,1.11E+61
VAR_mri318_jpeg50.png,1.11E+60
VAR_mri318_jpeg70.png,1.11E+60
VAR_mri318_jpeg90.png,1.11E+60
VAR_mri318_noise0.001.png,1.11E+60
VAR_mri318_noise0.002.png,1.11E+60
VAR_mri318_noise0.003.png,1.11E+60
VAR_mri318_noise0.004.png,1.11E+60
VAR_mri318_noise0.005.png,1.11E+60
VAR_mri318_original.png,1.11E+60
VAR_mri318_rot1.png,1.11E+60
VAR_mri318_rot2.png,1.11E+60
VAR_mri318_rot3.png,1.11E+60
VAR_mri318_rot4.png,1.11E+60
VAR_mri318_rot5.png,1.11E+60
VAR_mri318_rot6.png,1.11E+60
VAR_mri319_bright0.8.png,1.00E+63
VAR_mri319_bright0.9.png,1.00E+63
VAR_mri319_bright1.1.png,1.00E+63
VAR_mri319_bright1.2.png,1.00E+63
VAR_mri319_bright1.3.png,1.00E+63
VAR_mri319_jpeg30.png,1.00E+63
VAR_mri319_jpeg50.png,1.00E+63
VAR_mri319_jpeg70.png,1.00E+63
VAR_mri319_jpeg90.png,1.00E+63
VAR_mri319_noise0.001.png,1.00E+63
VAR_mri319_noise0.002.png,1.00E+63
VAR_mri319_noise0.003.png,1.00E+63
VAR_mri319_noise0.004.png,1.00E+63
VAR_mri319_noise0.005.png,1.00E+63
VAR_mri319_original.png,1.00E+63
VAR_mri319_rot1.png,1.00E+63
VAR_mri319_rot2.png,1.00E+63
VAR_mri319_rot3.png,1.10E+59
VAR_mri319_rot4.png,1.00E+63
VAR_mri319_rot5.png,1.00E+63
VAR_mri319_rot6.png,1.00E+63
VAR_mri320_bright0.8.png,1.11E+60
VAR_mri320_bright0.9.png,1.11E+60
VAR_mri320_bright1.1.png,1.11E+60
VAR_mri320_bright1.2.png,1.11E+60
VAR_mri320_bright1.3.png,1.11E+60
VAR_mri320_jpeg30.png,1.01E+60
VAR_mri320_jpeg50.png,1.11E+60
VAR_mri320_jpeg70.png,1.11E+61
VAR_mri320_jpeg90.png,1.11E+60
VAR_mri320_noise0.001.png,1.11E+62
VAR_mri320_noise0.002.png,1.11E+60
VAR_mri320_noise0.003.png,1.01E+62
VAR_mri320_noise0.004.png,1.11E+60
VAR_mri320_noise0.005.png,1.11E+60
VAR_mri320_original.png,1.11E+60
VAR_mri320_rot1.png,1.11E+61
VAR_mri320_rot2.png,1.11E+61
VAR_mri320_rot3.png,1.01E+63
VAR_mri320_rot4.png,1.11E+60
VAR_mri320_rot5.png,1.11E+61
VAR_mri320_rot6.png,1.11E+61
VAR_mri328_bright0.8.png,1.01E+63
VAR_mri328_bright0.9.png,1.01E+63
VAR_mri328_bright1.1.png,1.11E+61
VAR_mri328_bright1.2.png,1.11E+61
VAR_mri328_bright1.3.png,1.11E+61
VAR_mri328_jpeg30.png,1.01E+60
VAR_mri328_jpeg50.png,1.00E+63
VAR_mri328_jpeg70.png,1.01E+60
VAR_mri328_jpeg90.png,1.01E+63
VAR_mri328_noise0.001.png,1.01E+63
VAR_mri328_noise0.002.png,1.01E+63
VAR_mri328_noise0.003.png,1.01E+63
VAR_mri328_noise0.004.png,1.01E+63
VAR_mri328_noise0.005.png,1.01E+63
VAR_mri328_original.png,1.01E+63
VAR_mri328_rot1.png,1.01E+63
VAR_mri328_rot2.png,1.01E+63
VAR_mri328_rot3.png,1.01E+63
VAR_mri328_rot4.png,1.01E+63
VAR_mri328_rot5.png,1.01E+63
VAR_mri328_rot6.png,1.01E+60
VAR_mri329_bright0.8.png,1.11E+61
VAR_mri329_bright0.9.png,1.11E+61
VAR_mri329_bright1.1.png,1.11E+61
VAR_mri329_bright1.2.png,1.11E+61
VAR_mri329_bright1.3.png,1.11E+61
VAR_mri329_jpeg30.png,1.01E+60
VAR_mri329_jpeg50.png,1.11E+60
VAR_mri329_jpeg70.png,1.11E+60
VAR_mri329_jpeg90.png,1.11E+61
VAR_mri329_noise0.001.png,1.11E+61
VAR_mri329_noise0.002.png,1.11E+61
VAR_mri329_noise0.003.png,1.11E+61
VAR_mri329_noise0.004.png,1.11E+61
VAR_mri329_noise0.005.png,1.11E+61
VAR_mri329_original.png,1.11E+61
VAR_mri329_rot1.png,1.11E+61
VAR_mri329_rot2.png,1.11E+61
VAR_mri329_rot3.png,1.11E+61
VAR_mri329_rot4.png,1.11E+61
VAR_mri329_rot5.png,1.11E+61
VAR_mri329_rot6.png,1.11E+61
VAR_mri330_bright0.8.png,1.00E+63
VAR_mri330_bright0.9.png,1.00E+63
VAR_mri330_bright1.1.png,1.00E+63
VAR_mri330_bright1.2.png,1.00E+63
VAR_mri330_bright1.3.png,1.00E+63
VAR_mri330_jpeg30.png,1.00E+63
VAR_mri330_jpeg50.png,1.00E+63
VAR_mri330_jpeg70.png,1.00E+63
VAR_mri330_jpeg90.png,1.00E+63
VAR_mri330_noise0.001.png,1.00E+63
VAR_mri330_noise0.002.png,1.00E+63
VAR_mri330_noise0.003.png,1.00E+63
VAR_mri330_noise0.004.png,1.00E+63
VAR_mri330_noise0.005.png,1.00E+63
VAR_mri330_original.png,1.00E+63
VAR_mri330_rot1.png,1.00E+63
VAR_mri330_rot2.png,1.11E+59
VAR_mri330_rot3.png,1.10E+59
VAR_mri330_rot4.png,1.10E+59
VAR_mri330_rot5.png,1.11E+60
VAR_mri330_rot6.png,1.11E+61
VAR_mri338_bright0.8.png,1.01E+60
VAR_mri338_bright0.9.png,1.01E+60
VAR_mri338_bright1.1.png,1.01E+60
VAR_mri338_bright1.2.png,1.01E+60
VAR_mri338_bright1.3.png,1.01E+60
VAR_mri338_jpeg30.png,1.01E+60
VAR_mri338_jpeg50.png,1.01E+60
VAR_mri338_jpeg70.png,1.01E+60
VAR_mri338_jpeg90.png,1.01E+60
VAR_mri338_noise0.001.png,1.01E+60
VAR_mri338_noise0.002.png,1.00E+60
VAR_mri338_noise0.003.png,1.01E+60
VAR_mri338_noise0.004.png,1.01E+60
VAR_mri338_noise0.005.png,1.00E+60
VAR_mri338_original.png,1.01E+60
VAR_mri338_rot1.png,1.11E+60
VAR_mri338_rot2.png,1.11E+60
VAR_mri338_rot3.png,1.11E+60
VAR_mri338_rot4.png,1.10E+60
VAR_mri338_rot5.png,1.10E+60
VAR_mri338_rot6.png,1.10E+60
VAR_mri339_bright0.8.png,1.01E+60
VAR_mri339_bright0.9.png,1.01E+60
VAR_mri339_bright1.1.png,1.01E+60
VAR_mri339_bright1.2.png,1.01E+60
VAR_mri339_bright1.3.png,1.01E+60
VAR_mri339_jpeg30.png,1.01E+60
VAR_mri339_jpeg50.png,1.11E+60
VAR_mri339_jpeg70.png,1.01E+60
VAR_mri339_jpeg90.png,1.01E+60
VAR_mri339_noise0.001.png,1.01E+60
VAR_mri339_noise0.002.png,1.01E+60
VAR_mri339_noise0.003.png,1.01E+60
VAR_mri339_noise0.004.png,1.01E+60
VAR_mri339_noise0.005.png,1.01E+60
VAR_mri339_original.png,1.01E+60
VAR_mri339_rot1.png,1.01E+60
VAR_mri339_rot2.png,1.01E+60
VAR_mri339_rot3.png,1.01E+60
VAR_mri339_rot4.png,1.01E+60
VAR_mri339_rot5.png,1.01E+60
VAR_mri339_rot6.png,1.01E+60
VAR_mri340_bright0.8.png,1.00E+58
VAR_mri340_bright0.9.png,1.01E+60
VAR_mri340_bright1.1.png,1.01E+60
VAR_mri340_bright1.2.png,1.01E+60
VAR_mri340_bright1.3.png,1.01E+60
VAR_mri340_jpeg30.png,1.00E+58
VAR_mri340_jpeg50.png,1.01E+60
VAR_mri340_jpeg70.png,1.00E+58
VAR_mri340_jpeg90.png,1.00E+58
VAR_mri340_noise0.001.png,1.01E+60
VAR_mri340_noise0.002.png,1.01E+60
VAR_mri340_noise0.003.png,1.01E+60
VAR_mri340_noise0.004.png,1.01E+60
VAR_mri340_noise0.005.png,1.01E+60
VAR_mri340_original.png,1.01E+60
VAR_mri340_rot1.png,1.01E+60
VAR_mri340_rot2.png,1.01E+60
VAR_mri340_rot3.png,1.01E+60
VAR_mri340_rot4.png,1.01E+60
VAR_mri340_rot5.png,1.00E+60
VAR_mri340_rot6.png,1.00E+60
VAR_mri348_bright0.8.png,1.00E+63
VAR_mri348_bright0.9.png,1.00E+63
VAR_mri348_bright1.1.png,1.00E+63
VAR_mri348_bright1.2.png,1.00E+63
VAR_mri348_bright1.3.png,1.00E+63
VAR_mri348_jpeg30.png,1.00E+63
VAR_mri348_jpeg50.png,1.00E+63
VAR_mri348_jpeg70.png,1.00E+63
VAR_mri348_jpeg90.png,1.00E+63
VAR_mri348_noise0.001.png,1.00E+63
VAR_mri348_noise0.002.png,1.00E+63
VAR_mri348_noise0.003.png,1.00E+63
VAR_mri348_noise0.004.png,1.00E+63
VAR_mri348_noise0.005.png,1.11E+60
VAR_mri348_original.png,1.00E+63
VAR_mri348_rot1.png,1.00E+63
VAR_mri348_rot2.png,1.11E+60
VAR_mri348_rot3.png,1.00E+63
VAR_mri348_rot4.png,1.00E+63
VAR_mri348_rot5.png,1.00E+63
VAR_mri348_rot6.png,1.11E+60
VAR_mri349_bright0.8.png,1.00E+63
VAR_mri349_bright0.9.png,1.00E+63
VAR_mri349_bright1.1.png,1.00E+63
VAR_mri349_bright1.2.png,1.01E+60
VAR_mri349_bright1.3.png,1.01E+60
VAR_mri349_jpeg30.png,1.01E+60
VAR_mri349_jpeg50.png,1.01E+60
VAR_mri349_jpeg70.png,1.01E+60
VAR_mri349_jpeg90.png,1.00E+63
VAR_mri349_noise0.001.png,1.00E+63
VAR_mri349_noise0.002.png,1.00E+63
VAR_mri349_noise0.003.png,1.00E+63
VAR_mri349_noise0.004.png,1.00E+63
VAR_mri349_noise0.005.png,1.00E+63
VAR_mri349_original.png,1.00E+63
VAR_mri349_rot1.png,1.01E+60
VAR_mri349_rot2.png,1.00E+63
VAR_mri349_rot3.png,1.01E+60
VAR_mri349_rot4.png,1.01E+60
VAR_mri349_rot5.png,1.01E+60
VAR_mri349_rot6.png,1.01E+60
VAR_mri38_bright0.8.png,1.00E+63
VAR_mri38_bright0.9.png,1.00E+63
VAR_mri38_bright1.1.png,1.11E+60
VAR_mri38_bright1.2.png,1.11E+60
VAR_mri38_bright1.3.png,1.00E+63
VAR_mri38_jpeg30.png,1.00E+63
VAR_mri38_jpeg50.png,1.10E+60
VAR_mri38_jpeg70.png,1.11E+60
VAR_mri38_jpeg90.png,1.00E+63
VAR_mri38_noise0.001.png,1.00E+63
VAR_mri38_noise0.002.png,1.00E+63
VAR_mri38_noise0.003.png,1.00E+63
VAR_mri38_noise0.004.png,1.00E+63
VAR_mri38_noise0.005.png,1.00E+63
VAR_mri38_original.png,1.00E+63
VAR_mri38_rot1.png,1.11E+60
VAR_mri38_rot2.png,1.00E+63
VAR_mri38_rot3.png,1.00E+63
VAR_mri38_rot4.png,1.00E+63
VAR_mri38_rot5.png,1.00E+63
VAR_mri38_rot6.png,1.11E+60
VAR_mri39_bright0.8.png,1.00E+63
VAR_mri39_bright0.9.png,1.00E+63
VAR_mri39_bright1.1.png,1.00E+63
VAR_mri39_bright1.2.png,1.00E+63
VAR_mri39_bright1.3.png,1.00E+63
VAR_mri39_jpeg30.png,1.00E+63
VAR_mri39_jpeg50.png,1.00E+63
VAR_mri39_jpeg70.png,1.00E+63
VAR_mri39_jpeg90.png,1.00E+63
VAR_mri39_noise0.001.png,1.00E+63
VAR_mri39_noise0.002.png,1.00E+63
VAR_mri39_noise0.003.png,1.00E+63
VAR_mri39_noise0.004.png,1.00E+63
VAR_mri39_noise0.005.png,1.00E+63
VAR_mri39_original.png,1.00E+63
VAR_mri39_rot1.png,1.00E+63
VAR_mri39_rot2.png,1.00E+63
VAR_mri39_rot3.png,1.00E+58
VAR_mri39_rot4.png,1.00E+58
VAR_mri39_rot5.png,1.00E+63
VAR_mri39_rot6.png,1.00E+63
VAR_mri40_bright0.8.png,1.01E+63
VAR_mri40_bright0.9.png,1.01E+63
VAR_mri40_bright1.1.png,1.01E+63
VAR_mri40_bright1.2.png,1.01E+63
VAR_mri40_bright1.3.png,1.01E+63
VAR_mri40_jpeg30.png,1.11E+61
VAR_mri40_jpeg50.png,1.11E+61
VAR_mri40_jpeg70.png,1.11E+61
VAR_mri40_jpeg90.png,1.01E+63
VAR_mri40_noise0.001.png,1.01E+63
VAR_mri40_noise0.002.png,1.01E+63
VAR_mri40_noise0.003.png,1.01E+63
VAR_mri40_noise0.004.png,1.01E+63
VAR_mri40_noise0.005.png,1.01E+63
VAR_mri40_original.png,1.01E+63
VAR_mri40_rot1.png,1.11E+61
VAR_mri40_rot2.png,1.11E+61
VAR_mri40_rot3.png,1.01E+63
VAR_mri40_rot4.png,1.01E+63
VAR_mri40_rot5.png,1.01E+63
VAR_mri40_rot6.png,1.01E+63
VAR_mri48_bright0.8.png,1.00E+60
VAR_mri48_bright0.9.png,1.00E+60
VAR_mri48_bright1.1.png,1.00E+60
VAR_mri48_bright1.2.png,1.00E+60
VAR_mri48_bright1.3.png,1.00E+60
VAR_mri48_jpeg30.png,1.00E+60
VAR_mri48_jpeg50.png,1.00E+60
VAR_mri48_jpeg70.png,1.00E+60
VAR_mri48_jpeg90.png,1.00E+60
VAR_mri48_noise0.001.png,1.00E+60
VAR_mri48_noise0.002.png,1.00E+60
VAR_mri48_noise0.003.png,1.00E+60
VAR_mri48_noise0.004.png,1.00E+60
VAR_mri48_noise0.005.png,1.00E+60
VAR_mri48_original.png,1.00E+60
VAR_mri48_rot1.png,1.00E+60
VAR_mri48_rot2.png,1.00E+60
VAR_mri48_rot3.png,1.00E+60
VAR_mri48_rot4.png,1.00E+60
VAR_mri48_rot5.png,1.00E+60
VAR_mri48_rot6.png,1.00E+60
VAR_mri49_bright0.8.png,1.00E+63
VAR_mri49_bright0.9.png,1.00E+63
VAR_mri49_bright1.1.png,1.00E+63
VAR_mri49_bright1.2.png,1.00E+63
VAR_mri49_bright1.3.png,1.00E+63
VAR_mri49_jpeg30.png,1.00E+63
VAR_mri49_jpeg50.png,1.00E+63
VAR_mri49_jpeg70.png,1.00E+63
VAR_mri49_jpeg90.png,1.00E+63
VAR_mri49_noise0.001.png,1.00E+63
VAR_mri49_noise0.002.png,1.00E+63
VAR_mri49_noise0.003.png,1.00E+63
VAR_mri49_noise0.004.png,1.00E+63
VAR_mri49_noise0.005.png,1.00E+63
VAR_mri49_original.png,1.00E+63
VAR_mri49_rot1.png,1.00E+63
VAR_mri49_rot2.png,1.00E+63
VAR_mri49_rot3.png,1.01E+60
VAR_mri49_rot4.png,1.00E+63
VAR_mri49_rot5.png,1.00E+58
VAR_mri49_rot6.png,1.00E+63
VAR_mri50_bright0.8.png,1.11E+59
VAR_mri50_bright0.9.png,1.11E+60
VAR_mri50_bright1.1.png,1.11E+60
VAR_mri50_bright1.2.png,1.11E+60
VAR_mri50_bright1.3.png,1.11E+60
VAR_mri50_jpeg30.png,1.00E+63
VAR_mri50_jpeg50.png,1.10E+59
VAR_mri50_jpeg70.png,1.11E+60
VAR_mri50_jpeg90.png,1.11E+60
VAR_mri50_noise0.001.png,1.11E+60
VAR_mri50_noise0.002.png,1.11E+60
VAR_mri50_noise0.003.png,1.11E+60
VAR_mri50_noise0.004.png,1.11E+60
VAR_mri50_noise0.005.png,1.11E+60
VAR_mri50_original.png,1.11E+60
VAR_mri50_rot1.png,1.11E+60
VAR_mri50_rot2.png,1.11E+60
VAR_mri50_rot3.png,1.11E+60
VAR_mri50_rot4.png,1.11E+60
VAR_mri50_rot5.png,1.11E+60
VAR_mri50_rot6.png,1.11E+60
VAR_mri58_bright0.8.png,1.11E+60
VAR_mri58_bright0.9.png,1.11E+60
VAR_mri58_bright1.1.png,1.00E+63
VAR_mri58_bright1.2.png,1.00E+63
VAR_mri58_bright1.3.png,1.00E+63
VAR_mri58_jpeg30.png,1.00E+63
VAR_mri58_jpeg50.png,1.11E+60
VAR_mri58_jpeg70.png,1.01E+60
VAR_mri58_jpeg90.png,1.00E+63
VAR_mri58_noise0.001.png,1.00E+63
VAR_mri58_noise0.002.png,1.00E+63
VAR_mri58_noise0.003.png,1.00E+63
VAR_mri58_noise0.004.png,1.00E+63
VAR_mri58_noise0.005.png,1.00E+63
VAR_mri58_original.png,1.00E+63
VAR_mri58_rot1.png,1.11E+60
VAR_mri58_rot2.png,1.01E+60
VAR_mri58_rot3.png,1.11E+60
VAR_mri58_rot4.png,1.01E+60
VAR_mri58_rot5.png,1.11E+60
VAR_mri58_rot6.png,1.11E+60
VAR_mri59_bright0.8.png,1.00E+63
VAR_mri59_bright0.9.png,1.00E+63
VAR_mri59_bright1.1.png,1.11E+60
VAR_mri59_bright1.2.png,1.00E+63
VAR_mri59_bright1.3.png,1.00E+63
VAR_mri59_jpeg30.png,1.00E+63
VAR_mri59_jpeg50.png,1.00E+63
VAR_mri59_jpeg70.png,1.00E+63
VAR_mri59_jpeg90.png,1.00E+63
VAR_mri59_noise0.001.png,1.00E+63
VAR_mri59_noise0.002.png,1.00E+63
VAR_mri59_noise0.003.png,1.00E+63
VAR_mri59_noise0.004.png,1.00E+63
VAR_mri59_noise0.005.png,1.00E+63
VAR_mri59_original.png,1.00E+63
VAR_mri59_rot1.png,1.11E+60
VAR_mri59_rot2.png,1.11E+60
VAR_mri59_rot3.png,1.00E+63
VAR_mri59_rot4.png,1.01E+60
VAR_mri59_rot5.png,1.11E+60
VAR_mri59_rot6.png,1.11E+60
VAR_mri60_bright0.8.png,1.01E+59
VAR_mri60_bright0.9.png,1.01E+59
VAR_mri60_bright1.1.png,1.11E+59
VAR_mri60_bright1.2.png,1.11E+60
VAR_mri60_bright1.3.png,1.11E+60
VAR_mri60_jpeg30.png,1.00E+59
VAR_mri60_jpeg50.png,1.10E+59
VAR_mri60_jpeg70.png,1.11E+59
VAR_mri60_jpeg90.png,1.11E+60
VAR_mri60_noise0.001.png,1.01E+59
VAR_mri60_noise0.002.png,1.11E+59
VAR_mri60_noise0.003.png,1.01E+59
VAR_mri60_noise0.004.png,1.11E+59
VAR_mri60_noise0.005.png,1.01E+59
VAR_mri60_original.png,1.11E+59
VAR_mri60_rot1.png,1.11E+59
VAR_mri60_rot2.png,1.11E+59
VAR_mri60_rot3.png,1.11E+59
VAR_mri60_rot4.png,1.01E+59
VAR_mri60_rot5.png,1.11E+59
VAR_mri60_rot6.png,1.11E+59
VAR_mri68_bright0.8.png,1.01E+63
VAR_mri68_bright0.9.png,1.00E+63
VAR_mri68_bright1.1.png,1.00E+63
VAR_mri68_bright1.2.png,1.11E+60
VAR_mri68_bright1.3.png,1.11E+60
VAR_mri68_jpeg30.png,1.00E+63
VAR_mri68_jpeg50.png,1.00E+63
VAR_mri68_jpeg70.png,1.00E+63
VAR_mri68_jpeg90.png,1.00E+63
VAR_mri68_noise0.001.png,1.01E+60
VAR_mri68_noise0.002.png,1.01E+60
VAR_mri68_noise0.003.png,1.00E+63
VAR_mri68_noise0.004.png,1.01E+60
VAR_mri68_noise0.005.png,1.01E+60
VAR_mri68_original.png,1.00E+63
VAR_mri68_rot1.png,1.01E+60
VAR_mri68_rot2.png,1.01E+60
VAR_mri68_rot3.png,1.01E+60
VAR_mri68_rot4.png,1.01E+60
VAR_mri68_rot5.png,1.00E+63
VAR_mri68_rot6.png,1.00E+63
VAR_mri69_bright0.8.png,1.00E+63
VAR_mri69_bright0.9.png,1.00E+63
VAR_mri69_bright1.1.png,1.00E+63
VAR_mri69_bright1.2.png,1.00E+63
VAR_mri69_bright1.3.png,1.00E+63
VAR_mri69_jpeg30.png,1.00E+63
VAR_mri69_jpeg50.png,1.00E+63
VAR_mri69_jpeg70.png,1.00E+63
VAR_mri69_jpeg90.png,1.00E+63
VAR_mri69_noise0.001.png,1.00E+63
VAR_mri69_noise0.002.png,1.00E+63
VAR_mri69_noise0.003.png,1.00E+63
VAR_mri69_noise0.004.png,1.00E+63
VAR_mri69_noise0.005.png,1.00E+63
VAR_mri69_original.png,1.00E+63
VAR_mri69_rot1.png,1.00E+63
VAR_mri69_rot2.png,1.00E+63
VAR_mri69_rot3.png,1.00E+63
VAR_mri69_rot4.png,1.00E+63
VAR_mri69_rot5.png,1.00E+63
VAR_mri69_rot6.png,1.00E+63
VAR_mri70_bright0.8.png,1.11E+60
VAR_mri70_bright0.9.png,1.11E+60
VAR_mri70_bright1.1.png,1.00E+63
VAR_mri70_bright1.2.png,1.11E+60
VAR_mri70_bright1.3.png,1.01E+60
VAR_mri70_jpeg30.png,1.00E+63
VAR_mri70_jpeg50.png,1.01E+60
VAR_mri70_jpeg70.png,1.01E+60
VAR_mri70_jpeg90.png,1.00E+63
VAR_mri70_noise0.001.png,1.01E+60
VAR_mri70_noise0.002.png,1.01E+60
VAR_mri70_noise0.003.png,1.01E+60
VAR_mri70_noise0.004.png,1.01E+60
VAR_mri70_noise0.005.png,1.01E+60
VAR_mri70_original.png,1.11E+60
VAR_mri70_rot1.png,1.11E+60
VAR_mri70_rot2.png,1.01E+60
VAR_mri70_rot3.png,1.01E+60
VAR_mri70_rot4.png,1.11E+60
VAR_mri70_rot5.png,1.01E+60
VAR_mri70_rot6.png,1.11E+60
VAR_mri78_bright0.8.png,1.01E+60
VAR_mri78_bright0.9.png,1.01E+60
VAR_mri78_bright1.1.png,1.01E+60
VAR_mri78_bright1.2.png,1.01E+60
VAR_mri78_bright1.3.png,1.00E+60
VAR_mri78_jpeg30.png,1.00E+63
VAR_mri78_jpeg50.png,1.01E+60
VAR_mri78_jpeg70.png,1.01E+60
VAR_mri78_jpeg90.png,1.01E+60
VAR_mri78_noise0.001.png,1.01E+60
VAR_mri78_noise0.002.png,1.01E+60
VAR_mri78_noise0.003.png,1.01E+60
VAR_mri78_noise0.004.png,1.01E+60
VAR_mri78_noise0.005.png,1.01E+60
VAR_mri78_original.png,1.01E+60
VAR_mri78_rot1.png,1.01E+60
VAR_mri78_rot2.png,1.01E+60
VAR_mri78_rot3.png,1.01E+60
VAR_mri78_rot4.png,1.01E+60
VAR_mri78_rot5.png,1.00E+60
VAR_mri78_rot6.png,1.01E+60
VAR_mri79_bright0.8.png,1.11E+59
VAR_mri79_bright0.9.png,1.00E+63
VAR_mri79_bright1.1.png,1.00E+63
VAR_mri79_bright1.2.png,1.00E+63
VAR_mri79_bright1.3.png,1.00E+63
VAR_mri79_jpeg30.png,1.11E+59
VAR_mri79_jpeg50.png,1.10E+58
VAR_mri79_jpeg70.png,1.11E+59
VAR_mri79_jpeg90.png,1.11E+59
VAR_mri79_noise0.001.png,1.00E+63
VAR_mri79_noise0.002.png,1.00E+63
VAR_mri79_noise0.003.png,1.11E+59
VAR_mri79_noise0.004.png,1.11E+59
VAR_mri79_noise0.005.png,1.00E+63
VAR_mri79_original.png,1.00E+63
VAR_mri79_rot1.png,1.11E+59
VAR_mri79_rot2.png,1.11E+60
VAR_mri79_rot3.png,1.11E+60
VAR_mri79_rot4.png,1.11E+60
VAR_mri79_rot5.png,1.01E+60
VAR_mri79_rot6.png,1.11E+60
VAR_mri80_bright0.8.png,1.01E+60
VAR_mri80_bright0.9.png,1.01E+60
VAR_mri80_bright1.1.png,1.01E+60
VAR_mri80_bright1.2.png,1.01E+60
VAR_mri80_bright1.3.png,1.01E+60
VAR_mri80_jpeg30.png,1.01E+60
VAR_mri80_jpeg50.png,1.01E+60
VAR_mri80_jpeg70.png,1.01E+60
VAR_mri80_jpeg90.png,1.01E+60
VAR_mri80_noise0.001.png,1.00E+60
VAR_mri80_noise0.002.png,1.01E+60
VAR_mri80_noise0.003.png,1.01E+60
VAR_mri80_noise0.004.png,1.00E+60
VAR_mri80_noise0.005.png,1.01E+60
VAR_mri80_original.png,1.01E+60
VAR_mri80_rot1.png,1.11E+60
VAR_mri80_rot2.png,1.11E+60
VAR_mri80_rot3.png,1.11E+60
VAR_mri80_rot4.png,1.10E+60
VAR_mri80_rot5.png,1.10E+60
VAR_mri80_rot6.png,1.10E+60
VAR_mri88_bright0.8.png,1.00E+63
VAR_mri88_bright0.9.png,1.00E+63
VAR_mri88_bright1.1.png,1.00E+63
VAR_mri88_bright1.2.png,1.00E+63
VAR_mri88_bright1.3.png,1.00E+63
VAR_mri88_jpeg30.png,1.00E+63
VAR_mri88_jpeg50.png,1.00E+63
VAR_mri88_jpeg70.png,1.00E+63
VAR_mri88_jpeg90.png,1.00E+63
VAR_mri88_noise0.001.png,1.00E+63
VAR_mri88_noise0.002.png,1.00E+63
VAR_mri88_noise0.003.png,1.00E+63
VAR_mri88_noise0.004.png,1.00E+63
VAR_mri88_noise0.005.png,1.00E+63
VAR_mri88_original.png,1.00E+63
VAR_mri88_rot1.png,1.00E+63
VAR_mri88_rot2.png,1.00E+63
VAR_mri88_rot3.png,1.10E+58
VAR_mri88_rot4.png,1.01E+60
VAR_mri88_rot5.png,1.01E+60
VAR_mri88_rot6.png,1.01E+60
VAR_mri89_bright0.8.png,1.01E+60
VAR_mri89_bright0.9.png,1.01E+60
VAR_mri89_bright1.1.png,1.01E+60
VAR_mri89_bright1.2.png,1.01E+60
VAR_mri89_bright1.3.png,1.01E+60
VAR_mri89_jpeg30.png,1.01E+60
VAR_mri89_jpeg50.png,1.01E+60
VAR_mri89_jpeg70.png,1.01E+60
VAR_mri89_jpeg90.png,1.01E+60
VAR_mri89_noise0.001.png,1.01E+60
VAR_mri89_noise0.002.png,1.01E+60
VAR_mri89_noise0.003.png,1.01E+60
VAR_mri89_noise0.004.png,1.01E+60
VAR_mri89_noise0.005.png,1.01E+60
VAR_mri89_original.png,1.01E+60
VAR_mri89_rot1.png,1.01E+60
VAR_mri89_rot2.png,1.01E+60
VAR_mri89_rot3.png,1.01E+60
VAR_mri89_rot4.png,1.01E+60
VAR_mri89_rot5.png,1.01E+60
VAR_mri89_rot6.png,1.01E+60
VAR_mri8_bright0.8.png,1.00E+63
VAR_mri8_bright0.9.png,1.00E+63
VAR_mri8_bright1.1.png,1.00E+63
VAR_mri8_bright1.2.png,1.00E+63
VAR_mri8_bright1.3.png,1.00E+63
VAR_mri8_jpeg30.png,1.00E+63
VAR_mri8_jpeg50.png,1.00E+63
VAR_mri8_jpeg70.png,1.00E+63
VAR_mri8_jpeg90.png,1.00E+63
VAR_mri8_noise0.001.png,1.00E+63
VAR_mri8_noise0.002.png,1.00E+63
VAR_mri8_noise0.003.png,1.00E+63
VAR_mri8_noise0.004.png,1.00E+63
VAR_mri8_noise0.005.png,1.00E+63
VAR_mri8_original.png,1.00E+63
VAR_mri8_rot1.png,1.00E+63
VAR_mri8_rot2.png,1.00E+63
VAR_mri8_rot3.png,1.00E+63
VAR_mri8_rot4.png,1.00E+63
VAR_mri8_rot5.png,1.00E+63
VAR_mri8_rot6.png,1.00E+63
VAR_mri90_bright0.8.png,1.00E+63
VAR_mri90_bright0.9.png,1.00E+63
VAR_mri90_bright1.1.png,1.00E+63
VAR_mri90_bright1.2.png,1.00E+63
VAR_mri90_bright1.3.png,1.00E+63
VAR_mri90_jpeg30.png,1.00E+58
VAR_mri90_jpeg50.png,1.00E+63
VAR_mri90_jpeg70.png,1.00E+63
VAR_mri90_jpeg90.png,1.00E+63
VAR_mri90_noise0.001.png,1.00E+63
VAR_mri90_noise0.002.png,1.00E+63
VAR_mri90_noise0.003.png,1.00E+63
VAR_mri90_noise0.004.png,1.00E+63
VAR_mri90_noise0.005.png,1.00E+63
VAR_mri90_original.png,1.00E+63
VAR_mri90_rot1.png,1.00E+63
VAR_mri90_rot2.png,1.00E+63
VAR_mri90_rot3.png,1.00E+63
VAR_mri90_rot4.png,1.00E+63
VAR_mri90_rot5.png,1.00E+63
VAR_mri90_rot6.png,1.00E+63
VAR_mri98_bright0.8.png,1.00E+58
VAR_mri98_bright0.9.png,1.00E+58
VAR_mri98_bright1.1.png,1.00E+58
VAR_mri98_bright1.2.png,1.00E+58
VAR_mri98_bright1.3.png,1.00E+58
VAR_mri98_jpeg30.png,1.01E+60
VAR_mri98_jpeg50.png,1.00E+58
VAR_mri98_jpeg70.png,1.00E+58
VAR_mri98_jpeg90.png,1.00E+58
VAR_mri98_noise0.001.png,1.00E+58
VAR_mri98_noise0.002.png,1.00E+58
VAR_mri98_noise0.003.png,1.00E+58
VAR_mri98_noise0.004.png,1.00E+58
VAR_mri98_noise0.005.png,1.00E+58
VAR_mri98_original.png,1.00E+58
VAR_mri98_rot1.png,1.00E+58
VAR_mri98_rot2.png,1.00E+58
VAR_mri98_rot3.png,1.01E+60
VAR_mri98_rot4.png,1.00E+58
VAR_mri98_rot5.png,1.01E+60
VAR_mri98_rot6.png,1.00E+58
VAR_mri99_bright0.8.png,1.00E+63
VAR_mri99_bright0.9.png,1.00E+63
VAR_mri99_bright1.1.png,1.00E+63
VAR_mri99_bright1.2.png,1.00E+63
VAR_mri99_bright1.3.png,1.00E+63
VAR_mri99_jpeg30.png,1.00E+63
VAR_mri99_jpeg50.png,1.00E+60
VAR_mri99_jpeg70.png,1.00E+63
VAR_mri99_jpeg90.png,1.00E+63
VAR_mri99_noise0.001.png,1.00E+63
VAR_mri99_noise0.002.png,1.00E+63
VAR_mri99_noise0.003.png,1.00E+63
VAR_mri99_noise0.004.png,1.00E+63
VAR_mri99_noise0.005.png,1.00E+63
VAR_mri99_original.png,1.00E+63
VAR_mri99_rot1.png,1.00E+63
VAR_mri99_rot2.png,1.11E+60
VAR_mri99_rot3.png,1.11E+60
VAR_mri99_rot4.png,1.11E+60
VAR_mri99_rot5.png,1.11E+60
VAR_mri99_rot6.png,1.11E+60
VAR_mri9_bright0.8.png,1.01E+60
VAR_mri9_bright0.9.png,1.01E+60
VAR_mri9_bright1.1.png,1.01E+60
VAR_mri9_bright1.2.png,1.01E+60
VAR_mri9_bright1.3.png,1.01E+60
VAR_mri9_jpeg30.png,1.01E+60
VAR_mri9_jpeg50.png,1.01E+60
VAR_mri9_jpeg70.png,1.01E+60
VAR_mri9_jpeg90.png,1.01E+60
VAR_mri9_noise0.001.png,1.01E+60
VAR_mri9_noise0.002.png,1.01E+60
VAR_mri9_noise0.003.png,1.01E+60
VAR_mri9_noise0.004.png,1.01E+60
VAR_mri9_noise0.005.png,1.01E+60
VAR_mri9_original.png,1.01E+60
VAR_mri9_rot1.png,1.01E+60
VAR_mri9_rot2.png,1.01E+60
VAR_mri9_rot3.png,1.01E+60
VAR_mri9_rot4.png,1.01E+60
VAR_mri9_rot5.png,1.01E+60
VAR_mri9_rot6.png,1.01E+60
VAR_VIRUS-103798-0003_bright0.8.png,1.01E+62
VAR_VIRUS-103798-0003_bright0.9.png,1.01E+62
VAR_VIRUS-103798-0003_bright1.1.png,1.01E+62
VAR_VIRUS-103798-0003_bright1.2.png,1.00E+62
VAR_VIRUS-103798-0003_bright1.3.png,1.01E+62
VAR_VIRUS-103798-0003_jpeg30.png,1.11E+62
VAR_VIRUS-103798-0003_jpeg50.png,1.11E+62
VAR_VIRUS-103798-0003_jpeg70.png,1.11E+62
VAR_VIRUS-103798-0003_jpeg90.png,1.01E+62
VAR_VIRUS-103798-0003_noise0.001.png,1.01E+62
VAR_VIRUS-103798-0003_noise0.002.png,1.01E+62
VAR_VIRUS-103798-0003_noise0.003.png,1.01E+62
VAR_VIRUS-103798-0003_noise0.004.png,1.01E+62
VAR_VIRUS-103798-0003_noise0.005.png,1.01E+62
VAR_VIRUS-103798-0003_original.png,1.01E+62
VAR_VIRUS-103798-0003_rot1.png,1.01E+62
VAR_VIRUS-103798-0003_rot2.png,1.01E+62
VAR_VIRUS-103798-0003_rot3.png,1.01E+62
VAR_VIRUS-103798-0003_rot4.png,1.01E+62
VAR_VIRUS-103798-0003_rot5.png,1.01E+62
VAR_VIRUS-103798-0003_rot6.png,1.01E+62
VAR_VIRUS-104960-0002_bright0.8.png,1.01E+62
VAR_VIRUS-104960-0002_bright0.9.png,1.01E+62
VAR_VIRUS-104960-0002_bright1.1.png,1.01E+62
VAR_VIRUS-104960-0002_bright1.2.png,1.01E+62
VAR_VIRUS-104960-0002_bright1.3.png,1.11E+62
VAR_VIRUS-104960-0002_jpeg30.png,1.11E+61
VAR_VIRUS-104960-0002_jpeg50.png,1.11E+62
VAR_VIRUS-104960-0002_jpeg70.png,1.11E+62
VAR_VIRUS-104960-0002_jpeg90.png,1.01E+62
VAR_VIRUS-104960-0002_noise0.001.png,1.01E+62
VAR_VIRUS-104960-0002_noise0.002.png,1.01E+62
VAR_VIRUS-104960-0002_noise0.003.png,1.01E+62
VAR_VIRUS-104960-0002_noise0.004.png,1.01E+62
VAR_VIRUS-104960-0002_noise0.005.png,1.01E+62
VAR_VIRUS-104960-0002_original.png,1.01E+62
VAR_VIRUS-104960-0002_rot1.png,1.01E+62
VAR_VIRUS-104960-0002_rot2.png,1.01E+62
VAR_VIRUS-104960-0002_rot3.png,1.11E+62
VAR_VIRUS-104960-0002_rot4.png,1.11E+63
VAR_VIRUS-104960-0002_rot5.png,1.11E+62
VAR_VIRUS-104960-0002_rot6.png,1.11E+62
VAR_VIRUS-12220-0001_bright0.8.png,1.11E+62
VAR_VIRUS-12220-0001_bright0.9.png,1.11E+62
VAR_VIRUS-12220-0001_bright1.1.png,1.11E+62
VAR_VIRUS-12220-0001_bright1.2.png,1.11E+62
VAR_VIRUS-12220-0001_bright1.3.png,1.11E+62
VAR_VIRUS-12220-0001_jpeg30.png,1.11E+62
VAR_VIRUS-12220-0001_jpeg50.png,1.11E+62
VAR_VIRUS-12220-0001_jpeg70.png,1.11E+62
VAR_VIRUS-12220-0001_jpeg90.png,1.11E+62
VAR_VIRUS-12220-0001_noise0.001.png,1.11E+62
VAR_VIRUS-12220-0001_noise0.002.png,1.11E+62
VAR_VIRUS-12220-0001_noise0.003.png,1.11E+62
VAR_VIRUS-12220-0001_noise0.004.png,1.11E+62
VAR_VIRUS-12220-0001_noise0.005.png,1.11E+62
VAR_VIRUS-12220-0001_original.png,1.11E+62
VAR_VIRUS-12220-0001_rot1.png,1.11E+62
VAR_VIRUS-12220-0001_rot2.png,1.11E+62
VAR_VIRUS-12220-0001_rot3.png,1.11E+62
VAR_VIRUS-12220-0001_rot4.png,1.11E+62
VAR_VIRUS-12220-0001_rot5.png,1.11E+62
VAR_VIRUS-12220-0001_rot6.png,1.11E+62
VAR_VIRUS-140838-0007_bright0.8.png,1.11E+61
VAR_VIRUS-140838-0007_bright0.9.png,1.10E+60
VAR_VIRUS-140838-0007_bright1.1.png,1.10E+60
VAR_VIRUS-140838-0007_bright1.2.png,1.00E+60
VAR_VIRUS-140838-0007_bright1.3.png,1.11E+61
VAR_VIRUS-140838-0007_jpeg30.png,1.11E+61
VAR_VIRUS-140838-0007_jpeg50.png,1.11E+61
VAR_VIRUS-140838-0007_jpeg70.png,1.11E+61
VAR_VIRUS-140838-0007_jpeg90.png,1.11E+61
VAR_VIRUS-140838-0007_noise0.001.png,1.10E+60
VAR_VIRUS-140838-0007_noise0.002.png,1.10E+60
VAR_VIRUS-140838-0007_noise0.003.png,1.10E+60
VAR_VIRUS-140838-0007_noise0.004.png,1.10E+60
VAR_VIRUS-140838-0007_noise0.005.png,1.10E+60
VAR_VIRUS-140838-0007_original.png,1.10E+60
VAR_VIRUS-140838-0007_rot1.png,1.00E+60
VAR_VIRUS-140838-0007_rot2.png,1.01E+34
VAR_VIRUS-140838-0007_rot3.png,1.10E+60
VAR_VIRUS-140838-0007_rot4.png,1.10E+60
VAR_VIRUS-140838-0007_rot5.png,1.10E+60
VAR_VIRUS-140838-0007_rot6.png,1.10E+60
VAR_VIRUS-149498-0002_bright0.8.png,1.01E+62
VAR_VIRUS-149498-0002_bright0.9.png,1.01E+62
VAR_VIRUS-149498-0002_bright1.1.png,1.01E+62
VAR_VIRUS-149498-0002_bright1.2.png,1.01E+62
VAR_VIRUS-149498-0002_bright1.3.png,1.10E+62
VAR_VIRUS-149498-0002_jpeg30.png,1.11E+62
VAR_VIRUS-149498-0002_jpeg50.png,1.11E+62
VAR_VIRUS-149498-0002_jpeg70.png,1.11E+63
VAR_VIRUS-149498-0002_jpeg90.png,1.01E+62
VAR_VIRUS-149498-0002_noise0.001.png,1.01E+62
VAR_VIRUS-149498-0002_noise0.002.png,1.01E+62
VAR_VIRUS-149498-0002_noise0.003.png,1.01E+62
VAR_VIRUS-149498-0002_noise0.004.png,1.01E+62
VAR_VIRUS-149498-0002_noise0.005.png,1.01E+62
VAR_VIRUS-149498-0002_original.png,1.01E+62
VAR_VIRUS-149498-0002_rot1.png,1.00E+62
VAR_VIRUS-149498-0002_rot2.png,1.00E+62
VAR_VIRUS-149498-0002_rot3.png,1.01E+62
VAR_VIRUS-149498-0002_rot4.png,1.01E+62
VAR_VIRUS-149498-0002_rot5.png,1.11E+63
VAR_VIRUS-149498-0002_rot6.png,1.01E+62
VAR_VIRUS-149789-0001_bright0.8.png,1.11E+62
VAR_VIRUS-149789-0001_bright0.9.png,1.11E+62
VAR_VIRUS-149789-0001_bright1.1.png,1.11E+62
VAR_VIRUS-149789-0001_bright1.2.png,1.11E+62
VAR_VIRUS-149789-0001_bright1.3.png,1.11E+62
VAR_VIRUS-149789-0001_jpeg30.png,1.11E+61
VAR_VIRUS-149789-0001_jpeg50.png,1.11E+61
VAR_VIRUS-149789-0001_jpeg70.png,1.11E+62
VAR_VIRUS-149789-0001_jpeg90.png,1.11E+62
VAR_VIRUS-149789-0001_noise0.001.png,1.11E+62
VAR_VIRUS-149789-0001_noise0.002.png,1.11E+62
VAR_VIRUS-149789-0001_noise0.003.png,1.11E+62
VAR_VIRUS-149789-0001_noise0.004.png,1.11E+62
VAR_VIRUS-149789-0001_noise0.005.png,1.11E+62
VAR_VIRUS-149789-0001_original.png,1.11E+62
VAR_VIRUS-149789-0001_rot1.png,1.11E+62
VAR_VIRUS-149789-0001_rot2.png,1.11E+62
VAR_VIRUS-149789-0001_rot3.png,1.11E+62
VAR_VIRUS-149789-0001_rot4.png,1.11E+62
VAR_VIRUS-149789-0001_rot5.png,1.11E+62
VAR_VIRUS-149789-0001_rot6.png,1.11E+62
VAR_VIRUS-155541-0005_bright0.8.png,1.11E+62
VAR_VIRUS-155541-0005_bright0.9.png,1.11E+62
VAR_VIRUS-155541-0005_bright1.1.png,1.11E+62
VAR_VIRUS-155541-0005_bright1.2.png,1.11E+61
VAR_VIRUS-155541-0005_bright1.3.png,1.11E+62
VAR_VIRUS-155541-0005_jpeg30.png,1.11E+62
VAR_VIRUS-155541-0005_jpeg50.png,1.11E+61
VAR_VIRUS-155541-0005_jpeg70.png,1.11E+62
VAR_VIRUS-155541-0005_jpeg90.png,1.11E+62
VAR_VIRUS-155541-0005_noise0.001.png,1.11E+62
VAR_VIRUS-155541-0005_noise0.002.png,1.11E+62
VAR_VIRUS-155541-0005_noise0.003.png,1.11E+62
VAR_VIRUS-155541-0005_noise0.004.png,1.11E+62
VAR_VIRUS-155541-0005_noise0.005.png,1.11E+62
VAR_VIRUS-155541-0005_original.png,1.11E+62
VAR_VIRUS-155541-0005_rot1.png,1.00E+62
VAR_VIRUS-155541-0005_rot2.png,1.11E+62
VAR_VIRUS-155541-0005_rot3.png,1.11E+62
VAR_VIRUS-155541-0005_rot4.png,1.11E+62
VAR_VIRUS-155541-0005_rot5.png,1.11E+62
VAR_VIRUS-155541-0005_rot6.png,1.11E+62
VAR_VIRUS-173061-0001_bright0.8.png,1.11E+62
VAR_VIRUS-173061-0001_bright0.9.png,1.11E+62
VAR_VIRUS-173061-0001_bright1.1.png,1.11E+62
VAR_VIRUS-173061-0001_bright1.2.png,1.11E+62
VAR_VIRUS-173061-0001_bright1.3.png,1.11E+62
VAR_VIRUS-173061-0001_jpeg30.png,1.11E+62
VAR_VIRUS-173061-0001_jpeg50.png,1.11E+62
VAR_VIRUS-173061-0001_jpeg70.png,1.11E+62
VAR_VIRUS-173061-0001_jpeg90.png,1.11E+62
VAR_VIRUS-173061-0001_noise0.001.png,1.11E+62
VAR_VIRUS-173061-0001_noise0.002.png,1.11E+62
VAR_VIRUS-173061-0001_noise0.003.png,1.11E+62
VAR_VIRUS-173061-0001_noise0.004.png,1.11E+62
VAR_VIRUS-173061-0001_noise0.005.png,1.11E+62
VAR_VIRUS-173061-0001_original.png,1.11E+62
VAR_VIRUS-173061-0001_rot1.png,1.11E+62
VAR_VIRUS-173061-0001_rot2.png,1.11E+62
VAR_VIRUS-173061-0001_rot3.png,1.11E+62
VAR_VIRUS-173061-0001_rot4.png,1.11E+62
VAR_VIRUS-173061-0001_rot5.png,1.11E+62
VAR_VIRUS-173061-0001_rot6.png,1.11E+62
VAR_VIRUS-176882-0002_bright0.8.png,1.11E+62
VAR_VIRUS-176882-0002_bright0.9.png,1.11E+62
VAR_VIRUS-176882-0002_bright1.1.png,1.11E+62
VAR_VIRUS-176882-0002_bright1.2.png,1.11E+62
VAR_VIRUS-176882-0002_bright1.3.png,1.11E+62
VAR_VIRUS-176882-0002_jpeg30.png,1.11E+62
VAR_VIRUS-176882-0002_jpeg50.png,1.11E+62
VAR_VIRUS-176882-0002_jpeg70.png,1.11E+62
VAR_VIRUS-176882-0002_jpeg90.png,1.11E+62
VAR_VIRUS-176882-0002_noise0.001.png,1.11E+62
VAR_VIRUS-176882-0002_noise0.002.png,1.11E+62
VAR_VIRUS-176882-0002_noise0.003.png,1.11E+62
VAR_VIRUS-176882-0002_noise0.004.png,1.11E+62
VAR_VIRUS-176882-0002_noise0.005.png,1.11E+62
VAR_VIRUS-176882-0002_original.png,1.11E+62
VAR_VIRUS-176882-0002_rot1.png,1.11E+62
VAR_VIRUS-176882-0002_rot2.png,1.11E+62
VAR_VIRUS-176882-0002_rot3.png,1.11E+62
VAR_VIRUS-176882-0002_rot4.png,1.11E+62
VAR_VIRUS-176882-0002_rot5.png,1.11E+62
VAR_VIRUS-176882-0002_rot6.png,1.11E+62
VAR_VIRUS-182330-0002_bright0.8.png,1.11E+62
VAR_VIRUS-182330-0002_bright0.9.png,1.11E+62
VAR_VIRUS-182330-0002_bright1.1.png,1.11E+62
VAR_VIRUS-182330-0002_bright1.2.png,1.11E+62
VAR_VIRUS-182330-0002_bright1.3.png,1.11E+62
VAR_VIRUS-182330-0002_jpeg30.png,1.11E+61
VAR_VIRUS-182330-0002_jpeg50.png,1.11E+61
VAR_VIRUS-182330-0002_jpeg70.png,1.11E+62
VAR_VIRUS-182330-0002_jpeg90.png,1.11E+62
VAR_VIRUS-182330-0002_noise0.001.png,1.11E+62
VAR_VIRUS-182330-0002_noise0.002.png,1.11E+62
VAR_VIRUS-182330-0002_noise0.003.png,1.11E+62
VAR_VIRUS-182330-0002_noise0.004.png,1.11E+62
VAR_VIRUS-182330-0002_noise0.005.png,1.11E+62
VAR_VIRUS-182330-0002_original.png,1.11E+62
VAR_VIRUS-182330-0002_rot1.png,1.11E+62
VAR_VIRUS-182330-0002_rot2.png,1.11E+62
VAR_VIRUS-182330-0002_rot3.png,1.11E+62
VAR_VIRUS-182330-0002_rot4.png,1.11E+62
VAR_VIRUS-182330-0002_rot5.png,1.11E+62
VAR_VIRUS-182330-0002_rot6.png,1.11E+62
VAR_VIRUS-183203-0004_bright0.8.png,1.11E+62
VAR_VIRUS-183203-0004_bright0.9.png,1.11E+62
VAR_VIRUS-183203-0004_bright1.1.png,1.11E+62
VAR_VIRUS-183203-0004_bright1.2.png,1.11E+62
VAR_VIRUS-183203-0004_bright1.3.png,1.11E+62
VAR_VIRUS-183203-0004_jpeg30.png,1.11E+62
VAR_VIRUS-183203-0004_jpeg50.png,1.11E+62
VAR_VIRUS-183203-0004_jpeg70.png,1.11E+62
VAR_VIRUS-183203-0004_jpeg90.png,1.11E+62
VAR_VIRUS-183203-0004_noise0.001.png,1.11E+62
VAR_VIRUS-183203-0004_noise0.002.png,1.11E+62
VAR_VIRUS-183203-0004_noise0.003.png,1.11E+62
VAR_VIRUS-183203-0004_noise0.004.png,1.11E+62
VAR_VIRUS-183203-0004_noise0.005.png,1.11E+62
VAR_VIRUS-183203-0004_original.png,1.11E+62
VAR_VIRUS-183203-0004_rot1.png,1.11E+62
VAR_VIRUS-183203-0004_rot2.png,1.11E+62
VAR_VIRUS-183203-0004_rot3.png,1.11E+62
VAR_VIRUS-183203-0004_rot4.png,1.11E+62
VAR_VIRUS-183203-0004_rot5.png,1.11E+62
VAR_VIRUS-183203-0004_rot6.png,1.11E+62
VAR_VIRUS-194026-0001_bright0.8.png,1.11E+63
VAR_VIRUS-194026-0001_bright0.9.png,1.11E+63
VAR_VIRUS-194026-0001_bright1.1.png,1.11E+63
VAR_VIRUS-194026-0001_bright1.2.png,1.11E+62
VAR_VIRUS-194026-0001_bright1.3.png,1.11E+62
VAR_VIRUS-194026-0001_jpeg30.png,1.11E+63
VAR_VIRUS-194026-0001_jpeg50.png,1.11E+62
VAR_VIRUS-194026-0001_jpeg70.png,1.11E+62
VAR_VIRUS-194026-0001_jpeg90.png,1.11E+62
VAR_VIRUS-194026-0001_noise0.001.png,1.11E+63
VAR_VIRUS-194026-0001_noise0.002.png,1.11E+63
VAR_VIRUS-194026-0001_noise0.003.png,1.11E+63
VAR_VIRUS-194026-0001_noise0.004.png,1.11E+63
VAR_VIRUS-194026-0001_noise0.005.png,1.11E+63
VAR_VIRUS-194026-0001_original.png,1.11E+63
VAR_VIRUS-194026-0001_rot1.png,1.11E+62
VAR_VIRUS-194026-0001_rot2.png,1.11E+62
VAR_VIRUS-194026-0001_rot3.png,1.11E+62
VAR_VIRUS-194026-0001_rot4.png,1.11E+63
VAR_VIRUS-194026-0001_rot5.png,1.11E+62
VAR_VIRUS-194026-0001_rot6.png,1.11E+62
VAR_VIRUS-198200-0008_bright0.8.png,1.11E+62
VAR_VIRUS-198200-0008_bright0.9.png,1.11E+62
VAR_VIRUS-198200-0008_bright1.1.png,1.11E+62
VAR_VIRUS-198200-0008_bright1.2.png,1.11E+62
VAR_VIRUS-198200-0008_bright1.3.png,1.11E+62
VAR_VIRUS-198200-0008_jpeg30.png,1.11E+62
VAR_VIRUS-198200-0008_jpeg50.png,1.11E+62
VAR_VIRUS-198200-0008_jpeg70.png,1.11E+62
VAR_VIRUS-198200-0008_jpeg90.png,1.11E+62
VAR_VIRUS-198200-0008_noise0.001.png,1.11E+62
VAR_VIRUS-198200-0008_noise0.002.png,1.11E+62
VAR_VIRUS-198200-0008_noise0.003.png,1.11E+62
VAR_VIRUS-198200-0008_noise0.004.png,1.11E+62
VAR_VIRUS-198200-0008_noise0.005.png,1.11E+62
VAR_VIRUS-198200-0008_original.png,1.11E+62
VAR_VIRUS-198200-0008_rot1.png,1.11E+62
VAR_VIRUS-198200-0008_rot2.png,1.11E+62
VAR_VIRUS-198200-0008_rot3.png,1.11E+62
VAR_VIRUS-198200-0008_rot4.png,1.11E+62
VAR_VIRUS-198200-0008_rot5.png,1.11E+62
VAR_VIRUS-198200-0008_rot6.png,1.11E+62
VAR_VIRUS-206525-0002_bright0.8.png,1.01E+62
VAR_VIRUS-206525-0002_bright0.9.png,1.00E+62
VAR_VIRUS-206525-0002_bright1.1.png,1.01E+62
VAR_VIRUS-206525-0002_bright1.2.png,1.00E+62
VAR_VIRUS-206525-0002_bright1.3.png,1.00E+62
VAR_VIRUS-206525-0002_jpeg30.png,1.11E+61
VAR_VIRUS-206525-0002_jpeg50.png,1.11E+62
VAR_VIRUS-206525-0002_jpeg70.png,1.00E+62
VAR_VIRUS-206525-0002_jpeg90.png,1.00E+62
VAR_VIRUS-206525-0002_noise0.001.png,1.00E+62
VAR_VIRUS-206525-0002_noise0.002.png,1.00E+62
VAR_VIRUS-206525-0002_noise0.003.png,1.00E+62
VAR_VIRUS-206525-0002_noise0.004.png,1.00E+62
VAR_VIRUS-206525-0002_noise0.005.png,1.00E+62
VAR_VIRUS-206525-0002_original.png,1.00E+62
VAR_VIRUS-206525-0002_rot1.png,1.00E+62
VAR_VIRUS-206525-0002_rot2.png,1.01E+62
VAR_VIRUS-206525-0002_rot3.png,1.01E+62
VAR_VIRUS-206525-0002_rot4.png,1.01E+62
VAR_VIRUS-206525-0002_rot5.png,1.01E+62
VAR_VIRUS-206525-0002_rot6.png,1.11E+62
VAR_VIRUS-3820211-0001_bright0.8.png,1.11E+62
VAR_VIRUS-3820211-0001_bright0.9.png,1.11E+62
VAR_VIRUS-3820211-0001_bright1.1.png,1.11E+62
VAR_VIRUS-3820211-0001_bright1.2.png,1.01E+62
VAR_VIRUS-3820211-0001_bright1.3.png,1.11E+61
VAR_VIRUS-3820211-0001_jpeg30.png,1.11E+61
VAR_VIRUS-3820211-0001_jpeg50.png,1.11E+62
VAR_VIRUS-3820211-0001_jpeg70.png,1.11E+62
VAR_VIRUS-3820211-0001_jpeg90.png,1.11E+62
VAR_VIRUS-3820211-0001_noise0.001.png,1.11E+62
VAR_VIRUS-3820211-0001_noise0.002.png,1.11E+62
VAR_VIRUS-3820211-0001_noise0.003.png,1.11E+62
VAR_VIRUS-3820211-0001_noise0.004.png,1.11E+62
VAR_VIRUS-3820211-0001_noise0.005.png,1.11E+62
VAR_VIRUS-3820211-0001_original.png,1.11E+62
VAR_VIRUS-3820211-0001_rot1.png,1.01E+62
VAR_VIRUS-3820211-0001_rot2.png,1.00E+62
VAR_VIRUS-3820211-0001_rot3.png,1.01E+62
VAR_VIRUS-3820211-0001_rot4.png,1.01E+62
VAR_VIRUS-3820211-0001_rot5.png,1.11E+62
VAR_VIRUS-3820211-0001_rot6.png,1.11E+62
VAR_VIRUS-3826195-0001_bright0.8.png,1.10E+60
VAR_VIRUS-3826195-0001_bright0.9.png,1.01E+62
VAR_VIRUS-3826195-0001_bright1.1.png,1.00E+60
VAR_VIRUS-3826195-0001_bright1.2.png,1.00E+60
VAR_VIRUS-3826195-0001_bright1.3.png,1.00E+60
VAR_VIRUS-3826195-0001_jpeg30.png,1.11E+62
VAR_VIRUS-3826195-0001_jpeg50.png,1.11E+62
VAR_VIRUS-3826195-0001_jpeg70.png,1.11E+62
VAR_VIRUS-3826195-0001_jpeg90.png,1.01E+62
VAR_VIRUS-3826195-0001_noise0.001.png,1.10E+60
VAR_VIRUS-3826195-0001_noise0.002.png,1.10E+60
VAR_VIRUS-3826195-0001_noise0.003.png,1.10E+60
VAR_VIRUS-3826195-0001_noise0.004.png,1.10E+60
VAR_VIRUS-3826195-0001_noise0.005.png,1.10E+60
VAR_VIRUS-3826195-0001_original.png,1.10E+60
VAR_VIRUS-3826195-0001_rot1.png,1.01E+62
VAR_VIRUS-3826195-0001_rot2.png,1.01E+62
VAR_VIRUS-3826195-0001_rot3.png,1.01E+62
VAR_VIRUS-3826195-0001_rot4.png,1.01E+62
VAR_VIRUS-3826195-0001_rot5.png,1.01E+62
VAR_VIRUS-3826195-0001_rot6.png,1.01E+62
VAR_VIRUS-3828519-0006_bright0.8.png,1.01E+62
VAR_VIRUS-3828519-0006_bright0.9.png,1.01E+62
VAR_VIRUS-3828519-0006_bright1.1.png,1.01E+62
VAR_VIRUS-3828519-0006_bright1.2.png,1.10E+60
VAR_VIRUS-3828519-0006_bright1.3.png,1.10E+60
VAR_VIRUS-3828519-0006_jpeg30.png,1.11E+62
VAR_VIRUS-3828519-0006_jpeg50.png,1.11E+61
VAR_VIRUS-3828519-0006_jpeg70.png,1.11E+62
VAR_VIRUS-3828519-0006_jpeg90.png,1.01E+62
VAR_VIRUS-3828519-0006_noise0.001.png,1.01E+62
VAR_VIRUS-3828519-0006_noise0.002.png,1.01E+62
VAR_VIRUS-3828519-0006_noise0.003.png,1.01E+62
VAR_VIRUS-3828519-0006_noise0.004.png,1.01E+62
VAR_VIRUS-3828519-0006_noise0.005.png,1.01E+62
VAR_VIRUS-3828519-0006_original.png,1.01E+62
VAR_VIRUS-3828519-0006_rot1.png,1.01E+62
VAR_VIRUS-3828519-0006_rot2.png,1.11E+62
VAR_VIRUS-3828519-0006_rot3.png,1.11E+62
VAR_VIRUS-3828519-0006_rot4.png,1.11E+62
VAR_VIRUS-3828519-0006_rot5.png,1.11E+62
VAR_VIRUS-3828519-0006_rot6.png,1.11E+62
VAR_VIRUS-3829565-0002_bright0.8.png,1.11E+62
VAR_VIRUS-3829565-0002_bright0.9.png,1.11E+62
VAR_VIRUS-3829565-0002_bright1.1.png,1.11E+62
VAR_VIRUS-3829565-0002_bright1.2.png,1.11E+62
VAR_VIRUS-3829565-0002_bright1.3.png,1.11E+62
VAR_VIRUS-3829565-0002_jpeg30.png,1.11E+61
VAR_VIRUS-3829565-0002_jpeg50.png,1.11E+61
VAR_VIRUS-3829565-0002_jpeg70.png,1.11E+61
VAR_VIRUS-3829565-0002_jpeg90.png,1.11E+62
VAR_VIRUS-3829565-0002_noise0.001.png,1.11E+62
VAR_VIRUS-3829565-0002_noise0.002.png,1.11E+62
VAR_VIRUS-3829565-0002_noise0.003.png,1.11E+62
VAR_VIRUS-3829565-0002_noise0.004.png,1.11E+62
VAR_VIRUS-3829565-0002_noise0.005.png,1.11E+62
VAR_VIRUS-3829565-0002_original.png,1.11E+62
VAR_VIRUS-3829565-0002_rot1.png,1.11E+62
VAR_VIRUS-3829565-0002_rot2.png,1.11E+62
VAR_VIRUS-3829565-0002_rot3.png,1.11E+62
VAR_VIRUS-3829565-0002_rot4.png,1.11E+62
VAR_VIRUS-3829565-0002_rot5.png,1.11E+62
VAR_VIRUS-3829565-0002_rot6.png,1.10E+62
VAR_VIRUS-3842946-0001_bright0.8.png,1.11E+62
VAR_VIRUS-3842946-0001_bright0.9.png,1.11E+62
VAR_VIRUS-3842946-0001_bright1.1.png,1.11E+62
VAR_VIRUS-3842946-0001_bright1.2.png,1.01E+62
VAR_VIRUS-3842946-0001_bright1.3.png,1.11E+62
VAR_VIRUS-3842946-0001_jpeg30.png,1.11E+62
VAR_VIRUS-3842946-0001_jpeg50.png,1.11E+62
VAR_VIRUS-3842946-0001_jpeg70.png,1.11E+62
VAR_VIRUS-3842946-0001_jpeg90.png,1.11E+62
VAR_VIRUS-3842946-0001_noise0.001.png,1.11E+62
VAR_VIRUS-3842946-0001_noise0.002.png,1.11E+62
VAR_VIRUS-3842946-0001_noise0.003.png,1.11E+62
VAR_VIRUS-3842946-0001_noise0.004.png,1.11E+62
VAR_VIRUS-3842946-0001_noise0.005.png,1.11E+62
VAR_VIRUS-3842946-0001_original.png,1.11E+62
VAR_VIRUS-3842946-0001_rot1.png,1.11E+62
VAR_VIRUS-3842946-0001_rot2.png,1.11E+62
VAR_VIRUS-3842946-0001_rot3.png,1.11E+62
VAR_VIRUS-3842946-0001_rot4.png,1.11E+63
VAR_VIRUS-3842946-0001_rot5.png,1.11E+62
VAR_VIRUS-3842946-0001_rot6.png,1.11E+62
VAR_VIRUS-3874052-0003_bright0.8.png,1.01E+62
VAR_VIRUS-3874052-0003_bright0.9.png,1.01E+62
VAR_VIRUS-3874052-0003_bright1.1.png,1.01E+62
VAR_VIRUS-3874052-0003_bright1.2.png,1.11E+62
VAR_VIRUS-3874052-0003_bright1.3.png,1.11E+62
VAR_VIRUS-3874052-0003_jpeg30.png,1.11E+62
VAR_VIRUS-3874052-0003_jpeg50.png,1.11E+62
VAR_VIRUS-3874052-0003_jpeg70.png,1.11E+62
VAR_VIRUS-3874052-0003_jpeg90.png,1.01E+62
VAR_VIRUS-3874052-0003_noise0.001.png,1.01E+62
VAR_VIRUS-3874052-0003_noise0.002.png,1.01E+62
VAR_VIRUS-3874052-0003_noise0.003.png,1.01E+62
VAR_VIRUS-3874052-0003_noise0.004.png,1.01E+62
VAR_VIRUS-3874052-0003_noise0.005.png,1.01E+62
VAR_VIRUS-3874052-0003_original.png,1.01E+62
VAR_VIRUS-3874052-0003_rot1.png,1.10E+63
VAR_VIRUS-3874052-0003_rot2.png,1.01E+62
VAR_VIRUS-3874052-0003_rot3.png,1.00E+62
VAR_VIRUS-3874052-0003_rot4.png,1.10E+63
VAR_VIRUS-3874052-0003_rot5.png,1.00E+62
VAR_VIRUS-3874052-0003_rot6.png,1.10E+63
VAR_VIRUS-3879015-0003_bright0.8.png,1.11E+62
VAR_VIRUS-3879015-0003_bright0.9.png,1.11E+62
VAR_VIRUS-3879015-0003_bright1.1.png,1.11E+62
VAR_VIRUS-3879015-0003_bright1.2.png,1.11E+62
VAR_VIRUS-3879015-0003_bright1.3.png,1.11E+62
VAR_VIRUS-3879015-0003_jpeg30.png,1.11E+62
VAR_VIRUS-3879015-0003_jpeg50.png,1.11E+62
VAR_VIRUS-3879015-0003_jpeg70.png,1.11E+62
VAR_VIRUS-3879015-0003_jpeg90.png,1.11E+62
VAR_VIRUS-3879015-0003_noise0.001.png,1.11E+62
VAR_VIRUS-3879015-0003_noise0.002.png,1.11E+62
VAR_VIRUS-3879015-0003_noise0.003.png,1.11E+62
VAR_VIRUS-3879015-0003_noise0.004.png,1.11E+62
VAR_VIRUS-3879015-0003_noise0.005.png,1.11E+62
VAR_VIRUS-3879015-0003_original.png,1.11E+62
VAR_VIRUS-3879015-0003_rot1.png,1.11E+62
VAR_VIRUS-3879015-0003_rot2.png,1.11E+62
VAR_VIRUS-3879015-0003_rot3.png,1.11E+62
VAR_VIRUS-3879015-0003_rot4.png,1.11E+62
VAR_VIRUS-3879015-0003_rot5.png,1.11E+62
VAR_VIRUS-3879015-0003_rot6.png,1.11E+62
VAR_VIRUS-3884102-0002_bright0.8.png,1.01E+62
VAR_VIRUS-3884102-0002_bright0.9.png,1.00E+62
VAR_VIRUS-3884102-0002_bright1.1.png,1.00E+62
VAR_VIRUS-3884102-0002_bright1.2.png,1.00E+62
VAR_VIRUS-3884102-0002_bright1.3.png,1.01E+62
VAR_VIRUS-3884102-0002_jpeg30.png,1.11E+62
VAR_VIRUS-3884102-0002_jpeg50.png,1.01E+62
VAR_VIRUS-3884102-0002_jpeg70.png,1.01E+62
VAR_VIRUS-3884102-0002_jpeg90.png,1.00E+62
VAR_VIRUS-3884102-0002_noise0.001.png,1.00E+62
VAR_VIRUS-3884102-0002_noise0.002.png,1.00E+62
VAR_VIRUS-3884102-0002_noise0.003.png,1.00E+62
VAR_VIRUS-3884102-0002_noise0.004.png,1.00E+62
VAR_VIRUS-3884102-0002_noise0.005.png,1.00E+62
VAR_VIRUS-3884102-0002_original.png,1.00E+62
VAR_VIRUS-3884102-0002_rot1.png,1.10E+63
VAR_VIRUS-3884102-0002_rot2.png,1.00E+62
VAR_VIRUS-3884102-0002_rot3.png,1.01E+62
VAR_VIRUS-3884102-0002_rot4.png,1.11E+62
VAR_VIRUS-3884102-0002_rot5.png,1.01E+62
VAR_VIRUS-3884102-0002_rot6.png,1.01E+62
VAR_VIRUS-3887361-0002_bright0.8.png,1.11E+62
VAR_VIRUS-3887361-0002_bright0.9.png,1.11E+62
VAR_VIRUS-3887361-0002_bright1.1.png,1.11E+62
VAR_VIRUS-3887361-0002_bright1.2.png,1.11E+62
VAR_VIRUS-3887361-0002_bright1.3.png,1.01E+62
VAR_VIRUS-3887361-0002_jpeg30.png,1.11E+62
VAR_VIRUS-3887361-0002_jpeg50.png,1.11E+62
VAR_VIRUS-3887361-0002_jpeg70.png,1.11E+62
VAR_VIRUS-3887361-0002_jpeg90.png,1.11E+62
VAR_VIRUS-3887361-0002_noise0.001.png,1.11E+62
VAR_VIRUS-3887361-0002_noise0.002.png,1.01E+62
VAR_VIRUS-3887361-0002_noise0.003.png,1.11E+62
VAR_VIRUS-3887361-0002_noise0.004.png,1.11E+62
VAR_VIRUS-3887361-0002_noise0.005.png,1.11E+62
VAR_VIRUS-3887361-0002_original.png,1.11E+62
VAR_VIRUS-3887361-0002_rot1.png,1.01E+62
VAR_VIRUS-3887361-0002_rot2.png,1.11E+62
VAR_VIRUS-3887361-0002_rot3.png,1.11E+62
VAR_VIRUS-3887361-0002_rot4.png,1.11E+62
VAR_VIRUS-3887361-0002_rot5.png,1.11E+62
VAR_VIRUS-3887361-0002_rot6.png,1.11E+62
VAR_VIRUS-3887361-0003_bright0.8.png,1.00E+62
VAR_VIRUS-3887361-0003_bright0.9.png,1.00E+62
VAR_VIRUS-3887361-0003_bright1.1.png,1.00E+62
VAR_VIRUS-3887361-0003_bright1.2.png,1.00E+62
VAR_VIRUS-3887361-0003_bright1.3.png,1.00E+48
VAR_VIRUS-3887361-0003_jpeg30.png,1.11E+61
VAR_VIRUS-3887361-0003_jpeg50.png,1.11E+61
VAR_VIRUS-3887361-0003_jpeg70.png,1.11E+62
VAR_VIRUS-3887361-0003_jpeg90.png,1.00E+62
VAR_VIRUS-3887361-0003_noise0.001.png,1.00E+62
VAR_VIRUS-3887361-0003_noise0.002.png,1.00E+62
VAR_VIRUS-3887361-0003_noise0.003.png,1.00E+62
VAR_VIRUS-3887361-0003_noise0.004.png,1.00E+62
VAR_VIRUS-3887361-0003_noise0.005.png,1.00E+62
VAR_VIRUS-3887361-0003_original.png,1.00E+62
VAR_VIRUS-3887361-0003_rot1.png,1.10E+62
VAR_VIRUS-3887361-0003_rot2.png,1.00E+62
VAR_VIRUS-3887361-0003_rot3.png,1.11E+63
VAR_VIRUS-3887361-0003_rot4.png,1.10E+62
VAR_VIRUS-3887361-0003_rot5.png,1.11E+62
VAR_VIRUS-3887361-0003_rot6.png,1.10E+62
VAR_VIRUS-3893778-0004_bright0.8.png,1.11E+62
VAR_VIRUS-3893778-0004_bright0.9.png,1.01E+62
VAR_VIRUS-3893778-0004_bright1.1.png,1.01E+62
VAR_VIRUS-3893778-0004_bright1.2.png,1.01E+62
VAR_VIRUS-3893778-0004_bright1.3.png,1.01E+62
VAR_VIRUS-3893778-0004_jpeg30.png,1.11E+62
VAR_VIRUS-3893778-0004_jpeg50.png,1.11E+62
VAR_VIRUS-3893778-0004_jpeg70.png,1.11E+63
VAR_VIRUS-3893778-0004_jpeg90.png,1.11E+62
VAR_VIRUS-3893778-0004_noise0.001.png,1.01E+62
VAR_VIRUS-3893778-0004_noise0.002.png,1.01E+62
VAR_VIRUS-3893778-0004_noise0.003.png,1.01E+62
VAR_VIRUS-3893778-0004_noise0.004.png,1.01E+62
VAR_VIRUS-3893778-0004_noise0.005.png,1.01E+62
VAR_VIRUS-3893778-0004_original.png,1.01E+62
VAR_VIRUS-3893778-0004_rot1.png,1.01E+62
VAR_VIRUS-3893778-0004_rot2.png,1.11E+62
VAR_VIRUS-3893778-0004_rot3.png,1.11E+63
VAR_VIRUS-3893778-0004_rot4.png,1.11E+63
VAR_VIRUS-3893778-0004_rot5.png,1.11E+63
VAR_VIRUS-3893778-0004_rot6.png,1.11E+62
VAR_VIRUS-3896078-0001_bright0.8.png,1.01E+62
VAR_VIRUS-3896078-0001_bright0.9.png,1.00E+62
VAR_VIRUS-3896078-0001_bright1.1.png,1.00E+62
VAR_VIRUS-3896078-0001_bright1.2.png,1.00E+62
VAR_VIRUS-3896078-0001_bright1.3.png,1.00E+62
VAR_VIRUS-3896078-0001_jpeg30.png,1.11E+61
VAR_VIRUS-3896078-0001_jpeg50.png,1.11E+62
VAR_VIRUS-3896078-0001_jpeg70.png,1.11E+61
VAR_VIRUS-3896078-0001_jpeg90.png,1.00E+62
VAR_VIRUS-3896078-0001_noise0.001.png,1.00E+62
VAR_VIRUS-3896078-0001_noise0.002.png,1.00E+62
VAR_VIRUS-3896078-0001_noise0.003.png,1.00E+62
VAR_VIRUS-3896078-0001_noise0.004.png,1.00E+62
VAR_VIRUS-3896078-0001_noise0.005.png,1.00E+62
VAR_VIRUS-3896078-0001_original.png,1.00E+62
VAR_VIRUS-3896078-0001_rot1.png,1.00E+62
VAR_VIRUS-3896078-0001_rot2.png,1.00E+62
VAR_VIRUS-3896078-0001_rot3.png,1.01E+62
VAR_VIRUS-3896078-0001_rot4.png,1.00E+62
VAR_VIRUS-3896078-0001_rot5.png,1.01E+62
VAR_VIRUS-3896078-0001_rot6.png,1.01E+62
VAR_VIRUS-3896078-0002_bright0.8.png,1.00E+62
VAR_VIRUS-3896078-0002_bright0.9.png,1.00E+62
VAR_VIRUS-3896078-0002_bright1.1.png,1.00E+62
VAR_VIRUS-3896078-0002_bright1.2.png,1.00E+62
VAR_VIRUS-3896078-0002_bright1.3.png,1.00E+62
VAR_VIRUS-3896078-0002_jpeg30.png,1.11E+61
VAR_VIRUS-3896078-0002_jpeg50.png,1.11E+62
VAR_VIRUS-3896078-0002_jpeg70.png,1.11E+62
VAR_VIRUS-3896078-0002_jpeg90.png,1.01E+62
VAR_VIRUS-3896078-0002_noise0.001.png,1.00E+62
VAR_VIRUS-3896078-0002_noise0.002.png,1.00E+62
VAR_VIRUS-3896078-0002_noise0.003.png,1.00E+62
VAR_VIRUS-3896078-0002_noise0.004.png,1.00E+62
VAR_VIRUS-3896078-0002_noise0.005.png,1.00E+62
VAR_VIRUS-3896078-0002_original.png,1.00E+62
VAR_VIRUS-3896078-0002_rot1.png,1.00E+62
VAR_VIRUS-3896078-0002_rot2.png,1.00E+62
VAR_VIRUS-3896078-0002_rot3.png,1.00E+62
VAR_VIRUS-3896078-0002_rot4.png,1.00E+62
VAR_VIRUS-3896078-0002_rot5.png,1.00E+62
VAR_VIRUS-3896078-0002_rot6.png,1.00E+62
VAR_VIRUS-3896855-0002_bright0.8.png,1.11E+62
VAR_VIRUS-3896855-0002_bright0.9.png,1.11E+62
VAR_VIRUS-3896855-0002_bright1.1.png,1.11E+62
VAR_VIRUS-3896855-0002_bright1.2.png,1.11E+62
VAR_VIRUS-3896855-0002_bright1.3.png,1.11E+62
VAR_VIRUS-3896855-0002_jpeg30.png,1.11E+62
VAR_VIRUS-3896855-0002_jpeg50.png,1.11E+62
VAR_VIRUS-3896855-0002_jpeg70.png,1.11E+62
VAR_VIRUS-3896855-0002_jpeg90.png,1.11E+62
VAR_VIRUS-3896855-0002_noise0.001.png,1.11E+62
VAR_VIRUS-3896855-0002_noise0.002.png,1.11E+62
VAR_VIRUS-3896855-0002_noise0.003.png,1.11E+62
VAR_VIRUS-3896855-0002_noise0.004.png,1.11E+62
VAR_VIRUS-3896855-0002_noise0.005.png,1.11E+62
VAR_VIRUS-3896855-0002_original.png,1.11E+62
VAR_VIRUS-3896855-0002_rot1.png,1.11E+62
VAR_VIRUS-3896855-0002_rot2.png,1.11E+62
VAR_VIRUS-3896855-0002_rot3.png,1.11E+62
VAR_VIRUS-3896855-0002_rot4.png,1.11E+62
VAR_VIRUS-3896855-0002_rot5.png,1.11E+62
VAR_VIRUS-3896855-0002_rot6.png,1.01E+62
VAR_VIRUS-3911488-0003_bright0.8.png,1.00E+62
VAR_VIRUS-3911488-0003_bright0.9.png,1.00E+62
VAR_VIRUS-3911488-0003_bright1.1.png,1.00E+62
VAR_VIRUS-3911488-0003_bright1.2.png,1.00E+62
VAR_VIRUS-3911488-0003_bright1.3.png,1.00E+62
VAR_VIRUS-3911488-0003_jpeg30.png,1.11E+61
VAR_VIRUS-3911488-0003_jpeg50.png,1.01E+60
VAR_VIRUS-3911488-0003_jpeg70.png,1.01E+60
VAR_VIRUS-3911488-0003_jpeg90.png,1.00E+62
VAR_VIRUS-3911488-0003_noise0.001.png,1.00E+55
VAR_VIRUS-3911488-0003_noise0.002.png,1.00E+55
VAR_VIRUS-3911488-0003_noise0.003.png,1.00E+55
VAR_VIRUS-3911488-0003_noise0.004.png,1.00E+55
VAR_VIRUS-3911488-0003_noise0.005.png,1.00E+55
VAR_VIRUS-3911488-0003_original.png,1.00E+55
VAR_VIRUS-3911488-0003_rot1.png,1.00E+62
VAR_VIRUS-3911488-0003_rot2.png,1.00E+62
VAR_VIRUS-3911488-0003_rot3.png,1.00E+62
VAR_VIRUS-3911488-0003_rot4.png,1.00E+62
VAR_VIRUS-3911488-0003_rot5.png,1.00E+62
VAR_VIRUS-3911488-0003_rot6.png,1.00E+62
VAR_VIRUS-3920690-0002_bright0.8.png,1.00E+62
VAR_VIRUS-3920690-0002_bright0.9.png,1.00E+62
VAR_VIRUS-3920690-0002_bright1.1.png,1.00E+62
VAR_VIRUS-3920690-0002_bright1.2.png,1.00E+62
VAR_VIRUS-3920690-0002_bright1.3.png,1.00E+62
VAR_VIRUS-3920690-0002_jpeg30.png,1.11E+61
VAR_VIRUS-3920690-0002_jpeg50.png,1.11E+62
VAR_VIRUS-3920690-0002_jpeg70.png,1.10E+61
VAR_VIRUS-3920690-0002_jpeg90.png,1.00E+62
VAR_VIRUS-3920690-0002_noise0.001.png,1.00E+62
VAR_VIRUS-3920690-0002_noise0.002.png,1.00E+62
VAR_VIRUS-3920690-0002_noise0.003.png,1.00E+62
VAR_VIRUS-3920690-0002_noise0.004.png,1.00E+62
VAR_VIRUS-3920690-0002_noise0.005.png,1.00E+62
VAR_VIRUS-3920690-0002_original.png,1.00E+62
VAR_VIRUS-3920690-0002_rot1.png,1.10E+63
VAR_VIRUS-3920690-0002_rot2.png,1.10E+63
VAR_VIRUS-3920690-0002_rot3.png,1.11E+62
VAR_VIRUS-3920690-0002_rot4.png,1.11E+62
VAR_VIRUS-3920690-0002_rot5.png,1.11E+62
VAR_VIRUS-3920690-0002_rot6.png,1.11E+62
VAR_VIRUS-3923358-0002_bright0.8.png,1.01E+62
VAR_VIRUS-3923358-0002_bright0.9.png,1.01E+62
VAR_VIRUS-3923358-0002_bright1.1.png,1.00E+62
VAR_VIRUS-3923358-0002_bright1.2.png,1.01E+62
VAR_VIRUS-3923358-0002_bright1.3.png,1.01E+62
VAR_VIRUS-3923358-0002_jpeg30.png,1.11E+61
VAR_VIRUS-3923358-0002_jpeg50.png,1.11E+61
VAR_VIRUS-3923358-0002_jpeg70.png,1.11E+62
VAR_VIRUS-3923358-0002_jpeg90.png,1.01E+62
VAR_VIRUS-3923358-0002_noise0.001.png,1.01E+62
VAR_VIRUS-3923358-0002_noise0.002.png,1.01E+62
VAR_VIRUS-3923358-0002_noise0.003.png,1.01E+62
VAR_VIRUS-3923358-0002_noise0.004.png,1.01E+62
VAR_VIRUS-3923358-0002_noise0.005.png,1.01E+62
VAR_VIRUS-3923358-0002_original.png,1.01E+62
VAR_VIRUS-3923358-0002_rot1.png,1.01E+62
VAR_VIRUS-3923358-0002_rot2.png,1.01E+62
VAR_VIRUS-3923358-0002_rot3.png,1.01E+62
VAR_VIRUS-3923358-0002_rot4.png,1.01E+62
VAR_VIRUS-3923358-0002_rot5.png,1.01E+62
VAR_VIRUS-3923358-0002_rot6.png,1.01E+62
VAR_VIRUS-3932811-0002_bright0.8.png,1.11E+62
VAR_VIRUS-3932811-0002_bright0.9.png,1.11E+61
VAR_VIRUS-3932811-0002_bright1.1.png,1.11E+61
VAR_VIRUS-3932811-0002_bright1.2.png,1.11E+61
VAR_VIRUS-3932811-0002_bright1.3.png,1.11E+61
VAR_VIRUS-3932811-0002_jpeg30.png,1.11E+62
VAR_VIRUS-3932811-0002_jpeg50.png,1.11E+62
VAR_VIRUS-3932811-0002_jpeg70.png,1.11E+61
VAR_VIRUS-3932811-0002_jpeg90.png,1.11E+61
VAR_VIRUS-3932811-0002_noise0.001.png,1.11E+61
VAR_VIRUS-3932811-0002_noise0.002.png,1.11E+61
VAR_VIRUS-3932811-0002_noise0.003.png,1.11E+62
VAR_VIRUS-3932811-0002_noise0.004.png,1.11E+61
VAR_VIRUS-3932811-0002_noise0.005.png,1.11E+61
VAR_VIRUS-3932811-0002_original.png,1.11E+62
VAR_VIRUS-3932811-0002_rot1.png,1.11E+61
VAR_VIRUS-3932811-0002_rot2.png,1.11E+61
VAR_VIRUS-3932811-0002_rot3.png,1.11E+61
VAR_VIRUS-3932811-0002_rot4.png,1.11E+61
VAR_VIRUS-3932811-0002_rot5.png,1.11E+61
VAR_VIRUS-3932811-0002_rot6.png,1.11E+61
VAR_VIRUS-3932811-0003_bright0.8.png,1.11E+61
VAR_VIRUS-3932811-0003_bright0.9.png,1.11E+61
VAR_VIRUS-3932811-0003_bright1.1.png,1.11E+61
VAR_VIRUS-3932811-0003_bright1.2.png,1.11E+61
VAR_VIRUS-3932811-0003_bright1.3.png,1.11E+61
VAR_VIRUS-3932811-0003_jpeg30.png,1.01E+63
VAR_VIRUS-3932811-0003_jpeg50.png,1.11E+63
VAR_VIRUS-3932811-0003_jpeg70.png,1.11E+63
VAR_VIRUS-3932811-0003_jpeg90.png,1.01E+63
VAR_VIRUS-3932811-0003_noise0.001.png,1.11E+61
VAR_VIRUS-3932811-0003_noise0.002.png,1.11E+61
VAR_VIRUS-3932811-0003_noise0.003.png,1.11E+61
VAR_VIRUS-3932811-0003_noise0.004.png,1.11E+61
VAR_VIRUS-3932811-0003_noise0.005.png,1.11E+61
VAR_VIRUS-3932811-0003_original.png,1.11E+61
VAR_VIRUS-3932811-0003_rot1.png,1.11E+63
VAR_VIRUS-3932811-0003_rot2.png,1.11E+63
VAR_VIRUS-3932811-0003_rot3.png,1.11E+63
VAR_VIRUS-3932811-0003_rot4.png,1.11E+63
VAR_VIRUS-3932811-0003_rot5.png,1.01E+63
VAR_VIRUS-3932811-0003_rot6.png,1.01E+63
VAR_VIRUS-3935703-0002_bright0.8.png,1.11E+62
VAR_VIRUS-3935703-0002_bright0.9.png,1.11E+62
VAR_VIRUS-3935703-0002_bright1.1.png,1.11E+62
VAR_VIRUS-3935703-0002_bright1.2.png,1.11E+62
VAR_VIRUS-3935703-0002_bright1.3.png,1.11E+62
VAR_VIRUS-3935703-0002_jpeg30.png,1.11E+61
VAR_VIRUS-3935703-0002_jpeg50.png,1.11E+62
VAR_VIRUS-3935703-0002_jpeg70.png,1.11E+61
VAR_VIRUS-3935703-0002_jpeg90.png,1.11E+62
VAR_VIRUS-3935703-0002_noise0.001.png,1.11E+62
VAR_VIRUS-3935703-0002_noise0.002.png,1.11E+62
VAR_VIRUS-3935703-0002_noise0.003.png,1.11E+62
VAR_VIRUS-3935703-0002_noise0.004.png,1.11E+62
VAR_VIRUS-3935703-0002_noise0.005.png,1.11E+62
VAR_VIRUS-3935703-0002_original.png,1.11E+62
VAR_VIRUS-3935703-0002_rot1.png,1.11E+62
VAR_VIRUS-3935703-0002_rot2.png,1.11E+61
VAR_VIRUS-3935703-0002_rot3.png,1.11E+62
VAR_VIRUS-3935703-0002_rot4.png,1.11E+62
VAR_VIRUS-3935703-0002_rot5.png,1.11E+61
VAR_VIRUS-3935703-0002_rot6.png,1.11E+62
VAR_VIRUS-3956374-0003_bright0.8.png,1.01E+62
VAR_VIRUS-3956374-0003_bright0.9.png,1.01E+62
VAR_VIRUS-3956374-0003_bright1.1.png,1.01E+62
VAR_VIRUS-3956374-0003_bright1.2.png,1.01E+62
VAR_VIRUS-3956374-0003_bright1.3.png,1.01E+62
VAR_VIRUS-3956374-0003_jpeg30.png,1.11E+61
VAR_VIRUS-3956374-0003_jpeg50.png,1.11E+61
VAR_VIRUS-3956374-0003_jpeg70.png,1.11E+62
VAR_VIRUS-3956374-0003_jpeg90.png,1.01E+62
VAR_VIRUS-3956374-0003_noise0.001.png,1.01E+62
VAR_VIRUS-3956374-0003_noise0.002.png,1.01E+62
VAR_VIRUS-3956374-0003_noise0.003.png,1.01E+62
VAR_VIRUS-3956374-0003_noise0.004.png,1.01E+62
VAR_VIRUS-3956374-0003_noise0.005.png,1.01E+62
VAR_VIRUS-3956374-0003_original.png,1.01E+62
VAR_VIRUS-3956374-0003_rot1.png,1.11E+62
VAR_VIRUS-3956374-0003_rot2.png,1.11E+62
VAR_VIRUS-3956374-0003_rot3.png,1.11E+62
VAR_VIRUS-3956374-0003_rot4.png,1.11E+62
VAR_VIRUS-3956374-0003_rot5.png,1.11E+62
VAR_VIRUS-3956374-0003_rot6.png,1.11E+62
VAR_VIRUS-3960255-0002_bright0.8.png,1.11E+62
VAR_VIRUS-3960255-0002_bright0.9.png,1.11E+62
VAR_VIRUS-3960255-0002_bright1.1.png,1.11E+62
VAR_VIRUS-3960255-0002_bright1.2.png,1.11E+62
VAR_VIRUS-3960255-0002_bright1.3.png,1.11E+62
VAR_VIRUS-3960255-0002_jpeg30.png,1.11E+62
VAR_VIRUS-3960255-0002_jpeg50.png,1.11E+62
VAR_VIRUS-3960255-0002_jpeg70.png,1.11E+62
VAR_VIRUS-3960255-0002_jpeg90.png,1.11E+62
VAR_VIRUS-3960255-0002_noise0.001.png,1.11E+62
VAR_VIRUS-3960255-0002_noise0.002.png,1.11E+62
VAR_VIRUS-3960255-0002_noise0.003.png,1.11E+62
VAR_VIRUS-3960255-0002_noise0.004.png,1.11E+62
VAR_VIRUS-3960255-0002_noise0.005.png,1.11E+62
VAR_VIRUS-3960255-0002_original.png,1.11E+62
VAR_VIRUS-3960255-0002_rot1.png,1.11E+62
VAR_VIRUS-3960255-0002_rot2.png,1.11E+62
VAR_VIRUS-3960255-0002_rot3.png,1.11E+61
VAR_VIRUS-3960255-0002_rot4.png,1.11E+61
VAR_VIRUS-3960255-0002_rot5.png,1.11E+62
VAR_VIRUS-3960255-0002_rot6.png,1.11E+62
VAR_VIRUS-3966302-0002_bright0.8.png,1.11E+62
VAR_VIRUS-3966302-0002_bright0.9.png,1.11E+62
VAR_VIRUS-3966302-0002_bright1.1.png,1.11E+62
VAR_VIRUS-3966302-0002_bright1.2.png,1.11E+62
VAR_VIRUS-3966302-0002_bright1.3.png,1.11E+62
VAR_VIRUS-3966302-0002_jpeg30.png,1.11E+62
VAR_VIRUS-3966302-0002_jpeg50.png,1.11E+62
VAR_VIRUS-3966302-0002_jpeg70.png,1.11E+62
VAR_VIRUS-3966302-0002_jpeg90.png,1.11E+61
VAR_VIRUS-3966302-0002_noise0.001.png,1.11E+62
VAR_VIRUS-3966302-0002_noise0.002.png,1.11E+62
VAR_VIRUS-3966302-0002_noise0.003.png,1.11E+62
VAR_VIRUS-3966302-0002_noise0.004.png,1.11E+62
VAR_VIRUS-3966302-0002_noise0.005.png,1.11E+62
VAR_VIRUS-3966302-0002_original.png,1.11E+62
VAR_VIRUS-3966302-0002_rot1.png,1.11E+62
VAR_VIRUS-3966302-0002_rot2.png,1.11E+62
VAR_VIRUS-3966302-0002_rot3.png,1.11E+62
VAR_VIRUS-3966302-0002_rot4.png,1.11E+62
VAR_VIRUS-3966302-0002_rot5.png,1.11E+62
VAR_VIRUS-3966302-0002_rot6.png,1.11E+62
VAR_VIRUS-3971909-0002_bright0.8.png,1.01E+62
VAR_VIRUS-3971909-0002_bright0.9.png,1.01E+62
VAR_VIRUS-3971909-0002_bright1.1.png,1.00E+62
VAR_VIRUS-3971909-0002_bright1.2.png,1.01E+62
VAR_VIRUS-3971909-0002_bright1.3.png,1.01E+62
VAR_VIRUS-3971909-0002_jpeg30.png,1.11E+61
VAR_VIRUS-3971909-0002_jpeg50.png,1.11E+62
VAR_VIRUS-3971909-0002_jpeg70.png,1.01E+62
VAR_VIRUS-3971909-0002_jpeg90.png,1.01E+62
VAR_VIRUS-3971909-0002_noise0.001.png,1.00E+62
VAR_VIRUS-3971909-0002_noise0.002.png,1.00E+62
VAR_VIRUS-3971909-0002_noise0.003.png,1.00E+62
VAR_VIRUS-3971909-0002_noise0.004.png,1.00E+62
VAR_VIRUS-3971909-0002_noise0.005.png,1.00E+62
VAR_VIRUS-3971909-0002_original.png,1.00E+62
VAR_VIRUS-3971909-0002_rot1.png,1.01E+62
VAR_VIRUS-3971909-0002_rot2.png,1.00E+62
VAR_VIRUS-3971909-0002_rot3.png,1.00E+62
VAR_VIRUS-3971909-0002_rot4.png,1.01E+62
VAR_VIRUS-3971909-0002_rot5.png,1.01E+62
VAR_VIRUS-3971909-0002_rot6.png,1.01E+62
VAR_VIRUS-3973430-0001_bright0.8.png,1.11E+62
VAR_VIRUS-3973430-0001_bright0.9.png,1.11E+62
VAR_VIRUS-3973430-0001_bright1.1.png,1.11E+62
VAR_VIRUS-3973430-0001_bright1.2.png,1.11E+62
VAR_VIRUS-3973430-0001_bright1.3.png,1.11E+62
VAR_VIRUS-3973430-0001_jpeg30.png,1.11E+62
VAR_VIRUS-3973430-0001_jpeg50.png,1.11E+62
VAR_VIRUS-3973430-0001_jpeg70.png,1.11E+62
VAR_VIRUS-3973430-0001_jpeg90.png,1.10E+61
VAR_VIRUS-3973430-0001_noise0.001.png,1.11E+62
VAR_VIRUS-3973430-0001_noise0.002.png,1.11E+62
VAR_VIRUS-3973430-0001_noise0.003.png,1.11E+62
VAR_VIRUS-3973430-0001_noise0.004.png,1.11E+62
VAR_VIRUS-3973430-0001_noise0.005.png,1.11E+62
VAR_VIRUS-3973430-0001_original.png,1.11E+62
VAR_VIRUS-3973430-0001_rot1.png,1.11E+62
VAR_VIRUS-3973430-0001_rot2.png,1.11E+62
VAR_VIRUS-3973430-0001_rot3.png,1.11E+62
VAR_VIRUS-3973430-0001_rot4.png,1.11E+62
VAR_VIRUS-3973430-0001_rot5.png,1.11E+62
VAR_VIRUS-3973430-0001_rot6.png,1.11E+62
VAR_VIRUS-3974793-0002_bright0.8.png,1.01E+62
VAR_VIRUS-3974793-0002_bright0.9.png,1.01E+62
VAR_VIRUS-3974793-0002_bright1.1.png,1.01E+62
VAR_VIRUS-3974793-0002_bright1.2.png,1.11E+62
VAR_VIRUS-3974793-0002_bright1.3.png,1.10E+60
VAR_VIRUS-3974793-0002_jpeg30.png,1.11E+62
VAR_VIRUS-3974793-0002_jpeg50.png,1.11E+62
VAR_VIRUS-3974793-0002_jpeg70.png,1.11E+62
VAR_VIRUS-3974793-0002_jpeg90.png,1.01E+62
VAR_VIRUS-3974793-0002_noise0.001.png,1.01E+62
VAR_VIRUS-3974793-0002_noise0.002.png,1.01E+62
VAR_VIRUS-3974793-0002_noise0.003.png,1.01E+62
VAR_VIRUS-3974793-0002_noise0.004.png,1.01E+62
VAR_VIRUS-3974793-0002_noise0.005.png,1.01E+62
VAR_VIRUS-3974793-0002_original.png,1.01E+62
VAR_VIRUS-3974793-0002_rot1.png,1.01E+62
VAR_VIRUS-3974793-0002_rot2.png,1.11E+62
VAR_VIRUS-3974793-0002_rot3.png,1.11E+62
VAR_VIRUS-3974793-0002_rot4.png,1.11E+62
VAR_VIRUS-3974793-0002_rot5.png,1.11E+62
VAR_VIRUS-3974793-0002_rot6.png,1.11E+62
VAR_VIRUS-4003398-0002_bright0.8.png,1.01E+62
VAR_VIRUS-4003398-0002_bright0.9.png,1.01E+62
VAR_VIRUS-4003398-0002_bright1.1.png,1.00E+62
VAR_VIRUS-4003398-0002_bright1.2.png,1.00E+62
VAR_VIRUS-4003398-0002_bright1.3.png,1.00E+62
VAR_VIRUS-4003398-0002_jpeg30.png,1.11E+62
VAR_VIRUS-4003398-0002_jpeg50.png,1.11E+62
VAR_VIRUS-4003398-0002_jpeg70.png,1.11E+62
VAR_VIRUS-4003398-0002_jpeg90.png,1.01E+62
VAR_VIRUS-4003398-0002_noise0.001.png,1.00E+62
VAR_VIRUS-4003398-0002_noise0.002.png,1.00E+62
VAR_VIRUS-4003398-0002_noise0.003.png,1.00E+62
VAR_VIRUS-4003398-0002_noise0.004.png,1.00E+62
VAR_VIRUS-4003398-0002_noise0.005.png,1.00E+62
VAR_VIRUS-4003398-0002_original.png,1.00E+62
VAR_VIRUS-4003398-0002_rot1.png,1.01E+62
VAR_VIRUS-4003398-0002_rot2.png,1.01E+62
VAR_VIRUS-4003398-0002_rot3.png,1.01E+62
VAR_VIRUS-4003398-0002_rot4.png,1.01E+62
VAR_VIRUS-4003398-0002_rot5.png,1.01E+62
VAR_VIRUS-4003398-0002_rot6.png,1.01E+62
VAR_VIRUS-4016460-0005_bright0.8.png,1.11E+62
VAR_VIRUS-4016460-0005_bright0.9.png,1.11E+62
VAR_VIRUS-4016460-0005_bright1.1.png,1.11E+62
VAR_VIRUS-4016460-0005_bright1.2.png,1.11E+62
VAR_VIRUS-4016460-0005_bright1.3.png,1.11E+62
VAR_VIRUS-4016460-0005_jpeg30.png,1.11E+62
VAR_VIRUS-4016460-0005_jpeg50.png,1.11E+62
VAR_VIRUS-4016460-0005_jpeg70.png,1.11E+62
VAR_VIRUS-4016460-0005_jpeg90.png,1.11E+62
VAR_VIRUS-4016460-0005_noise0.001.png,1.11E+62
VAR_VIRUS-4016460-0005_noise0.002.png,1.11E+62
VAR_VIRUS-4016460-0005_noise0.003.png,1.11E+62
VAR_VIRUS-4016460-0005_noise0.004.png,1.11E+62
VAR_VIRUS-4016460-0005_noise0.005.png,1.11E+62
VAR_VIRUS-4016460-0005_original.png,1.11E+62
VAR_VIRUS-4016460-0005_rot1.png,1.11E+62
VAR_VIRUS-4016460-0005_rot2.png,1.11E+62
VAR_VIRUS-4016460-0005_rot3.png,1.11E+62
VAR_VIRUS-4016460-0005_rot4.png,1.11E+62
VAR_VIRUS-4016460-0005_rot5.png,1.11E+62
VAR_VIRUS-4016460-0005_rot6.png,1.11E+62
VAR_VIRUS-4041959-0002_bright0.8.png,1.11E+62
VAR_VIRUS-4041959-0002_bright0.9.png,1.11E+62
VAR_VIRUS-4041959-0002_bright1.1.png,1.11E+62
VAR_VIRUS-4041959-0002_bright1.2.png,1.11E+62
VAR_VIRUS-4041959-0002_bright1.3.png,1.11E+62
VAR_VIRUS-4041959-0002_jpeg30.png,1.11E+61
VAR_VIRUS-4041959-0002_jpeg50.png,1.11E+62
VAR_VIRUS-4041959-0002_jpeg70.png,1.11E+62
VAR_VIRUS-4041959-0002_jpeg90.png,1.11E+62
VAR_VIRUS-4041959-0002_noise0.001.png,1.11E+62
VAR_VIRUS-4041959-0002_noise0.002.png,1.11E+62
VAR_VIRUS-4041959-0002_noise0.003.png,1.11E+62
VAR_VIRUS-4041959-0002_noise0.004.png,1.11E+62
VAR_VIRUS-4041959-0002_noise0.005.png,1.11E+62
VAR_VIRUS-4041959-0002_original.png,1.11E+62
VAR_VIRUS-4041959-0002_rot1.png,1.11E+62
VAR_VIRUS-4041959-0002_rot2.png,1.11E+62
VAR_VIRUS-4041959-0002_rot3.png,1.11E+62
VAR_VIRUS-4041959-0002_rot4.png,1.11E+62
VAR_VIRUS-4041959-0002_rot5.png,1.11E+62
VAR_VIRUS-4041959-0002_rot6.png,1.11E+62
VAR_VIRUS-4046863-0001_bright0.8.png,1.01E+62
VAR_VIRUS-4046863-0001_bright0.9.png,1.01E+62
VAR_VIRUS-4046863-0001_bright1.1.png,1.01E+62
VAR_VIRUS-4046863-0001_bright1.2.png,1.01E+62
VAR_VIRUS-4046863-0001_bright1.3.png,1.01E+62
VAR_VIRUS-4046863-0001_jpeg30.png,1.11E+62
VAR_VIRUS-4046863-0001_jpeg50.png,1.11E+61
VAR_VIRUS-4046863-0001_jpeg70.png,1.11E+62
VAR_VIRUS-4046863-0001_jpeg90.png,1.01E+62
VAR_VIRUS-4046863-0001_noise0.001.png,1.01E+62
VAR_VIRUS-4046863-0001_noise0.002.png,1.01E+62
VAR_VIRUS-4046863-0001_noise0.003.png,1.01E+62
VAR_VIRUS-4046863-0001_noise0.004.png,1.01E+62
VAR_VIRUS-4046863-0001_noise0.005.png,1.01E+62
VAR_VIRUS-4046863-0001_original.png,1.01E+62
VAR_VIRUS-4046863-0001_rot1.png,1.01E+62
VAR_VIRUS-4046863-0001_rot2.png,1.11E+62
VAR_VIRUS-4046863-0001_rot3.png,1.11E+62
VAR_VIRUS-4046863-0001_rot4.png,1.11E+62
VAR_VIRUS-4046863-0001_rot5.png,1.10E+61
VAR_VIRUS-4046863-0001_rot6.png,1.00E+60
VAR_VIRUS-4057077-0002_bright0.8.png,1.01E+62
VAR_VIRUS-4057077-0002_bright0.9.png,1.01E+62
VAR_VIRUS-4057077-0002_bright1.1.png,1.01E+62
VAR_VIRUS-4057077-0002_bright1.2.png,1.01E+62
VAR_VIRUS-4057077-0002_bright1.3.png,1.11E+62
VAR_VIRUS-4057077-0002_jpeg30.png,1.11E+62
VAR_VIRUS-4057077-0002_jpeg50.png,1.01E+63
VAR_VIRUS-4057077-0002_jpeg70.png,1.11E+62
VAR_VIRUS-4057077-0002_jpeg90.png,1.01E+62
VAR_VIRUS-4057077-0002_noise0.001.png,1.01E+62
VAR_VIRUS-4057077-0002_noise0.002.png,1.01E+62
VAR_VIRUS-4057077-0002_noise0.003.png,1.01E+62
VAR_VIRUS-4057077-0002_noise0.004.png,1.01E+62
VAR_VIRUS-4057077-0002_noise0.005.png,1.01E+62
VAR_VIRUS-4057077-0002_original.png,1.01E+62
VAR_VIRUS-4057077-0002_rot1.png,1.00E+62
VAR_VIRUS-4057077-0002_rot2.png,1.01E+62
VAR_VIRUS-4057077-0002_rot3.png,1.11E+62
VAR_VIRUS-4057077-0002_rot4.png,1.11E+62
VAR_VIRUS-4057077-0002_rot5.png,1.11E+62
VAR_VIRUS-4057077-0002_rot6.png,1.11E+62
VAR_VIRUS-4074119-0002_bright0.8.png,1.11E+62
VAR_VIRUS-4074119-0002_bright0.9.png,1.11E+62
VAR_VIRUS-4074119-0002_bright1.1.png,1.11E+62
VAR_VIRUS-4074119-0002_bright1.2.png,1.11E+62
VAR_VIRUS-4074119-0002_bright1.3.png,1.11E+62
VAR_VIRUS-4074119-0002_jpeg30.png,1.11E+62
VAR_VIRUS-4074119-0002_jpeg50.png,1.11E+62
VAR_VIRUS-4074119-0002_jpeg70.png,1.11E+62
VAR_VIRUS-4074119-0002_jpeg90.png,1.11E+62
VAR_VIRUS-4074119-0002_noise0.001.png,1.11E+62
VAR_VIRUS-4074119-0002_noise0.002.png,1.11E+62
VAR_VIRUS-4074119-0002_noise0.003.png,1.11E+62
VAR_VIRUS-4074119-0002_noise0.004.png,1.11E+62
VAR_VIRUS-4074119-0002_noise0.005.png,1.11E+62
VAR_VIRUS-4074119-0002_original.png,1.11E+62
VAR_VIRUS-4074119-0002_rot1.png,1.11E+62
VAR_VIRUS-4074119-0002_rot2.png,1.11E+62
VAR_VIRUS-4074119-0002_rot3.png,1.11E+62
VAR_VIRUS-4074119-0002_rot4.png,1.11E+62
VAR_VIRUS-4074119-0002_rot5.png,1.11E+62
VAR_VIRUS-4074119-0002_rot6.png,1.11E+62
VAR_VIRUS-4091020-0003_bright0.8.png,1.11E+62
VAR_VIRUS-4091020-0003_bright0.9.png,1.11E+62
VAR_VIRUS-4091020-0003_bright1.1.png,1.11E+62
VAR_VIRUS-4091020-0003_bright1.2.png,1.11E+62
VAR_VIRUS-4091020-0003_bright1.3.png,1.11E+62
VAR_VIRUS-4091020-0003_jpeg30.png,1.11E+62
VAR_VIRUS-4091020-0003_jpeg50.png,1.11E+62
VAR_VIRUS-4091020-0003_jpeg70.png,1.11E+62
VAR_VIRUS-4091020-0003_jpeg90.png,1.11E+63
VAR_VIRUS-4091020-0003_noise0.001.png,1.11E+62
VAR_VIRUS-4091020-0003_noise0.002.png,1.11E+62
VAR_VIRUS-4091020-0003_noise0.003.png,1.11E+62
VAR_VIRUS-4091020-0003_noise0.004.png,1.11E+62
VAR_VIRUS-4091020-0003_noise0.005.png,1.11E+62
VAR_VIRUS-4091020-0003_original.png,1.11E+62
VAR_VIRUS-4091020-0003_rot1.png,1.11E+62
VAR_VIRUS-4091020-0003_rot2.png,1.11E+62
VAR_VIRUS-4091020-0003_rot3.png,1.11E+62
VAR_VIRUS-4091020-0003_rot4.png,1.11E+62
VAR_VIRUS-4091020-0003_rot5.png,1.11E+63
VAR_VIRUS-4091020-0003_rot6.png,1.11E+62
VAR_VIRUS-4127619-0002_bright0.8.png,1.00E+62
VAR_VIRUS-4127619-0002_bright0.9.png,1.00E+62
VAR_VIRUS-4127619-0002_bright1.1.png,1.00E+62
VAR_VIRUS-4127619-0002_bright1.2.png,1.00E+62
VAR_VIRUS-4127619-0002_bright1.3.png,1.00E+52
VAR_VIRUS-4127619-0002_jpeg30.png,1.11E+61
VAR_VIRUS-4127619-0002_jpeg50.png,1.11E+61
VAR_VIRUS-4127619-0002_jpeg70.png,1.00E+60
VAR_VIRUS-4127619-0002_jpeg90.png,1.10E+52
VAR_VIRUS-4127619-0002_noise0.001.png,1.00E+62
VAR_VIRUS-4127619-0002_noise0.002.png,1.00E+62
VAR_VIRUS-4127619-0002_noise0.003.png,1.00E+62
VAR_VIRUS-4127619-0002_noise0.004.png,1.00E+62
VAR_VIRUS-4127619-0002_noise0.005.png,1.00E+62
VAR_VIRUS-4127619-0002_original.png,1.00E+62
VAR_VIRUS-4127619-0002_rot1.png,1.00E+60
VAR_VIRUS-4127619-0002_rot2.png,1.00E+61
VAR_VIRUS-4127619-0002_rot3.png,1.10E+62
VAR_VIRUS-4127619-0002_rot4.png,1.00E+62
VAR_VIRUS-4127619-0002_rot5.png,1.00E+62
VAR_VIRUS-4127619-0002_rot6.png,1.10E+48
VAR_VIRUS-4138604-0002_bright0.8.png,1.01E+62
VAR_VIRUS-4138604-0002_bright0.9.png,1.01E+62
VAR_VIRUS-4138604-0002_bright1.1.png,1.01E+62
VAR_VIRUS-4138604-0002_bright1.2.png,1.01E+62
VAR_VIRUS-4138604-0002_bright1.3.png,1.01E+62
VAR_VIRUS-4138604-0002_jpeg30.png,1.11E+62
VAR_VIRUS-4138604-0002_jpeg50.png,1.11E+62
VAR_VIRUS-4138604-0002_jpeg70.png,1.11E+62
VAR_VIRUS-4138604-0002_jpeg90.png,1.01E+62
VAR_VIRUS-4138604-0002_noise0.001.png,1.01E+62
VAR_VIRUS-4138604-0002_noise0.002.png,1.01E+62
VAR_VIRUS-4138604-0002_noise0.003.png,1.01E+62
VAR_VIRUS-4138604-0002_noise0.004.png,1.01E+62
VAR_VIRUS-4138604-0002_noise0.005.png,1.01E+62
VAR_VIRUS-4138604-0002_original.png,1.01E+62
VAR_VIRUS-4138604-0002_rot1.png,1.01E+62
VAR_VIRUS-4138604-0002_rot2.png,1.01E+62
VAR_VIRUS-4138604-0002_rot3.png,1.10E+63
VAR_VIRUS-4138604-0002_rot4.png,1.01E+62
VAR_VIRUS-4138604-0002_rot5.png,1.01E+62
VAR_VIRUS-4138604-0002_rot6.png,1.01E+62
VAR_VIRUS-4147572-0001_bright0.8.png,1.11E+62
VAR_VIRUS-4147572-0001_bright0.9.png,1.11E+62
VAR_VIRUS-4147572-0001_bright1.1.png,1.11E+62
VAR_VIRUS-4147572-0001_bright1.2.png,1.11E+61
VAR_VIRUS-4147572-0001_bright1.3.png,1.11E+61
VAR_VIRUS-4147572-0001_jpeg30.png,1.11E+61
VAR_VIRUS-4147572-0001_jpeg50.png,1.11E+61
VAR_VIRUS-4147572-0001_jpeg70.png,1.10E+61
VAR_VIRUS-4147572-0001_jpeg90.png,1.10E+61
VAR_VIRUS-4147572-0001_noise0.001.png,1.11E+62
VAR_VIRUS-4147572-0001_noise0.002.png,1.11E+62
VAR_VIRUS-4147572-0001_noise0.003.png,1.11E+62
VAR_VIRUS-4147572-0001_noise0.004.png,1.11E+62
VAR_VIRUS-4147572-0001_noise0.005.png,1.11E+62
VAR_VIRUS-4147572-0001_original.png,1.11E+62
VAR_VIRUS-4147572-0001_rot1.png,1.11E+62
VAR_VIRUS-4147572-0001_rot2.png,1.01E+62
VAR_VIRUS-4147572-0001_rot3.png,1.01E+62
VAR_VIRUS-4147572-0001_rot4.png,1.00E+60
VAR_VIRUS-4147572-0001_rot5.png,1.00E+60
VAR_VIRUS-4147572-0001_rot6.png,1.11E+62
VAR_VIRUS-4152314-0003_bright0.8.png,1.11E+62
VAR_VIRUS-4152314-0003_bright0.9.png,1.11E+62
VAR_VIRUS-4152314-0003_bright1.1.png,1.11E+62
VAR_VIRUS-4152314-0003_bright1.2.png,1.11E+62
VAR_VIRUS-4152314-0003_bright1.3.png,1.11E+61
VAR_VIRUS-4152314-0003_jpeg30.png,1.11E+62
VAR_VIRUS-4152314-0003_jpeg50.png,1.11E+62
VAR_VIRUS-4152314-0003_jpeg70.png,1.11E+62
VAR_VIRUS-4152314-0003_jpeg90.png,1.11E+62
VAR_VIRUS-4152314-0003_noise0.001.png,1.11E+62
VAR_VIRUS-4152314-0003_noise0.002.png,1.11E+62
VAR_VIRUS-4152314-0003_noise0.003.png,1.11E+62
VAR_VIRUS-4152314-0003_noise0.004.png,1.11E+62
VAR_VIRUS-4152314-0003_noise0.005.png,1.11E+62
VAR_VIRUS-4152314-0003_original.png,1.11E+62
VAR_VIRUS-4152314-0003_rot1.png,1.11E+62
VAR_VIRUS-4152314-0003_rot2.png,1.11E+62
VAR_VIRUS-4152314-0003_rot3.png,1.11E+62
VAR_VIRUS-4152314-0003_rot4.png,1.11E+62
VAR_VIRUS-4152314-0003_rot5.png,1.11E+62
VAR_VIRUS-4152314-0003_rot6.png,1.11E+62
VAR_VIRUS-4163667-0002_bright0.8.png,1.11E+62
VAR_VIRUS-4163667-0002_bright0.9.png,1.11E+62
VAR_VIRUS-4163667-0002_bright1.1.png,1.11E+62
VAR_VIRUS-4163667-0002_bright1.2.png,1.01E+62
VAR_VIRUS-4163667-0002_bright1.3.png,1.01E+62
VAR_VIRUS-4163667-0002_jpeg30.png,1.11E+61
VAR_VIRUS-4163667-0002_jpeg50.png,1.11E+62
VAR_VIRUS-4163667-0002_jpeg70.png,1.11E+62
VAR_VIRUS-4163667-0002_jpeg90.png,1.11E+62
VAR_VIRUS-4163667-0002_noise0.001.png,1.11E+62
VAR_VIRUS-4163667-0002_noise0.002.png,1.11E+62
VAR_VIRUS-4163667-0002_noise0.003.png,1.11E+62
VAR_VIRUS-4163667-0002_noise0.004.png,1.11E+62
VAR_VIRUS-4163667-0002_noise0.005.png,1.11E+62
VAR_VIRUS-4163667-0002_original.png,1.11E+62
VAR_VIRUS-4163667-0002_rot1.png,1.00E+62
VAR_VIRUS-4163667-0002_rot2.png,1.00E+62
VAR_VIRUS-4163667-0002_rot3.png,1.00E+62
VAR_VIRUS-4163667-0002_rot4.png,1.11E+62
VAR_VIRUS-4163667-0002_rot5.png,1.10E+62
VAR_VIRUS-4163667-0002_rot6.png,1.01E+61
VAR_VIRUS-4170270-0004_bright0.8.png,1.01E+62
VAR_VIRUS-4170270-0004_bright0.9.png,1.01E+62
VAR_VIRUS-4170270-0004_bright1.1.png,1.01E+62
VAR_VIRUS-4170270-0004_bright1.2.png,1.11E+62
VAR_VIRUS-4170270-0004_bright1.3.png,1.11E+62
VAR_VIRUS-4170270-0004_jpeg30.png,1.11E+62
VAR_VIRUS-4170270-0004_jpeg50.png,1.11E+62
VAR_VIRUS-4170270-0004_jpeg70.png,1.11E+62
VAR_VIRUS-4170270-0004_jpeg90.png,1.11E+62
VAR_VIRUS-4170270-0004_noise0.001.png,1.01E+62
VAR_VIRUS-4170270-0004_noise0.002.png,1.01E+62
VAR_VIRUS-4170270-0004_noise0.003.png,1.01E+62
VAR_VIRUS-4170270-0004_noise0.004.png,1.01E+62
VAR_VIRUS-4170270-0004_noise0.005.png,1.01E+62
VAR_VIRUS-4170270-0004_original.png,1.01E+62
VAR_VIRUS-4170270-0004_rot1.png,1.11E+62
VAR_VIRUS-4170270-0004_rot2.png,1.11E+62
VAR_VIRUS-4170270-0004_rot3.png,1.11E+62
VAR_VIRUS-4170270-0004_rot4.png,1.11E+62
VAR_VIRUS-4170270-0004_rot5.png,1.11E+63
VAR_VIRUS-4170270-0004_rot6.png,1.11E+62
VAR_VIRUS-4176449-0001_bright0.8.png,1.00E+62
VAR_VIRUS-4176449-0001_bright0.9.png,1.01E+62
VAR_VIRUS-4176449-0001_bright1.1.png,1.01E+62
VAR_VIRUS-4176449-0001_bright1.2.png,1.01E+62
VAR_VIRUS-4176449-0001_bright1.3.png,1.01E+60
VAR_VIRUS-4176449-0001_jpeg30.png,1.11E+62
VAR_VIRUS-4176449-0001_jpeg50.png,1.11E+62
VAR_VIRUS-4176449-0001_jpeg70.png,1.11E+62
VAR_VIRUS-4176449-0001_jpeg90.png,1.01E+62
VAR_VIRUS-4176449-0001_noise0.001.png,1.01E+62
VAR_VIRUS-4176449-0001_noise0.002.png,1.01E+62
VAR_VIRUS-4176449-0001_noise0.003.png,1.01E+62
VAR_VIRUS-4176449-0001_noise0.004.png,1.01E+62
VAR_VIRUS-4176449-0001_noise0.005.png,1.01E+62
VAR_VIRUS-4176449-0001_original.png,1.01E+62
VAR_VIRUS-4176449-0001_rot1.png,1.00E+62
VAR_VIRUS-4176449-0001_rot2.png,1.01E+62
VAR_VIRUS-4176449-0001_rot3.png,1.01E+62
VAR_VIRUS-4176449-0001_rot4.png,1.01E+62
VAR_VIRUS-4176449-0001_rot5.png,1.01E+62
VAR_VIRUS-4176449-0001_rot6.png,1.00E+62
VAR_VIRUS-4177975-0002_bright0.8.png,1.01E+62
VAR_VIRUS-4177975-0002_bright0.9.png,1.00E+62
VAR_VIRUS-4177975-0002_bright1.1.png,1.01E+62
VAR_VIRUS-4177975-0002_bright1.2.png,1.01E+62
VAR_VIRUS-4177975-0002_bright1.3.png,1.01E+62
VAR_VIRUS-4177975-0002_jpeg30.png,1.11E+62
VAR_VIRUS-4177975-0002_jpeg50.png,1.11E+62
VAR_VIRUS-4177975-0002_jpeg70.png,1.11E+62
VAR_VIRUS-4177975-0002_jpeg90.png,1.01E+62
VAR_VIRUS-4177975-0002_noise0.001.png,1.00E+62
VAR_VIRUS-4177975-0002_noise0.002.png,1.00E+62
VAR_VIRUS-4177975-0002_noise0.003.png,1.00E+62
VAR_VIRUS-4177975-0002_noise0.004.png,1.00E+62
VAR_VIRUS-4177975-0002_noise0.005.png,1.00E+62
VAR_VIRUS-4177975-0002_original.png,1.00E+62
VAR_VIRUS-4177975-0002_rot1.png,1.00E+62
VAR_VIRUS-4177975-0002_rot2.png,1.00E+62
VAR_VIRUS-4177975-0002_rot3.png,1.01E+62
VAR_VIRUS-4177975-0002_rot4.png,1.11E+62
VAR_VIRUS-4177975-0002_rot5.png,1.10E+63
VAR_VIRUS-4177975-0002_rot6.png,1.11E+63
VAR_VIRUS-4178213-0002_bright0.8.png,1.01E+62
VAR_VIRUS-4178213-0002_bright0.9.png,1.01E+62
VAR_VIRUS-4178213-0002_bright1.1.png,1.01E+62
VAR_VIRUS-4178213-0002_bright1.2.png,1.11E+62
VAR_VIRUS-4178213-0002_bright1.3.png,1.01E+62
VAR_VIRUS-4178213-0002_jpeg30.png,1.11E+62
VAR_VIRUS-4178213-0002_jpeg50.png,1.11E+62
VAR_VIRUS-4178213-0002_jpeg70.png,1.11E+62
VAR_VIRUS-4178213-0002_jpeg90.png,1.11E+62
VAR_VIRUS-4178213-0002_noise0.001.png,1.01E+62
VAR_VIRUS-4178213-0002_noise0.002.png,1.01E+62
VAR_VIRUS-4178213-0002_noise0.003.png,1.01E+62
VAR_VIRUS-4178213-0002_noise0.004.png,1.01E+62
VAR_VIRUS-4178213-0002_noise0.005.png,1.01E+62
VAR_VIRUS-4178213-0002_original.png,1.01E+62
VAR_VIRUS-4178213-0002_rot1.png,1.11E+62
VAR_VIRUS-4178213-0002_rot2.png,1.11E+62
VAR_VIRUS-4178213-0002_rot3.png,1.11E+62
VAR_VIRUS-4178213-0002_rot4.png,1.11E+62
VAR_VIRUS-4178213-0002_rot5.png,1.11E+62
VAR_VIRUS-4178213-0002_rot6.png,1.11E+62
VAR_VIRUS-4198099-0002_bright0.8.png,1.11E+62
VAR_VIRUS-4198099-0002_bright0.9.png,1.11E+62
VAR_VIRUS-4198099-0002_bright1.1.png,1.11E+62
VAR_VIRUS-4198099-0002_bright1.2.png,1.11E+62
VAR_VIRUS-4198099-0002_bright1.3.png,1.11E+62
VAR_VIRUS-4198099-0002_jpeg30.png,1.11E+62
VAR_VIRUS-4198099-0002_jpeg50.png,1.11E+63
VAR_VIRUS-4198099-0002_jpeg70.png,1.11E+62
VAR_VIRUS-4198099-0002_jpeg90.png,1.11E+62
VAR_VIRUS-4198099-0002_noise0.001.png,1.11E+62
VAR_VIRUS-4198099-0002_noise0.002.png,1.11E+62
VAR_VIRUS-4198099-0002_noise0.003.png,1.11E+62
VAR_VIRUS-4198099-0002_noise0.004.png,1.11E+62
VAR_VIRUS-4198099-0002_noise0.005.png,1.11E+62
VAR_VIRUS-4198099-0002_original.png,1.11E+62
VAR_VIRUS-4198099-0002_rot1.png,1.11E+62
VAR_VIRUS-4198099-0002_rot2.png,1.11E+62
VAR_VIRUS-4198099-0002_rot3.png,1.11E+62
VAR_VIRUS-4198099-0002_rot4.png,1.11E+63
VAR_VIRUS-4198099-0002_rot5.png,1.11E+62
VAR_VIRUS-4198099-0002_rot6.png,1.11E+62
VAR_VIRUS-4217562-0002_bright0.8.png,1.01E+62
VAR_VIRUS-4217562-0002_bright0.9.png,1.00E+62
VAR_VIRUS-4217562-0002_bright1.1.png,1.01E+62
VAR_VIRUS-4217562-0002_bright1.2.png,1.01E+62
VAR_VIRUS-4217562-0002_bright1.3.png,1.01E+62
VAR_VIRUS-4217562-0002_jpeg30.png,1.11E+62
VAR_VIRUS-4217562-0002_jpeg50.png,1.11E+62
VAR_VIRUS-4217562-0002_jpeg70.png,1.11E+62
VAR_VIRUS-4217562-0002_jpeg90.png,1.00E+62
VAR_VIRUS-4217562-0002_noise0.001.png,1.00E+62
VAR_VIRUS-4217562-0002_noise0.002.png,1.01E+62
VAR_VIRUS-4217562-0002_noise0.003.png,1.00E+62
VAR_VIRUS-4217562-0002_noise0.004.png,1.00E+62
VAR_VIRUS-4217562-0002_noise0.005.png,1.01E+62
VAR_VIRUS-4217562-0002_original.png,1.00E+62
VAR_VIRUS-4217562-0002_rot1.png,1.01E+62
VAR_VIRUS-4217562-0002_rot2.png,1.01E+62
VAR_VIRUS-4217562-0002_rot3.png,1.11E+62
VAR_VIRUS-4217562-0002_rot4.png,1.11E+62
VAR_VIRUS-4217562-0002_rot5.png,1.11E+62
VAR_VIRUS-4217562-0002_rot6.png,1.11E+62
VAR_VIRUS-4218548-0002_bright0.8.png,1.01E+62
VAR_VIRUS-4218548-0002_bright0.9.png,1.01E+62
VAR_VIRUS-4218548-0002_bright1.1.png,1.01E+62
VAR_VIRUS-4218548-0002_bright1.2.png,1.01E+62
VAR_VIRUS-4218548-0002_bright1.3.png,1.01E+62
VAR_VIRUS-4218548-0002_jpeg30.png,1.11E+62
VAR_VIRUS-4218548-0002_jpeg50.png,1.11E+62
VAR_VIRUS-4218548-0002_jpeg70.png,1.11E+62
VAR_VIRUS-4218548-0002_jpeg90.png,1.10E+63
VAR_VIRUS-4218548-0002_noise0.001.png,1.01E+62
VAR_VIRUS-4218548-0002_noise0.002.png,1.01E+62
VAR_VIRUS-4218548-0002_noise0.003.png,1.01E+62
VAR_VIRUS-4218548-0002_noise0.004.png,1.01E+62
VAR_VIRUS-4218548-0002_noise0.005.png,1.01E+62
VAR_VIRUS-4218548-0002_original.png,1.01E+62
VAR_VIRUS-4218548-0002_rot1.png,1.10E+63
VAR_VIRUS-4218548-0002_rot2.png,1.10E+63
VAR_VIRUS-4218548-0002_rot3.png,1.11E+63
VAR_VIRUS-4218548-0002_rot4.png,1.11E+62
VAR_VIRUS-4218548-0002_rot5.png,1.11E+63
VAR_VIRUS-4218548-0002_rot6.png,1.11E+63
VAR_VIRUS-4233560-0004_bright0.8.png,1.11E+61
VAR_VIRUS-4233560-0004_bright0.9.png,1.11E+61
VAR_VIRUS-4233560-0004_bright1.1.png,1.11E+61
VAR_VIRUS-4233560-0004_bright1.2.png,1.11E+61
VAR_VIRUS-4233560-0004_bright1.3.png,1.11E+61
VAR_VIRUS-4233560-0004_jpeg30.png,1.11E+61
VAR_VIRUS-4233560-0004_jpeg50.png,1.11E+61
VAR_VIRUS-4233560-0004_jpeg70.png,1.11E+61
VAR_VIRUS-4233560-0004_jpeg90.png,1.11E+61
VAR_VIRUS-4233560-0004_noise0.001.png,1.11E+61
VAR_VIRUS-4233560-0004_noise0.002.png,1.11E+61
VAR_VIRUS-4233560-0004_noise0.003.png,1.11E+61
VAR_VIRUS-4233560-0004_noise0.004.png,1.11E+61
VAR_VIRUS-4233560-0004_noise0.005.png,1.11E+61
VAR_VIRUS-4233560-0004_original.png,1.11E+61
VAR_VIRUS-4233560-0004_rot1.png,1.11E+61
VAR_VIRUS-4233560-0004_rot2.png,1.11E+61
VAR_VIRUS-4233560-0004_rot3.png,1.11E+62
VAR_VIRUS-4233560-0004_rot4.png,1.11E+62
VAR_VIRUS-4233560-0004_rot5.png,1.11E+62
VAR_VIRUS-4233560-0004_rot6.png,1.11E+62
VAR_VIRUS-4241544-0003_bright0.8.png,1.11E+62
VAR_VIRUS-4241544-0003_bright0.9.png,1.11E+62
VAR_VIRUS-4241544-0003_bright1.1.png,1.11E+62
VAR_VIRUS-4241544-0003_bright1.2.png,1.11E+62
VAR_VIRUS-4241544-0003_bright1.3.png,1.11E+62
VAR_VIRUS-4241544-0003_jpeg30.png,1.11E+62
VAR_VIRUS-4241544-0003_jpeg50.png,1.11E+62
VAR_VIRUS-4241544-0003_jpeg70.png,1.11E+62
VAR_VIRUS-4241544-0003_jpeg90.png,1.11E+62
VAR_VIRUS-4241544-0003_noise0.001.png,1.11E+62
VAR_VIRUS-4241544-0003_noise0.002.png,1.11E+62
VAR_VIRUS-4241544-0003_noise0.003.png,1.11E+62
VAR_VIRUS-4241544-0003_noise0.004.png,1.11E+62
VAR_VIRUS-4241544-0003_noise0.005.png,1.11E+62
VAR_VIRUS-4241544-0003_original.png,1.11E+62
VAR_VIRUS-4241544-0003_rot1.png,1.11E+62
VAR_VIRUS-4241544-0003_rot2.png,1.11E+62
VAR_VIRUS-4241544-0003_rot3.png,1.11E+62
VAR_VIRUS-4241544-0003_rot4.png,1.11E+62
VAR_VIRUS-4241544-0003_rot5.png,1.11E+62
VAR_VIRUS-4241544-0003_rot6.png,1.11E+62
VAR_VIRUS-4241544-0004_bright0.8.png,1.11E+62
VAR_VIRUS-4241544-0004_bright0.9.png,1.11E+62
VAR_VIRUS-4241544-0004_bright1.1.png,1.01E+62
VAR_VIRUS-4241544-0004_bright1.2.png,1.11E+62
VAR_VIRUS-4241544-0004_bright1.3.png,1.01E+62
VAR_VIRUS-4241544-0004_jpeg30.png,1.11E+62
VAR_VIRUS-4241544-0004_jpeg50.png,1.11E+62
VAR_VIRUS-4241544-0004_jpeg70.png,1.11E+62
VAR_VIRUS-4241544-0004_jpeg90.png,1.11E+62
VAR_VIRUS-4241544-0004_noise0.001.png,1.11E+62
VAR_VIRUS-4241544-0004_noise0.002.png,1.11E+62
VAR_VIRUS-4241544-0004_noise0.003.png,1.11E+62
VAR_VIRUS-4241544-0004_noise0.004.png,1.11E+62
VAR_VIRUS-4241544-0004_noise0.005.png,1.11E+62
VAR_VIRUS-4241544-0004_original.png,1.11E+62
VAR_VIRUS-4241544-0004_rot1.png,1.11E+62
VAR_VIRUS-4241544-0004_rot2.png,1.11E+62
VAR_VIRUS-4241544-0004_rot3.png,1.11E+62
VAR_VIRUS-4241544-0004_rot4.png,1.11E+62
VAR_VIRUS-4241544-0004_rot5.png,1.11E+62
VAR_VIRUS-4241544-0004_rot6.png,1.11E+62
VAR_VIRUS-4241544-0005_bright0.8.png,1.11E+62
VAR_VIRUS-4241544-0005_bright0.9.png,1.11E+62
VAR_VIRUS-4241544-0005_bright1.1.png,1.11E+62
VAR_VIRUS-4241544-0005_bright1.2.png,1.11E+62
VAR_VIRUS-4241544-0005_bright1.3.png,1.11E+62
VAR_VIRUS-4241544-0005_jpeg30.png,1.11E+62
VAR_VIRUS-4241544-0005_jpeg50.png,1.11E+62
VAR_VIRUS-4241544-0005_jpeg70.png,1.11E+62
VAR_VIRUS-4241544-0005_jpeg90.png,1.11E+62
VAR_VIRUS-4241544-0005_noise0.001.png,1.11E+62
VAR_VIRUS-4241544-0005_noise0.002.png,1.11E+62
VAR_VIRUS-4241544-0005_noise0.003.png,1.11E+62
VAR_VIRUS-4241544-0005_noise0.004.png,1.11E+62
VAR_VIRUS-4241544-0005_noise0.005.png,1.11E+62
VAR_VIRUS-4241544-0005_original.png,1.11E+62
VAR_VIRUS-4241544-0005_rot1.png,1.11E+62
VAR_VIRUS-4241544-0005_rot2.png,1.11E+62
VAR_VIRUS-4241544-0005_rot3.png,1.11E+62
VAR_VIRUS-4241544-0005_rot4.png,1.11E+62
VAR_VIRUS-4241544-0005_rot5.png,1.11E+62
VAR_VIRUS-4241544-0005_rot6.png,1.11E+62
VAR_VIRUS-4245588-0002_bright0.8.png,1.01E+62
VAR_VIRUS-4245588-0002_bright0.9.png,1.01E+62
VAR_VIRUS-4245588-0002_bright1.1.png,1.01E+62
VAR_VIRUS-4245588-0002_bright1.2.png,1.01E+62
VAR_VIRUS-4245588-0002_bright1.3.png,1.01E+62
VAR_VIRUS-4245588-0002_jpeg30.png,1.11E+61
VAR_VIRUS-4245588-0002_jpeg50.png,1.11E+62
VAR_VIRUS-4245588-0002_jpeg70.png,1.11E+62
VAR_VIRUS-4245588-0002_jpeg90.png,1.01E+62
VAR_VIRUS-4245588-0002_noise0.001.png,1.01E+62
VAR_VIRUS-4245588-0002_noise0.002.png,1.01E+62
VAR_VIRUS-4245588-0002_noise0.003.png,1.01E+62
VAR_VIRUS-4245588-0002_noise0.004.png,1.01E+62
VAR_VIRUS-4245588-0002_noise0.005.png,1.01E+62
VAR_VIRUS-4245588-0002_original.png,1.01E+62
VAR_VIRUS-4245588-0002_rot1.png,1.01E+62
VAR_VIRUS-4245588-0002_rot2.png,1.10E+60
VAR_VIRUS-4245588-0002_rot3.png,1.10E+60
VAR_VIRUS-4245588-0002_rot4.png,1.11E+61
VAR_VIRUS-4245588-0002_rot5.png,1.11E+62
VAR_VIRUS-4245588-0002_rot6.png,1.11E+62
VAR_VIRUS-4271267-0002_bright0.8.png,1.01E+62
VAR_VIRUS-4271267-0002_bright0.9.png,1.01E+62
VAR_VIRUS-4271267-0002_bright1.1.png,1.01E+62
VAR_VIRUS-4271267-0002_bright1.2.png,1.00E+62
VAR_VIRUS-4271267-0002_bright1.3.png,1.00E+62
VAR_VIRUS-4271267-0002_jpeg30.png,1.11E+61
VAR_VIRUS-4271267-0002_jpeg50.png,1.11E+61
VAR_VIRUS-4271267-0002_jpeg70.png,1.00E+60
VAR_VIRUS-4271267-0002_jpeg90.png,1.01E+62
VAR_VIRUS-4271267-0002_noise0.001.png,1.01E+62
VAR_VIRUS-4271267-0002_noise0.002.png,1.01E+62
VAR_VIRUS-4271267-0002_noise0.003.png,1.01E+62
VAR_VIRUS-4271267-0002_noise0.004.png,1.01E+62
VAR_VIRUS-4271267-0002_noise0.005.png,1.01E+62
VAR_VIRUS-4271267-0002_original.png,1.01E+62
VAR_VIRUS-4271267-0002_rot1.png,1.00E+62
VAR_VIRUS-4271267-0002_rot2.png,1.01E+62
VAR_VIRUS-4271267-0002_rot3.png,1.01E+62
VAR_VIRUS-4271267-0002_rot4.png,1.00E+62
VAR_VIRUS-4271267-0002_rot5.png,1.00E+62
VAR_VIRUS-4271267-0002_rot6.png,1.00E+60
VAR_VIRUS-4293827-0004_bright0.8.png,1.00E+60
VAR_VIRUS-4293827-0004_bright0.9.png,1.00E+60
VAR_VIRUS-4293827-0004_bright1.1.png,1.00E+60
VAR_VIRUS-4293827-0004_bright1.2.png,1.00E+60
VAR_VIRUS-4293827-0004_bright1.3.png,1.01E+60
VAR_VIRUS-4293827-0004_jpeg30.png,1.11E+61
VAR_VIRUS-4293827-0004_jpeg50.png,1.10E+61
VAR_VIRUS-4293827-0004_jpeg70.png,1.01E+60
VAR_VIRUS-4293827-0004_jpeg90.png,1.00E+60
VAR_VIRUS-4293827-0004_noise0.001.png,1.00E+60
VAR_VIRUS-4293827-0004_noise0.002.png,1.00E+60
VAR_VIRUS-4293827-0004_noise0.003.png,1.00E+60
VAR_VIRUS-4293827-0004_noise0.004.png,1.00E+60
VAR_VIRUS-4293827-0004_noise0.005.png,1.00E+60
VAR_VIRUS-4293827-0004_original.png,1.00E+60
VAR_VIRUS-4293827-0004_rot1.png,1.00E+47
VAR_VIRUS-4293827-0004_rot2.png,1.00E+60
VAR_VIRUS-4293827-0004_rot3.png,1.00E+60
VAR_VIRUS-4293827-0004_rot4.png,1.00E+60
VAR_VIRUS-4293827-0004_rot5.png,1.00E+60
VAR_VIRUS-4293827-0004_rot6.png,1.00E+60
VAR_VIRUS-4313165-0004_bright0.8.png,1.01E+62
VAR_VIRUS-4313165-0004_bright0.9.png,1.01E+62
VAR_VIRUS-4313165-0004_bright1.1.png,1.01E+62
VAR_VIRUS-4313165-0004_bright1.2.png,1.01E+62
VAR_VIRUS-4313165-0004_bright1.3.png,1.01E+62
VAR_VIRUS-4313165-0004_jpeg30.png,1.11E+62
VAR_VIRUS-4313165-0004_jpeg50.png,1.11E+62
VAR_VIRUS-4313165-0004_jpeg70.png,1.11E+62
VAR_VIRUS-4313165-0004_jpeg90.png,1.11E+63
VAR_VIRUS-4313165-0004_noise0.001.png,1.01E+62
VAR_VIRUS-4313165-0004_noise0.002.png,1.01E+62
VAR_VIRUS-4313165-0004_noise0.003.png,1.01E+62
VAR_VIRUS-4313165-0004_noise0.004.png,1.01E+62
VAR_VIRUS-4313165-0004_noise0.005.png,1.01E+62
VAR_VIRUS-4313165-0004_original.png,1.01E+62
VAR_VIRUS-4313165-0004_rot1.png,1.11E+62
VAR_VIRUS-4313165-0004_rot2.png,1.11E+62
VAR_VIRUS-4313165-0004_rot3.png,1.11E+62
VAR_VIRUS-4313165-0004_rot4.png,1.11E+62
VAR_VIRUS-4313165-0004_rot5.png,1.11E+62
VAR_VIRUS-4313165-0004_rot6.png,1.11E+62
VAR_VIRUS-4320648-0005_bright0.8.png,1.11E+62
VAR_VIRUS-4320648-0005_bright0.9.png,1.11E+62
VAR_VIRUS-4320648-0005_bright1.1.png,1.11E+62
VAR_VIRUS-4320648-0005_bright1.2.png,1.11E+62
VAR_VIRUS-4320648-0005_bright1.3.png,1.11E+62
VAR_VIRUS-4320648-0005_jpeg30.png,1.11E+62
VAR_VIRUS-4320648-0005_jpeg50.png,1.11E+62
VAR_VIRUS-4320648-0005_jpeg70.png,1.11E+62
VAR_VIRUS-4320648-0005_jpeg90.png,1.11E+62
VAR_VIRUS-4320648-0005_noise0.001.png,1.11E+62
VAR_VIRUS-4320648-0005_noise0.002.png,1.11E+62
VAR_VIRUS-4320648-0005_noise0.003.png,1.11E+62
VAR_VIRUS-4320648-0005_noise0.004.png,1.11E+62
VAR_VIRUS-4320648-0005_noise0.005.png,1.11E+62
VAR_VIRUS-4320648-0005_original.png,1.11E+62
VAR_VIRUS-4320648-0005_rot1.png,1.11E+62
VAR_VIRUS-4320648-0005_rot2.png,1.11E+62
VAR_VIRUS-4320648-0005_rot3.png,1.11E+62
VAR_VIRUS-4320648-0005_rot4.png,1.11E+62
VAR_VIRUS-4320648-0005_rot5.png,1.11E+62
VAR_VIRUS-4320648-0005_rot6.png,1.11E+62
VAR_VIRUS-4320648-0006_bright0.8.png,1.11E+62
VAR_VIRUS-4320648-0006_bright0.9.png,1.11E+62
VAR_VIRUS-4320648-0006_bright1.1.png,1.11E+61
VAR_VIRUS-4320648-0006_bright1.2.png,1.11E+61
VAR_VIRUS-4320648-0006_bright1.3.png,1.11E+61
VAR_VIRUS-4320648-0006_jpeg30.png,1.10E+60
VAR_VIRUS-4320648-0006_jpeg50.png,1.11E+61
VAR_VIRUS-4320648-0006_jpeg70.png,1.11E+61
VAR_VIRUS-4320648-0006_jpeg90.png,1.11E+61
VAR_VIRUS-4320648-0006_noise0.001.png,1.11E+61
VAR_VIRUS-4320648-0006_noise0.002.png,1.11E+62
VAR_VIRUS-4320648-0006_noise0.003.png,1.11E+61
VAR_VIRUS-4320648-0006_noise0.004.png,1.11E+62
VAR_VIRUS-4320648-0006_noise0.005.png,1.11E+61
VAR_VIRUS-4320648-0006_original.png,1.11E+62
VAR_VIRUS-4320648-0006_rot1.png,1.11E+62
VAR_VIRUS-4320648-0006_rot2.png,1.01E+62
VAR_VIRUS-4320648-0006_rot3.png,1.01E+62
VAR_VIRUS-4320648-0006_rot4.png,1.01E+62
VAR_VIRUS-4320648-0006_rot5.png,1.11E+62
VAR_VIRUS-4320648-0006_rot6.png,1.11E+62
VAR_VIRUS-4329463-0002_bright0.8.png,1.11E+62
VAR_VIRUS-4329463-0002_bright0.9.png,1.11E+62
VAR_VIRUS-4329463-0002_bright1.1.png,1.11E+62
VAR_VIRUS-4329463-0002_bright1.2.png,1.01E+62
VAR_VIRUS-4329463-0002_bright1.3.png,1.01E+62
VAR_VIRUS-4329463-0002_jpeg30.png,1.11E+62
VAR_VIRUS-4329463-0002_jpeg50.png,1.11E+62
VAR_VIRUS-4329463-0002_jpeg70.png,1.11E+62
VAR_VIRUS-4329463-0002_jpeg90.png,1.11E+62
VAR_VIRUS-4329463-0002_noise0.001.png,1.11E+62
VAR_VIRUS-4329463-0002_noise0.002.png,1.11E+62
VAR_VIRUS-4329463-0002_noise0.003.png,1.11E+62
VAR_VIRUS-4329463-0002_noise0.004.png,1.11E+62
VAR_VIRUS-4329463-0002_noise0.005.png,1.11E+62
VAR_VIRUS-4329463-0002_original.png,1.11E+62
VAR_VIRUS-4329463-0002_rot1.png,1.11E+62
VAR_VIRUS-4329463-0002_rot2.png,1.11E+61
VAR_VIRUS-4329463-0002_rot3.png,1.11E+62
VAR_VIRUS-4329463-0002_rot4.png,1.11E+62
VAR_VIRUS-4329463-0002_rot5.png,1.11E+61
VAR_VIRUS-4329463-0002_rot6.png,1.11E+61
VAR_VIRUS-4333878-0002_bright0.8.png,1.11E+62
VAR_VIRUS-4333878-0002_bright0.9.png,1.11E+62
VAR_VIRUS-4333878-0002_bright1.1.png,1.11E+62
VAR_VIRUS-4333878-0002_bright1.2.png,1.11E+62
VAR_VIRUS-4333878-0002_bright1.3.png,1.11E+62
VAR_VIRUS-4333878-0002_jpeg30.png,1.11E+63
VAR_VIRUS-4333878-0002_jpeg50.png,1.11E+63
VAR_VIRUS-4333878-0002_jpeg70.png,1.11E+62
VAR_VIRUS-4333878-0002_jpeg90.png,1.11E+62
VAR_VIRUS-4333878-0002_noise0.001.png,1.11E+62
VAR_VIRUS-4333878-0002_noise0.002.png,1.11E+62
VAR_VIRUS-4333878-0002_noise0.003.png,1.11E+62
VAR_VIRUS-4333878-0002_noise0.004.png,1.11E+62
VAR_VIRUS-4333878-0002_noise0.005.png,1.11E+62
VAR_VIRUS-4333878-0002_original.png,1.11E+62
VAR_VIRUS-4333878-0002_rot1.png,1.11E+62
VAR_VIRUS-4333878-0002_rot2.png,1.11E+62
VAR_VIRUS-4333878-0002_rot3.png,1.11E+62
VAR_VIRUS-4333878-0002_rot4.png,1.11E+62
VAR_VIRUS-4333878-0002_rot5.png,1.11E+62
VAR_VIRUS-4333878-0002_rot6.png,1.11E+62
VAR_VIRUS-4338635-0004_bright0.8.png,1.11E+62
VAR_VIRUS-4338635-0004_bright0.9.png,1.11E+62
VAR_VIRUS-4338635-0004_bright1.1.png,1.11E+62
VAR_VIRUS-4338635-0004_bright1.2.png,1.11E+62
VAR_VIRUS-4338635-0004_bright1.3.png,1.11E+62
VAR_VIRUS-4338635-0004_jpeg30.png,1.11E+63
VAR_VIRUS-4338635-0004_jpeg50.png,1.11E+63
VAR_VIRUS-4338635-0004_jpeg70.png,1.11E+62
VAR_VIRUS-4338635-0004_jpeg90.png,1.11E+62
VAR_VIRUS-4338635-0004_noise0.001.png,1.11E+62
VAR_VIRUS-4338635-0004_noise0.002.png,1.11E+62
VAR_VIRUS-4338635-0004_noise0.003.png,1.11E+62
VAR_VIRUS-4338635-0004_noise0.004.png,1.11E+62
VAR_VIRUS-4338635-0004_noise0.005.png,1.11E+62
VAR_VIRUS-4338635-0004_original.png,1.11E+62
VAR_VIRUS-4338635-0004_rot1.png,1.11E+62
VAR_VIRUS-4338635-0004_rot2.png,1.11E+62
VAR_VIRUS-4338635-0004_rot3.png,1.11E+62
VAR_VIRUS-4338635-0004_rot4.png,1.11E+62
VAR_VIRUS-4338635-0004_rot5.png,1.11E+62
VAR_VIRUS-4338635-0004_rot6.png,1.11E+62
VAR_VIRUS-4343805-0002_bright0.8.png,1.11E+62
VAR_VIRUS-4343805-0002_bright0.9.png,1.11E+62
VAR_VIRUS-4343805-0002_bright1.1.png,1.11E+62
VAR_VIRUS-4343805-0002_bright1.2.png,1.11E+62
VAR_VIRUS-4343805-0002_bright1.3.png,1.11E+62
VAR_VIRUS-4343805-0002_jpeg30.png,1.11E+62
VAR_VIRUS-4343805-0002_jpeg50.png,1.11E+62
VAR_VIRUS-4343805-0002_jpeg70.png,1.11E+62
VAR_VIRUS-4343805-0002_jpeg90.png,1.11E+62
VAR_VIRUS-4343805-0002_noise0.001.png,1.11E+62
VAR_VIRUS-4343805-0002_noise0.002.png,1.11E+62
VAR_VIRUS-4343805-0002_noise0.003.png,1.11E+62
VAR_VIRUS-4343805-0002_noise0.004.png,1.11E+62
VAR_VIRUS-4343805-0002_noise0.005.png,1.11E+62
VAR_VIRUS-4343805-0002_original.png,1.11E+62
VAR_VIRUS-4343805-0002_rot1.png,1.11E+62
VAR_VIRUS-4343805-0002_rot2.png,1.11E+62
VAR_VIRUS-4343805-0002_rot3.png,1.11E+62
VAR_VIRUS-4343805-0002_rot4.png,1.11E+62
VAR_VIRUS-4343805-0002_rot5.png,1.11E+62
VAR_VIRUS-4343805-0002_rot6.png,1.11E+62
VAR_VIRUS-4352107-0002_bright0.8.png,1.11E+62
VAR_VIRUS-4352107-0002_bright0.9.png,1.11E+61
VAR_VIRUS-4352107-0002_bright1.1.png,1.11E+62
VAR_VIRUS-4352107-0002_bright1.2.png,1.11E+62
VAR_VIRUS-4352107-0002_bright1.3.png,1.11E+62
VAR_VIRUS-4352107-0002_jpeg30.png,1.11E+62
VAR_VIRUS-4352107-0002_jpeg50.png,1.11E+61
VAR_VIRUS-4352107-0002_jpeg70.png,1.11E+61
VAR_VIRUS-4352107-0002_jpeg90.png,1.11E+61
VAR_VIRUS-4352107-0002_noise0.001.png,1.11E+62
VAR_VIRUS-4352107-0002_noise0.002.png,1.11E+62
VAR_VIRUS-4352107-0002_noise0.003.png,1.11E+62
VAR_VIRUS-4352107-0002_noise0.004.png,1.11E+62
VAR_VIRUS-4352107-0002_noise0.005.png,1.11E+61
VAR_VIRUS-4352107-0002_original.png,1.11E+62
VAR_VIRUS-4352107-0002_rot1.png,1.11E+61
VAR_VIRUS-4352107-0002_rot2.png,1.11E+62
VAR_VIRUS-4352107-0002_rot3.png,1.11E+61
VAR_VIRUS-4352107-0002_rot4.png,1.11E+62
VAR_VIRUS-4352107-0002_rot5.png,1.11E+62
VAR_VIRUS-4352107-0002_rot6.png,1.11E+62
VAR_VIRUS-4352107-0003_bright0.8.png,1.11E+62
VAR_VIRUS-4352107-0003_bright0.9.png,1.11E+62
VAR_VIRUS-4352107-0003_bright1.1.png,1.11E+62
VAR_VIRUS-4352107-0003_bright1.2.png,1.11E+62
VAR_VIRUS-4352107-0003_bright1.3.png,1.01E+62
VAR_VIRUS-4352107-0003_jpeg30.png,1.11E+62
VAR_VIRUS-4352107-0003_jpeg50.png,1.11E+61
VAR_VIRUS-4352107-0003_jpeg70.png,1.11E+62
VAR_VIRUS-4352107-0003_jpeg90.png,1.11E+62
VAR_VIRUS-4352107-0003_noise0.001.png,1.11E+62
VAR_VIRUS-4352107-0003_noise0.002.png,1.11E+62
VAR_VIRUS-4352107-0003_noise0.003.png,1.01E+62
VAR_VIRUS-4352107-0003_noise0.004.png,1.01E+62
VAR_VIRUS-4352107-0003_noise0.005.png,1.01E+62
VAR_VIRUS-4352107-0003_original.png,1.11E+62
VAR_VIRUS-4352107-0003_rot1.png,1.11E+62
VAR_VIRUS-4352107-0003_rot2.png,1.11E+62
VAR_VIRUS-4352107-0003_rot3.png,1.11E+62
VAR_VIRUS-4352107-0003_rot4.png,1.11E+62
VAR_VIRUS-4352107-0003_rot5.png,1.11E+62
VAR_VIRUS-4352107-0003_rot6.png,1.11E+62
VAR_VIRUS-4360178-0003_bright0.8.png,1.11E+62
VAR_VIRUS-4360178-0003_bright0.9.png,1.11E+62
VAR_VIRUS-4360178-0003_bright1.1.png,1.11E+62
VAR_VIRUS-4360178-0003_bright1.2.png,1.11E+62
VAR_VIRUS-4360178-0003_bright1.3.png,1.11E+62
VAR_VIRUS-4360178-0003_jpeg30.png,1.11E+62
VAR_VIRUS-4360178-0003_jpeg50.png,1.11E+62
VAR_VIRUS-4360178-0003_jpeg70.png,1.11E+62
VAR_VIRUS-4360178-0003_jpeg90.png,1.11E+62
VAR_VIRUS-4360178-0003_noise0.001.png,1.11E+62
VAR_VIRUS-4360178-0003_noise0.002.png,1.11E+62
VAR_VIRUS-4360178-0003_noise0.003.png,1.11E+62
VAR_VIRUS-4360178-0003_noise0.004.png,1.11E+62
VAR_VIRUS-4360178-0003_noise0.005.png,1.11E+62
VAR_VIRUS-4360178-0003_original.png,1.11E+62
VAR_VIRUS-4360178-0003_rot1.png,1.11E+62
VAR_VIRUS-4360178-0003_rot2.png,1.11E+62
VAR_VIRUS-4360178-0003_rot3.png,1.11E+62
VAR_VIRUS-4360178-0003_rot4.png,1.11E+62
VAR_VIRUS-4360178-0003_rot5.png,1.11E+62
VAR_VIRUS-4360178-0003_rot6.png,1.11E+62
VAR_VIRUS-4360657-0002_bright0.8.png,1.11E+62
VAR_VIRUS-4360657-0002_bright0.9.png,1.11E+62
VAR_VIRUS-4360657-0002_bright1.1.png,1.11E+62
VAR_VIRUS-4360657-0002_bright1.2.png,1.11E+62
VAR_VIRUS-4360657-0002_bright1.3.png,1.11E+62
VAR_VIRUS-4360657-0002_jpeg30.png,1.11E+62
VAR_VIRUS-4360657-0002_jpeg50.png,1.11E+62
VAR_VIRUS-4360657-0002_jpeg70.png,1.11E+62
VAR_VIRUS-4360657-0002_jpeg90.png,1.11E+62
VAR_VIRUS-4360657-0002_noise0.001.png,1.11E+62
VAR_VIRUS-4360657-0002_noise0.002.png,1.11E+62
VAR_VIRUS-4360657-0002_noise0.003.png,1.11E+62
VAR_VIRUS-4360657-0002_noise0.004.png,1.11E+62
VAR_VIRUS-4360657-0002_noise0.005.png,1.11E+62
VAR_VIRUS-4360657-0002_original.png,1.11E+62
VAR_VIRUS-4360657-0002_rot1.png,1.11E+62
VAR_VIRUS-4360657-0002_rot2.png,1.11E+61
VAR_VIRUS-4360657-0002_rot3.png,1.11E+62
VAR_VIRUS-4360657-0002_rot4.png,1.11E+62
VAR_VIRUS-4360657-0002_rot5.png,1.11E+62
VAR_VIRUS-4360657-0002_rot6.png,1.11E+62
VAR_VIRUS-4376377-0001_bright0.8.png,1.11E+62
VAR_VIRUS-4376377-0001_bright0.9.png,1.11E+62
VAR_VIRUS-4376377-0001_bright1.1.png,1.11E+62
VAR_VIRUS-4376377-0001_bright1.2.png,1.11E+62
VAR_VIRUS-4376377-0001_bright1.3.png,1.11E+62
VAR_VIRUS-4376377-0001_jpeg30.png,1.11E+62
VAR_VIRUS-4376377-0001_jpeg50.png,1.11E+62
VAR_VIRUS-4376377-0001_jpeg70.png,1.11E+62
VAR_VIRUS-4376377-0001_jpeg90.png,1.11E+62
VAR_VIRUS-4376377-0001_noise0.001.png,1.11E+62
VAR_VIRUS-4376377-0001_noise0.002.png,1.11E+62
VAR_VIRUS-4376377-0001_noise0.003.png,1.11E+62
VAR_VIRUS-4376377-0001_noise0.004.png,1.11E+62
VAR_VIRUS-4376377-0001_noise0.005.png,1.11E+62
VAR_VIRUS-4376377-0001_original.png,1.11E+62
VAR_VIRUS-4376377-0001_rot1.png,1.11E+62
VAR_VIRUS-4376377-0001_rot2.png,1.11E+62
VAR_VIRUS-4376377-0001_rot3.png,1.11E+62
VAR_VIRUS-4376377-0001_rot4.png,1.11E+62
VAR_VIRUS-4376377-0001_rot5.png,1.11E+62
VAR_VIRUS-4376377-0001_rot6.png,1.11E+62
VAR_VIRUS-4376377-0002_bright0.8.png,1.11E+62
VAR_VIRUS-4376377-0002_bright0.9.png,1.11E+62
VAR_VIRUS-4376377-0002_bright1.1.png,1.11E+62
VAR_VIRUS-4376377-0002_bright1.2.png,1.11E+62
VAR_VIRUS-4376377-0002_bright1.3.png,1.11E+62
VAR_VIRUS-4376377-0002_jpeg30.png,1.11E+62
VAR_VIRUS-4376377-0002_jpeg50.png,1.11E+62
VAR_VIRUS-4376377-0002_jpeg70.png,1.11E+62
VAR_VIRUS-4376377-0002_jpeg90.png,1.01E+62
VAR_VIRUS-4376377-0002_noise0.001.png,1.11E+62
VAR_VIRUS-4376377-0002_noise0.002.png,1.11E+62
VAR_VIRUS-4376377-0002_noise0.003.png,1.11E+62
VAR_VIRUS-4376377-0002_noise0.004.png,1.11E+62
VAR_VIRUS-4376377-0002_noise0.005.png,1.11E+62
VAR_VIRUS-4376377-0002_original.png,1.11E+62
VAR_VIRUS-4376377-0002_rot1.png,1.11E+62
VAR_VIRUS-4376377-0002_rot2.png,1.11E+62
VAR_VIRUS-4376377-0002_rot3.png,1.11E+62
VAR_VIRUS-4376377-0002_rot4.png,1.11E+62
VAR_VIRUS-4376377-0002_rot5.png,1.11E+62
VAR_VIRUS-4376377-0002_rot6.png,1.11E+62
VAR_VIRUS-4382654-0002_bright0.8.png,1.00E+62
VAR_VIRUS-4382654-0002_bright0.9.png,1.00E+62
VAR_VIRUS-4382654-0002_bright1.1.png,1.00E+62
VAR_VIRUS-4382654-0002_bright1.2.png,1.00E+62
VAR_VIRUS-4382654-0002_bright1.3.png,1.00E+62
VAR_VIRUS-4382654-0002_jpeg30.png,1.11E+62
VAR_VIRUS-4382654-0002_jpeg50.png,1.10E+61
VAR_VIRUS-4382654-0002_jpeg70.png,1.01E+60
VAR_VIRUS-4382654-0002_jpeg90.png,1.00E+62
VAR_VIRUS-4382654-0002_noise0.001.png,1.00E+62
VAR_VIRUS-4382654-0002_noise0.002.png,1.00E+62
VAR_VIRUS-4382654-0002_noise0.003.png,1.00E+62
VAR_VIRUS-4382654-0002_noise0.004.png,1.00E+62
VAR_VIRUS-4382654-0002_noise0.005.png,1.00E+62
VAR_VIRUS-4382654-0002_original.png,1.00E+62
VAR_VIRUS-4382654-0002_rot1.png,1.01E+62
VAR_VIRUS-4382654-0002_rot2.png,1.00E+62
VAR_VIRUS-4382654-0002_rot3.png,1.00E+62
VAR_VIRUS-4382654-0002_rot4.png,1.00E+62
VAR_VIRUS-4382654-0002_rot5.png,1.00E+62
VAR_VIRUS-4382654-0002_rot6.png,1.00E+62
VAR_VIRUS-4387453-0001_bright0.8.png,1.11E+62
VAR_VIRUS-4387453-0001_bright0.9.png,1.11E+62
VAR_VIRUS-4387453-0001_bright1.1.png,1.11E+62
VAR_VIRUS-4387453-0001_bright1.2.png,1.11E+62
VAR_VIRUS-4387453-0001_bright1.3.png,1.11E+62
VAR_VIRUS-4387453-0001_jpeg30.png,1.11E+61
VAR_VIRUS-4387453-0001_jpeg50.png,1.11E+62
VAR_VIRUS-4387453-0001_jpeg70.png,1.11E+62
VAR_VIRUS-4387453-0001_jpeg90.png,1.11E+62
VAR_VIRUS-4387453-0001_noise0.001.png,1.11E+62
VAR_VIRUS-4387453-0001_noise0.002.png,1.11E+62
VAR_VIRUS-4387453-0001_noise0.003.png,1.11E+62
VAR_VIRUS-4387453-0001_noise0.004.png,1.11E+62
VAR_VIRUS-4387453-0001_noise0.005.png,1.11E+62
VAR_VIRUS-4387453-0001_original.png,1.11E+62
VAR_VIRUS-4387453-0001_rot1.png,1.11E+62
VAR_VIRUS-4387453-0001_rot2.png,1.11E+62
VAR_VIRUS-4387453-0001_rot3.png,1.11E+62
VAR_VIRUS-4387453-0001_rot4.png,1.11E+62
VAR_VIRUS-4387453-0001_rot5.png,1.11E+62
VAR_VIRUS-4387453-0001_rot6.png,1.11E+62
VAR_VIRUS-4394900-0008_bright0.8.png,1.00E+62
VAR_VIRUS-4394900-0008_bright0.9.png,1.00E+62
VAR_VIRUS-4394900-0008_bright1.1.png,1.00E+62
VAR_VIRUS-4394900-0008_bright1.2.png,1.00E+59
VAR_VIRUS-4394900-0008_bright1.3.png,1.01E+61
VAR_VIRUS-4394900-0008_jpeg30.png,1.11E+62
VAR_VIRUS-4394900-0008_jpeg50.png,1.11E+61
VAR_VIRUS-4394900-0008_jpeg70.png,1.11E+61
VAR_VIRUS-4394900-0008_jpeg90.png,1.00E+62
VAR_VIRUS-4394900-0008_noise0.001.png,1.00E+62
VAR_VIRUS-4394900-0008_noise0.002.png,1.00E+62
VAR_VIRUS-4394900-0008_noise0.003.png,1.00E+62
VAR_VIRUS-4394900-0008_noise0.004.png,1.00E+62
VAR_VIRUS-4394900-0008_noise0.005.png,1.00E+62
VAR_VIRUS-4394900-0008_original.png,1.00E+62
VAR_VIRUS-4394900-0008_rot1.png,1.00E+62
VAR_VIRUS-4394900-0008_rot2.png,1.00E+62
VAR_VIRUS-4394900-0008_rot3.png,1.01E+62
VAR_VIRUS-4394900-0008_rot4.png,1.11E+62
VAR_VIRUS-4394900-0008_rot5.png,1.11E+62
VAR_VIRUS-4394900-0008_rot6.png,1.11E+62
VAR_VIRUS-4396545-0002_bright0.8.png,1.11E+62
VAR_VIRUS-4396545-0002_bright0.9.png,1.11E+62
VAR_VIRUS-4396545-0002_bright1.1.png,1.11E+62
VAR_VIRUS-4396545-0002_bright1.2.png,1.11E+62
VAR_VIRUS-4396545-0002_bright1.3.png,1.11E+62
VAR_VIRUS-4396545-0002_jpeg30.png,1.11E+62
VAR_VIRUS-4396545-0002_jpeg50.png,1.11E+62
VAR_VIRUS-4396545-0002_jpeg70.png,1.11E+62
VAR_VIRUS-4396545-0002_jpeg90.png,1.11E+61
VAR_VIRUS-4396545-0002_noise0.001.png,1.11E+62
VAR_VIRUS-4396545-0002_noise0.002.png,1.11E+62
VAR_VIRUS-4396545-0002_noise0.003.png,1.11E+62
VAR_VIRUS-4396545-0002_noise0.004.png,1.11E+62
VAR_VIRUS-4396545-0002_noise0.005.png,1.11E+62
VAR_VIRUS-4396545-0002_original.png,1.11E+62
VAR_VIRUS-4396545-0002_rot1.png,1.11E+62
VAR_VIRUS-4396545-0002_rot2.png,1.11E+62
VAR_VIRUS-4396545-0002_rot3.png,1.11E+62
VAR_VIRUS-4396545-0002_rot4.png,1.11E+62
VAR_VIRUS-4396545-0002_rot5.png,1.11E+62
VAR_VIRUS-4396545-0002_rot6.png,1.11E+62
VAR_VIRUS-4401421-0002_bright0.8.png,1.01E+62
VAR_VIRUS-4401421-0002_bright0.9.png,1.01E+62
VAR_VIRUS-4401421-0002_bright1.1.png,1.00E+62
VAR_VIRUS-4401421-0002_bright1.2.png,1.01E+62
VAR_VIRUS-4401421-0002_bright1.3.png,1.01E+62
VAR_VIRUS-4401421-0002_jpeg30.png,1.11E+62
VAR_VIRUS-4401421-0002_jpeg50.png,1.11E+62
VAR_VIRUS-4401421-0002_jpeg70.png,1.01E+62
VAR_VIRUS-4401421-0002_jpeg90.png,1.00E+62
VAR_VIRUS-4401421-0002_noise0.001.png,1.01E+62
VAR_VIRUS-4401421-0002_noise0.002.png,1.01E+62
VAR_VIRUS-4401421-0002_noise0.003.png,1.01E+62
VAR_VIRUS-4401421-0002_noise0.004.png,1.00E+62
VAR_VIRUS-4401421-0002_noise0.005.png,1.01E+62
VAR_VIRUS-4401421-0002_original.png,1.01E+62
VAR_VIRUS-4401421-0002_rot1.png,1.00E+62
VAR_VIRUS-4401421-0002_rot2.png,1.00E+62
VAR_VIRUS-4401421-0002_rot3.png,1.00E+62
VAR_VIRUS-4401421-0002_rot4.png,1.00E+62
VAR_VIRUS-4401421-0002_rot5.png,1.01E+62
VAR_VIRUS-4401421-0002_rot6.png,1.00E+62
VAR_VIRUS-4401755-0002_bright0.8.png,1.01E+62
VAR_VIRUS-4401755-0002_bright0.9.png,1.01E+62
VAR_VIRUS-4401755-0002_bright1.1.png,1.00E+62
VAR_VIRUS-4401755-0002_bright1.2.png,1.00E+62
VAR_VIRUS-4401755-0002_bright1.3.png,1.10E+62
VAR_VIRUS-4401755-0002_jpeg30.png,1.11E+62
VAR_VIRUS-4401755-0002_jpeg50.png,1.11E+62
VAR_VIRUS-4401755-0002_jpeg70.png,1.11E+62
VAR_VIRUS-4401755-0002_jpeg90.png,1.01E+62
VAR_VIRUS-4401755-0002_noise0.001.png,1.00E+62
VAR_VIRUS-4401755-0002_noise0.002.png,1.00E+62
VAR_VIRUS-4401755-0002_noise0.003.png,1.00E+62
VAR_VIRUS-4401755-0002_noise0.004.png,1.00E+62
VAR_VIRUS-4401755-0002_noise0.005.png,1.00E+62
VAR_VIRUS-4401755-0002_original.png,1.00E+62
VAR_VIRUS-4401755-0002_rot1.png,1.01E+62
VAR_VIRUS-4401755-0002_rot2.png,1.01E+62
VAR_VIRUS-4401755-0002_rot3.png,1.11E+62
VAR_VIRUS-4401755-0002_rot4.png,1.01E+62
VAR_VIRUS-4401755-0002_rot5.png,1.11E+62
VAR_VIRUS-4401755-0002_rot6.png,1.11E+62
VAR_VIRUS-4415075-0002_bright0.8.png,1.01E+62
VAR_VIRUS-4415075-0002_bright0.9.png,1.01E+62
VAR_VIRUS-4415075-0002_bright1.1.png,1.01E+62
VAR_VIRUS-4415075-0002_bright1.2.png,1.01E+62
VAR_VIRUS-4415075-0002_bright1.3.png,1.11E+62
VAR_VIRUS-4415075-0002_jpeg30.png,1.11E+61
VAR_VIRUS-4415075-0002_jpeg50.png,1.11E+62
VAR_VIRUS-4415075-0002_jpeg70.png,1.11E+62
VAR_VIRUS-4415075-0002_jpeg90.png,1.01E+62
VAR_VIRUS-4415075-0002_noise0.001.png,1.00E+62
VAR_VIRUS-4415075-0002_noise0.002.png,1.01E+62
VAR_VIRUS-4415075-0002_noise0.003.png,1.00E+62
VAR_VIRUS-4415075-0002_noise0.004.png,1.00E+62
VAR_VIRUS-4415075-0002_noise0.005.png,1.00E+62
VAR_VIRUS-4415075-0002_original.png,1.01E+62
VAR_VIRUS-4415075-0002_rot1.png,1.11E+62
VAR_VIRUS-4415075-0002_rot2.png,1.11E+61
VAR_VIRUS-4415075-0002_rot3.png,1.11E+62
VAR_VIRUS-4415075-0002_rot4.png,1.01E+62
VAR_VIRUS-4415075-0002_rot5.png,1.01E+62
VAR_VIRUS-4415075-0002_rot6.png,1.01E+62
VAR_VIRUS-4422870-0001_bright0.8.png,1.11E+62
VAR_VIRUS-4422870-0001_bright0.9.png,1.11E+62
VAR_VIRUS-4422870-0001_bright1.1.png,1.11E+62
VAR_VIRUS-4422870-0001_bright1.2.png,1.11E+62
VAR_VIRUS-4422870-0001_bright1.3.png,1.11E+62
VAR_VIRUS-4422870-0001_jpeg30.png,1.11E+62
VAR_VIRUS-4422870-0001_jpeg50.png,1.11E+62
VAR_VIRUS-4422870-0001_jpeg70.png,1.11E+62
VAR_VIRUS-4422870-0001_jpeg90.png,1.11E+62
VAR_VIRUS-4422870-0001_noise0.001.png,1.11E+62
VAR_VIRUS-4422870-0001_noise0.002.png,1.11E+62
VAR_VIRUS-4422870-0001_noise0.003.png,1.11E+62
VAR_VIRUS-4422870-0001_noise0.004.png,1.11E+62
VAR_VIRUS-4422870-0001_noise0.005.png,1.11E+62
VAR_VIRUS-4422870-0001_original.png,1.11E+62
VAR_VIRUS-4422870-0001_rot1.png,1.11E+62
VAR_VIRUS-4422870-0001_rot2.png,1.11E+62
VAR_VIRUS-4422870-0001_rot3.png,1.11E+62
VAR_VIRUS-4422870-0001_rot4.png,1.11E+62
VAR_VIRUS-4422870-0001_rot5.png,1.11E+62
VAR_VIRUS-4422870-0001_rot6.png,1.11E+62
VAR_VIRUS-4444451-0002_bright0.8.png,1.10E+60
VAR_VIRUS-4444451-0002_bright0.9.png,1.10E+60
VAR_VIRUS-4444451-0002_bright1.1.png,1.10E+60
VAR_VIRUS-4444451-0002_bright1.2.png,1.10E+60
VAR_VIRUS-4444451-0002_bright1.3.png,1.10E+60
VAR_VIRUS-4444451-0002_jpeg30.png,1.11E+61
VAR_VIRUS-4444451-0002_jpeg50.png,1.11E+61
VAR_VIRUS-4444451-0002_jpeg70.png,1.11E+61
VAR_VIRUS-4444451-0002_jpeg90.png,1.11E+61
VAR_VIRUS-4444451-0002_noise0.001.png,1.10E+60
VAR_VIRUS-4444451-0002_noise0.002.png,1.10E+60
VAR_VIRUS-4444451-0002_noise0.003.png,1.10E+60
VAR_VIRUS-4444451-0002_noise0.004.png,1.10E+60
VAR_VIRUS-4444451-0002_noise0.005.png,1.10E+60
VAR_VIRUS-4444451-0002_original.png,1.10E+60
VAR_VIRUS-4444451-0002_rot1.png,1.11E+61
VAR_VIRUS-4444451-0002_rot2.png,1.11E+61
VAR_VIRUS-4444451-0002_rot3.png,1.11E+61
VAR_VIRUS-4444451-0002_rot4.png,1.11E+61
VAR_VIRUS-4444451-0002_rot5.png,1.11E+61
VAR_VIRUS-4444451-0002_rot6.png,1.01E+61
VAR_VIRUS-4453936-0001_bright0.8.png,1.11E+62
VAR_VIRUS-4453936-0001_bright0.9.png,1.11E+62
VAR_VIRUS-4453936-0001_bright1.1.png,1.11E+62
VAR_VIRUS-4453936-0001_bright1.2.png,1.11E+62
VAR_VIRUS-4453936-0001_bright1.3.png,1.11E+62
VAR_VIRUS-4453936-0001_jpeg30.png,1.11E+62
VAR_VIRUS-4453936-0001_jpeg50.png,1.11E+62
VAR_VIRUS-4453936-0001_jpeg70.png,1.11E+62
VAR_VIRUS-4453936-0001_jpeg90.png,1.11E+62
VAR_VIRUS-4453936-0001_noise0.001.png,1.11E+62
VAR_VIRUS-4453936-0001_noise0.002.png,1.11E+62
VAR_VIRUS-4453936-0001_noise0.003.png,1.11E+62
VAR_VIRUS-4453936-0001_noise0.004.png,1.11E+62
VAR_VIRUS-4453936-0001_noise0.005.png,1.11E+62
VAR_VIRUS-4453936-0001_original.png,1.11E+62
VAR_VIRUS-4453936-0001_rot1.png,1.11E+62
VAR_VIRUS-4453936-0001_rot2.png,1.11E+62
VAR_VIRUS-4453936-0001_rot3.png,1.11E+62
VAR_VIRUS-4453936-0001_rot4.png,1.11E+62
VAR_VIRUS-4453936-0001_rot5.png,1.11E+62
VAR_VIRUS-4453936-0001_rot6.png,1.11E+62
VAR_VIRUS-4456962-0007_bright0.8.png,1.11E+62
VAR_VIRUS-4456962-0007_bright0.9.png,1.11E+62
VAR_VIRUS-4456962-0007_bright1.1.png,1.11E+62
VAR_VIRUS-4456962-0007_bright1.2.png,1.11E+62
VAR_VIRUS-4456962-0007_bright1.3.png,1.11E+62
VAR_VIRUS-4456962-0007_jpeg30.png,1.11E+62
VAR_VIRUS-4456962-0007_jpeg50.png,1.11E+62
VAR_VIRUS-4456962-0007_jpeg70.png,1.11E+62
VAR_VIRUS-4456962-0007_jpeg90.png,1.11E+62
VAR_VIRUS-4456962-0007_noise0.001.png,1.11E+62
VAR_VIRUS-4456962-0007_noise0.002.png,1.11E+62
VAR_VIRUS-4456962-0007_noise0.003.png,1.11E+62
VAR_VIRUS-4456962-0007_noise0.004.png,1.11E+62
VAR_VIRUS-4456962-0007_noise0.005.png,1.11E+62
VAR_VIRUS-4456962-0007_original.png,1.11E+62
VAR_VIRUS-4456962-0007_rot1.png,1.11E+62
VAR_VIRUS-4456962-0007_rot2.png,1.11E+62
VAR_VIRUS-4456962-0007_rot3.png,1.11E+62
VAR_VIRUS-4456962-0007_rot4.png,1.11E+63
VAR_VIRUS-4456962-0007_rot5.png,1.11E+62
VAR_VIRUS-4456962-0007_rot6.png,1.11E+62
VAR_VIRUS-4458048-0002_bright0.8.png,1.11E+62
VAR_VIRUS-4458048-0002_bright0.9.png,1.11E+62
VAR_VIRUS-4458048-0002_bright1.1.png,1.11E+62
VAR_VIRUS-4458048-0002_bright1.2.png,1.11E+62
VAR_VIRUS-4458048-0002_bright1.3.png,1.11E+62
VAR_VIRUS-4458048-0002_jpeg30.png,1.11E+62
VAR_VIRUS-4458048-0002_jpeg50.png,1.11E+62
VAR_VIRUS-4458048-0002_jpeg70.png,1.11E+62
VAR_VIRUS-4458048-0002_jpeg90.png,1.11E+61
VAR_VIRUS-4458048-0002_noise0.001.png,1.11E+62
VAR_VIRUS-4458048-0002_noise0.002.png,1.11E+62
VAR_VIRUS-4458048-0002_noise0.003.png,1.11E+62
VAR_VIRUS-4458048-0002_noise0.004.png,1.11E+62
VAR_VIRUS-4458048-0002_noise0.005.png,1.11E+62
VAR_VIRUS-4458048-0002_original.png,1.11E+62
VAR_VIRUS-4458048-0002_rot1.png,1.11E+62
VAR_VIRUS-4458048-0002_rot2.png,1.11E+62
VAR_VIRUS-4458048-0002_rot3.png,1.11E+62
VAR_VIRUS-4458048-0002_rot4.png,1.11E+62
VAR_VIRUS-4458048-0002_rot5.png,1.11E+62
VAR_VIRUS-4458048-0002_rot6.png,1.11E+62
VAR_VIRUS-4462203-0006_bright0.8.png,1.01E+62
VAR_VIRUS-4462203-0006_bright0.9.png,1.01E+62
VAR_VIRUS-4462203-0006_bright1.1.png,1.01E+62
VAR_VIRUS-4462203-0006_bright1.2.png,1.01E+62
VAR_VIRUS-4462203-0006_bright1.3.png,1.01E+62
VAR_VIRUS-4462203-0006_jpeg30.png,1.11E+61
VAR_VIRUS-4462203-0006_jpeg50.png,1.11E+61
VAR_VIRUS-4462203-0006_jpeg70.png,1.11E+61
VAR_VIRUS-4462203-0006_jpeg90.png,1.10E+60
VAR_VIRUS-4462203-0006_noise0.001.png,1.01E+62
VAR_VIRUS-4462203-0006_noise0.002.png,1.01E+62
VAR_VIRUS-4462203-0006_noise0.003.png,1.01E+62
VAR_VIRUS-4462203-0006_noise0.004.png,1.01E+62
VAR_VIRUS-4462203-0006_noise0.005.png,1.01E+62
VAR_VIRUS-4462203-0006_original.png,1.01E+62
VAR_VIRUS-4462203-0006_rot1.png,1.01E+62
VAR_VIRUS-4462203-0006_rot2.png,1.11E+62
VAR_VIRUS-4462203-0006_rot3.png,1.11E+62
VAR_VIRUS-4462203-0006_rot4.png,1.11E+62
VAR_VIRUS-4462203-0006_rot5.png,1.11E+62
VAR_VIRUS-4462203-0006_rot6.png,1.11E+62
VAR_VIRUS-4462203-0007_bright0.8.png,1.01E+62
VAR_VIRUS-4462203-0007_bright0.9.png,1.01E+62
VAR_VIRUS-4462203-0007_bright1.1.png,1.01E+62
VAR_VIRUS-4462203-0007_bright1.2.png,1.01E+62
VAR_VIRUS-4462203-0007_bright1.3.png,1.00E+62
VAR_VIRUS-4462203-0007_jpeg30.png,1.11E+61
VAR_VIRUS-4462203-0007_jpeg50.png,1.11E+62
VAR_VIRUS-4462203-0007_jpeg70.png,1.11E+62
VAR_VIRUS-4462203-0007_jpeg90.png,1.01E+62
VAR_VIRUS-4462203-0007_noise0.001.png,1.01E+62
VAR_VIRUS-4462203-0007_noise0.002.png,1.01E+62
VAR_VIRUS-4462203-0007_noise0.003.png,1.01E+62
VAR_VIRUS-4462203-0007_noise0.004.png,1.01E+62
VAR_VIRUS-4462203-0007_noise0.005.png,1.01E+62
VAR_VIRUS-4462203-0007_original.png,1.01E+62
VAR_VIRUS-4462203-0007_rot1.png,1.01E+62
VAR_VIRUS-4462203-0007_rot2.png,1.01E+62
VAR_VIRUS-4462203-0007_rot3.png,1.01E+62
VAR_VIRUS-4462203-0007_rot4.png,1.01E+62
VAR_VIRUS-4462203-0007_rot5.png,1.01E+62
VAR_VIRUS-4462203-0007_rot6.png,1.11E+62
VAR_VIRUS-4462203-0008_bright0.8.png,1.00E+60
VAR_VIRUS-4462203-0008_bright0.9.png,1.00E+60
VAR_VIRUS-4462203-0008_bright1.1.png,1.01E+62
VAR_VIRUS-4462203-0008_bright1.2.png,1.00E+60
VAR_VIRUS-4462203-0008_bright1.3.png,1.00E+60
VAR_VIRUS-4462203-0008_jpeg30.png,1.11E+62
VAR_VIRUS-4462203-0008_jpeg50.png,1.11E+62
VAR_VIRUS-4462203-0008_jpeg70.png,1.11E+62
VAR_VIRUS-4462203-0008_jpeg90.png,1.11E+61
VAR_VIRUS-4462203-0008_noise0.001.png,1.01E+62
VAR_VIRUS-4462203-0008_noise0.002.png,1.01E+62
VAR_VIRUS-4462203-0008_noise0.003.png,1.00E+60
VAR_VIRUS-4462203-0008_noise0.004.png,1.00E+60
VAR_VIRUS-4462203-0008_noise0.005.png,1.00E+60
VAR_VIRUS-4462203-0008_original.png,1.00E+60
VAR_VIRUS-4462203-0008_rot1.png,1.01E+62
VAR_VIRUS-4462203-0008_rot2.png,1.01E+62
VAR_VIRUS-4462203-0008_rot3.png,1.00E+62
VAR_VIRUS-4462203-0008_rot4.png,1.01E+48
VAR_VIRUS-4462203-0008_rot5.png,1.00E+42
VAR_VIRUS-4462203-0008_rot6.png,1.00E+42
VAR_VIRUS-4462203-0009_bright0.8.png,1.01E+62
VAR_VIRUS-4462203-0009_bright0.9.png,1.01E+62
VAR_VIRUS-4462203-0009_bright1.1.png,1.00E+62
VAR_VIRUS-4462203-0009_bright1.2.png,1.00E+62
VAR_VIRUS-4462203-0009_bright1.3.png,1.00E+62
VAR_VIRUS-4462203-0009_jpeg30.png,1.11E+62
VAR_VIRUS-4462203-0009_jpeg50.png,1.11E+61
VAR_VIRUS-4462203-0009_jpeg70.png,1.11E+61
VAR_VIRUS-4462203-0009_jpeg90.png,1.01E+62
VAR_VIRUS-4462203-0009_noise0.001.png,1.00E+62
VAR_VIRUS-4462203-0009_noise0.002.png,1.01E+62
VAR_VIRUS-4462203-0009_noise0.003.png,1.01E+62
VAR_VIRUS-4462203-0009_noise0.004.png,1.01E+62
VAR_VIRUS-4462203-0009_noise0.005.png,1.01E+62
VAR_VIRUS-4462203-0009_original.png,1.01E+62
VAR_VIRUS-4462203-0009_rot1.png,1.00E+62
VAR_VIRUS-4462203-0009_rot2.png,1.11E+62
VAR_VIRUS-4462203-0009_rot3.png,1.11E+62
VAR_VIRUS-4462203-0009_rot4.png,1.11E+62
VAR_VIRUS-4462203-0009_rot5.png,1.11E+62
VAR_VIRUS-4462203-0009_rot6.png,1.11E+62
VAR_VIRUS-4462203-0010_bright0.8.png,1.00E+62
VAR_VIRUS-4462203-0010_bright0.9.png,1.00E+59
VAR_VIRUS-4462203-0010_bright1.1.png,1.10E+60
VAR_VIRUS-4462203-0010_bright1.2.png,1.10E+60
VAR_VIRUS-4462203-0010_bright1.3.png,1.10E+60
VAR_VIRUS-4462203-0010_jpeg30.png,1.11E+62
VAR_VIRUS-4462203-0010_jpeg50.png,1.11E+62
VAR_VIRUS-4462203-0010_jpeg70.png,1.11E+62
VAR_VIRUS-4462203-0010_jpeg90.png,1.01E+62
VAR_VIRUS-4462203-0010_noise0.001.png,1.00E+62
VAR_VIRUS-4462203-0010_noise0.002.png,1.01E+62
VAR_VIRUS-4462203-0010_noise0.003.png,1.01E+62
VAR_VIRUS-4462203-0010_noise0.004.png,1.10E+60
VAR_VIRUS-4462203-0010_noise0.005.png,1.00E+62
VAR_VIRUS-4462203-0010_original.png,1.10E+60
VAR_VIRUS-4462203-0010_rot1.png,1.01E+62
VAR_VIRUS-4462203-0010_rot2.png,1.11E+62
VAR_VIRUS-4462203-0010_rot3.png,1.11E+62
VAR_VIRUS-4462203-0010_rot4.png,1.11E+62
VAR_VIRUS-4462203-0010_rot5.png,1.11E+62
VAR_VIRUS-4462203-0010_rot6.png,1.11E+62
VAR_VIRUS-4462203-0011_bright0.8.png,1.01E+62
VAR_VIRUS-4462203-0011_bright0.9.png,1.01E+62
VAR_VIRUS-4462203-0011_bright1.1.png,1.01E+62
VAR_VIRUS-4462203-0011_bright1.2.png,1.01E+62
VAR_VIRUS-4462203-0011_bright1.3.png,1.10E+60
VAR_VIRUS-4462203-0011_jpeg30.png,1.11E+62
VAR_VIRUS-4462203-0011_jpeg50.png,1.11E+62
VAR_VIRUS-4462203-0011_jpeg70.png,1.11E+61
VAR_VIRUS-4462203-0011_jpeg90.png,1.11E+62
VAR_VIRUS-4462203-0011_noise0.001.png,1.01E+62
VAR_VIRUS-4462203-0011_noise0.002.png,1.01E+62
VAR_VIRUS-4462203-0011_noise0.003.png,1.01E+62
VAR_VIRUS-4462203-0011_noise0.004.png,1.01E+62
VAR_VIRUS-4462203-0011_noise0.005.png,1.01E+62
VAR_VIRUS-4462203-0011_original.png,1.01E+62
VAR_VIRUS-4462203-0011_rot1.png,1.11E+62
VAR_VIRUS-4462203-0011_rot2.png,1.11E+62
VAR_VIRUS-4462203-0011_rot3.png,1.11E+62
VAR_VIRUS-4462203-0011_rot4.png,1.11E+62
VAR_VIRUS-4462203-0011_rot5.png,1.11E+62
VAR_VIRUS-4462203-0011_rot6.png,1.11E+62
VAR_VIRUS-4462203-0012_bright0.8.png,1.11E+62
VAR_VIRUS-4462203-0012_bright0.9.png,1.11E+62
VAR_VIRUS-4462203-0012_bright1.1.png,1.11E+62
VAR_VIRUS-4462203-0012_bright1.2.png,1.11E+61
VAR_VIRUS-4462203-0012_bright1.3.png,1.11E+61
VAR_VIRUS-4462203-0012_jpeg30.png,1.11E+61
VAR_VIRUS-4462203-0012_jpeg50.png,1.11E+61
VAR_VIRUS-4462203-0012_jpeg70.png,1.11E+61
VAR_VIRUS-4462203-0012_jpeg90.png,1.11E+62
VAR_VIRUS-4462203-0012_noise0.001.png,1.11E+62
VAR_VIRUS-4462203-0012_noise0.002.png,1.11E+62
VAR_VIRUS-4462203-0012_noise0.003.png,1.11E+62
VAR_VIRUS-4462203-0012_noise0.004.png,1.11E+62
VAR_VIRUS-4462203-0012_noise0.005.png,1.11E+62
VAR_VIRUS-4462203-0012_original.png,1.11E+62
VAR_VIRUS-4462203-0012_rot1.png,1.11E+61
VAR_VIRUS-4462203-0012_rot2.png,1.11E+62
VAR_VIRUS-4462203-0012_rot3.png,1.11E+61
VAR_VIRUS-4462203-0012_rot4.png,1.11E+61
VAR_VIRUS-4462203-0012_rot5.png,1.01E+61
VAR_VIRUS-4462203-0012_rot6.png,1.01E+61
VAR_VIRUS-4464623-0002_bright0.8.png,1.11E+62
VAR_VIRUS-4464623-0002_bright0.9.png,1.11E+62
VAR_VIRUS-4464623-0002_bright1.1.png,1.11E+62
VAR_VIRUS-4464623-0002_bright1.2.png,1.11E+62
VAR_VIRUS-4464623-0002_bright1.3.png,1.11E+62
VAR_VIRUS-4464623-0002_jpeg30.png,1.11E+62
VAR_VIRUS-4464623-0002_jpeg50.png,1.11E+62
VAR_VIRUS-4464623-0002_jpeg70.png,1.11E+62
VAR_VIRUS-4464623-0002_jpeg90.png,1.11E+62
VAR_VIRUS-4464623-0002_noise0.001.png,1.11E+62
VAR_VIRUS-4464623-0002_noise0.002.png,1.11E+62
VAR_VIRUS-4464623-0002_noise0.003.png,1.11E+62
VAR_VIRUS-4464623-0002_noise0.004.png,1.11E+62
VAR_VIRUS-4464623-0002_noise0.005.png,1.11E+62
VAR_VIRUS-4464623-0002_original.png,1.11E+62
VAR_VIRUS-4464623-0002_rot1.png,1.11E+62
VAR_VIRUS-4464623-0002_rot2.png,1.11E+62
VAR_VIRUS-4464623-0002_rot3.png,1.11E+62
VAR_VIRUS-4464623-0002_rot4.png,1.11E+62
VAR_VIRUS-4464623-0002_rot5.png,1.11E+62
VAR_VIRUS-4464623-0002_rot6.png,1.11E+62
VAR_VIRUS-4467110-0002_bright0.8.png,1.01E+62
VAR_VIRUS-4467110-0002_bright0.9.png,1.01E+62
VAR_VIRUS-4467110-0002_bright1.1.png,1.01E+62
VAR_VIRUS-4467110-0002_bright1.2.png,1.00E+62
VAR_VIRUS-4467110-0002_bright1.3.png,1.00E+62
VAR_VIRUS-4467110-0002_jpeg30.png,1.11E+62
VAR_VIRUS-4467110-0002_jpeg50.png,1.11E+62
VAR_VIRUS-4467110-0002_jpeg70.png,1.01E+62
VAR_VIRUS-4467110-0002_jpeg90.png,1.01E+62
VAR_VIRUS-4467110-0002_noise0.001.png,1.00E+62
VAR_VIRUS-4467110-0002_noise0.002.png,1.00E+62
VAR_VIRUS-4467110-0002_noise0.003.png,1.00E+62
VAR_VIRUS-4467110-0002_noise0.004.png,1.00E+62
VAR_VIRUS-4467110-0002_noise0.005.png,1.00E+62
VAR_VIRUS-4467110-0002_original.png,1.01E+62
VAR_VIRUS-4467110-0002_rot1.png,1.00E+62
VAR_VIRUS-4467110-0002_rot2.png,1.00E+62
VAR_VIRUS-4467110-0002_rot3.png,1.01E+62
VAR_VIRUS-4467110-0002_rot4.png,1.01E+62
VAR_VIRUS-4467110-0002_rot5.png,1.01E+62
VAR_VIRUS-4467110-0002_rot6.png,1.00E+62
VAR_VIRUS-4469305-0002_bright0.8.png,1.11E+62
VAR_VIRUS-4469305-0002_bright0.9.png,1.11E+62
VAR_VIRUS-4469305-0002_bright1.1.png,1.01E+62
VAR_VIRUS-4469305-0002_bright1.2.png,1.11E+62
VAR_VIRUS-4469305-0002_bright1.3.png,1.01E+62
VAR_VIRUS-4469305-0002_jpeg30.png,1.11E+62
VAR_VIRUS-4469305-0002_jpeg50.png,1.01E+62
VAR_VIRUS-4469305-0002_jpeg70.png,1.11E+62
VAR_VIRUS-4469305-0002_jpeg90.png,1.01E+62
VAR_VIRUS-4469305-0002_noise0.001.png,1.01E+62
VAR_VIRUS-4469305-0002_noise0.002.png,1.11E+62
VAR_VIRUS-4469305-0002_noise0.003.png,1.11E+62
VAR_VIRUS-4469305-0002_noise0.004.png,1.11E+62
VAR_VIRUS-4469305-0002_noise0.005.png,1.11E+62
VAR_VIRUS-4469305-0002_original.png,1.01E+62
VAR_VIRUS-4469305-0002_rot1.png,1.01E+62
VAR_VIRUS-4469305-0002_rot2.png,1.01E+62
VAR_VIRUS-4469305-0002_rot3.png,1.01E+62
VAR_VIRUS-4469305-0002_rot4.png,1.01E+62
VAR_VIRUS-4469305-0002_rot5.png,1.01E+62
VAR_VIRUS-4469305-0002_rot6.png,1.01E+62
VAR_VIRUS-7700975-0005_bright0.8.png,1.01E+62
VAR_VIRUS-7700975-0005_bright0.9.png,1.01E+62
VAR_VIRUS-7700975-0005_bright1.1.png,1.00E+62
VAR_VIRUS-7700975-0005_bright1.2.png,1.01E+62
VAR_VIRUS-7700975-0005_bright1.3.png,1.01E+62
VAR_VIRUS-7700975-0005_jpeg30.png,1.11E+61
VAR_VIRUS-7700975-0005_jpeg50.png,1.11E+61
VAR_VIRUS-7700975-0005_jpeg70.png,1.11E+61
VAR_VIRUS-7700975-0005_jpeg90.png,1.01E+62
VAR_VIRUS-7700975-0005_noise0.001.png,1.00E+62
VAR_VIRUS-7700975-0005_noise0.002.png,1.01E+62
VAR_VIRUS-7700975-0005_noise0.003.png,1.00E+62
VAR_VIRUS-7700975-0005_noise0.004.png,1.01E+62
VAR_VIRUS-7700975-0005_noise0.005.png,1.01E+62
VAR_VIRUS-7700975-0005_original.png,1.01E+62
VAR_VIRUS-7700975-0005_rot1.png,1.11E+62
VAR_VIRUS-7700975-0005_rot2.png,1.01E+62
VAR_VIRUS-7700975-0005_rot3.png,1.11E+62
VAR_VIRUS-7700975-0005_rot4.png,1.11E+62
VAR_VIRUS-7700975-0005_rot5.png,1.11E+62
VAR_VIRUS-7700975-0005_rot6.png,1.11E+62
VAR_VIRUS-7704214-0002_bright0.8.png,1.11E+62
VAR_VIRUS-7704214-0002_bright0.9.png,1.11E+62
VAR_VIRUS-7704214-0002_bright1.1.png,1.11E+62
VAR_VIRUS-7704214-0002_bright1.2.png,1.11E+62
VAR_VIRUS-7704214-0002_bright1.3.png,1.11E+62
VAR_VIRUS-7704214-0002_jpeg30.png,1.11E+62
VAR_VIRUS-7704214-0002_jpeg50.png,1.11E+62
VAR_VIRUS-7704214-0002_jpeg70.png,1.11E+62
VAR_VIRUS-7704214-0002_jpeg90.png,1.11E+62
VAR_VIRUS-7704214-0002_noise0.001.png,1.11E+62
VAR_VIRUS-7704214-0002_noise0.002.png,1.11E+62
VAR_VIRUS-7704214-0002_noise0.003.png,1.11E+62
VAR_VIRUS-7704214-0002_noise0.004.png,1.11E+62
VAR_VIRUS-7704214-0002_noise0.005.png,1.11E+62
VAR_VIRUS-7704214-0002_original.png,1.11E+62
VAR_VIRUS-7704214-0002_rot1.png,1.11E+62
VAR_VIRUS-7704214-0002_rot2.png,1.11E+62
VAR_VIRUS-7704214-0002_rot3.png,1.11E+62
VAR_VIRUS-7704214-0002_rot4.png,1.11E+62
VAR_VIRUS-7704214-0002_rot5.png,1.11E+62
VAR_VIRUS-7704214-0002_rot6.png,1.11E+62
VAR_VIRUS-7704214-0003_bright0.8.png,1.11E+62
VAR_VIRUS-7704214-0003_bright0.9.png,1.11E+62
VAR_VIRUS-7704214-0003_bright1.1.png,1.11E+62
VAR_VIRUS-7704214-0003_bright1.2.png,1.11E+62
VAR_VIRUS-7704214-0003_bright1.3.png,1.11E+61
VAR_VIRUS-7704214-0003_jpeg30.png,1.11E+61
VAR_VIRUS-7704214-0003_jpeg50.png,1.11E+62
VAR_VIRUS-7704214-0003_jpeg70.png,1.11E+62
VAR_VIRUS-7704214-0003_jpeg90.png,1.11E+61
VAR_VIRUS-7704214-0003_noise0.001.png,1.11E+62
VAR_VIRUS-7704214-0003_noise0.002.png,1.11E+62
VAR_VIRUS-7704214-0003_noise0.003.png,1.11E+62
VAR_VIRUS-7704214-0003_noise0.004.png,1.11E+62
VAR_VIRUS-7704214-0003_noise0.005.png,1.11E+62
VAR_VIRUS-7704214-0003_original.png,1.11E+62
VAR_VIRUS-7704214-0003_rot1.png,1.11E+62
VAR_VIRUS-7704214-0003_rot2.png,1.11E+62
VAR_VIRUS-7704214-0003_rot3.png,1.11E+62
VAR_VIRUS-7704214-0003_rot4.png,1.11E+62
VAR_VIRUS-7704214-0003_rot5.png,1.11E+62
VAR_VIRUS-7704214-0003_rot6.png,1.11E+62
VAR_VIRUS-7710112-0002_bright0.8.png,1.11E+61
VAR_VIRUS-7710112-0002_bright0.9.png,1.11E+61
VAR_VIRUS-7710112-0002_bright1.1.png,1.11E+62
VAR_VIRUS-7710112-0002_bright1.2.png,1.11E+62
VAR_VIRUS-7710112-0002_bright1.3.png,1.11E+61
VAR_VIRUS-7710112-0002_jpeg30.png,1.11E+61
VAR_VIRUS-7710112-0002_jpeg50.png,1.11E+62
VAR_VIRUS-7710112-0002_jpeg70.png,1.11E+62
VAR_VIRUS-7710112-0002_jpeg90.png,1.11E+62
VAR_VIRUS-7710112-0002_noise0.001.png,1.11E+61
VAR_VIRUS-7710112-0002_noise0.002.png,1.11E+62
VAR_VIRUS-7710112-0002_noise0.003.png,1.11E+62
VAR_VIRUS-7710112-0002_noise0.004.png,1.11E+61
VAR_VIRUS-7710112-0002_noise0.005.png,1.11E+62
VAR_VIRUS-7710112-0002_original.png,1.11E+61
VAR_VIRUS-7710112-0002_rot1.png,1.11E+62
VAR_VIRUS-7710112-0002_rot2.png,1.11E+62
VAR_VIRUS-7710112-0002_rot3.png,1.11E+62
VAR_VIRUS-7710112-0002_rot4.png,1.11E+62
VAR_VIRUS-7710112-0002_rot5.png,1.11E+62
VAR_VIRUS-7710112-0002_rot6.png,1.11E+62
VAR_VIRUS-7710693-0001_bright0.8.png,1.01E+62
VAR_VIRUS-7710693-0001_bright0.9.png,1.00E+62
VAR_VIRUS-7710693-0001_bright1.1.png,1.00E+62
VAR_VIRUS-7710693-0001_bright1.2.png,1.00E+62
VAR_VIRUS-7710693-0001_bright1.3.png,1.01E+62
VAR_VIRUS-7710693-0001_jpeg30.png,1.11E+62
VAR_VIRUS-7710693-0001_jpeg50.png,1.11E+62
VAR_VIRUS-7710693-0001_jpeg70.png,1.01E+62
VAR_VIRUS-7710693-0001_jpeg90.png,1.00E+62
VAR_VIRUS-7710693-0001_noise0.001.png,1.00E+62
VAR_VIRUS-7710693-0001_noise0.002.png,1.00E+62
VAR_VIRUS-7710693-0001_noise0.003.png,1.00E+62
VAR_VIRUS-7710693-0001_noise0.004.png,1.00E+62
VAR_VIRUS-7710693-0001_noise0.005.png,1.00E+62
VAR_VIRUS-7710693-0001_original.png,1.00E+62
VAR_VIRUS-7710693-0001_rot1.png,1.00E+62
VAR_VIRUS-7710693-0001_rot2.png,1.00E+62
VAR_VIRUS-7710693-0001_rot3.png,1.01E+62
VAR_VIRUS-7710693-0001_rot4.png,1.01E+62
VAR_VIRUS-7710693-0001_rot5.png,1.01E+62
VAR_VIRUS-7710693-0001_rot6.png,1.01E+62
VAR_VIRUS-7736073-0002_bright0.8.png,1.11E+62
VAR_VIRUS-7736073-0002_bright0.9.png,1.11E+62
VAR_VIRUS-7736073-0002_bright1.1.png,1.01E+62
VAR_VIRUS-7736073-0002_bright1.2.png,1.01E+62
VAR_VIRUS-7736073-0002_bright1.3.png,1.01E+62
VAR_VIRUS-7736073-0002_jpeg30.png,1.11E+62
VAR_VIRUS-7736073-0002_jpeg50.png,1.11E+62
VAR_VIRUS-7736073-0002_jpeg70.png,1.11E+62
VAR_VIRUS-7736073-0002_jpeg90.png,1.01E+62
VAR_VIRUS-7736073-0002_noise0.001.png,1.01E+62
VAR_VIRUS-7736073-0002_noise0.002.png,1.01E+62
VAR_VIRUS-7736073-0002_noise0.003.png,1.01E+62
VAR_VIRUS-7736073-0002_noise0.004.png,1.01E+62
VAR_VIRUS-7736073-0002_noise0.005.png,1.01E+62
VAR_VIRUS-7736073-0002_original.png,1.01E+62
VAR_VIRUS-7736073-0002_rot1.png,1.01E+62
VAR_VIRUS-7736073-0002_rot2.png,1.11E+62
VAR_VIRUS-7736073-0002_rot3.png,1.11E+62
VAR_VIRUS-7736073-0002_rot4.png,1.11E+62
VAR_VIRUS-7736073-0002_rot5.png,1.11E+62
VAR_VIRUS-7736073-0002_rot6.png,1.11E+62
VAR_VIRUS-7746316-0002_bright0.8.png,1.00E+62
VAR_VIRUS-7746316-0002_bright0.9.png,1.00E+62
VAR_VIRUS-7746316-0002_bright1.1.png,1.00E+62
VAR_VIRUS-7746316-0002_bright1.2.png,1.00E+62
VAR_VIRUS-7746316-0002_bright1.3.png,1.10E+63
VAR_VIRUS-7746316-0002_jpeg30.png,1.11E+62
VAR_VIRUS-7746316-0002_jpeg50.png,1.01E+60
VAR_VIRUS-7746316-0002_jpeg70.png,1.11E+63
VAR_VIRUS-7746316-0002_jpeg90.png,1.01E+62
VAR_VIRUS-7746316-0002_noise0.001.png,1.00E+62
VAR_VIRUS-7746316-0002_noise0.002.png,1.00E+62
VAR_VIRUS-7746316-0002_noise0.003.png,1.00E+62
VAR_VIRUS-7746316-0002_noise0.004.png,1.00E+62
VAR_VIRUS-7746316-0002_noise0.005.png,1.00E+62
VAR_VIRUS-7746316-0002_original.png,1.00E+62
VAR_VIRUS-7746316-0002_rot1.png,1.00E+62
VAR_VIRUS-7746316-0002_rot2.png,1.01E+62
VAR_VIRUS-7746316-0002_rot3.png,1.01E+62
VAR_VIRUS-7746316-0002_rot4.png,1.01E+62
VAR_VIRUS-7746316-0002_rot5.png,1.01E+62
VAR_VIRUS-7746316-0002_rot6.png,1.00E+62
VAR_VIRUS-7760029-0001_bright0.8.png,1.11E+62
VAR_VIRUS-7760029-0001_bright0.9.png,1.01E+62
VAR_VIRUS-7760029-0001_bright1.1.png,1.01E+62
VAR_VIRUS-7760029-0001_bright1.2.png,1.01E+62
VAR_VIRUS-7760029-0001_bright1.3.png,1.01E+62
VAR_VIRUS-7760029-0001_jpeg30.png,1.11E+62
VAR_VIRUS-7760029-0001_jpeg50.png,1.11E+62
VAR_VIRUS-7760029-0001_jpeg70.png,1.11E+62
VAR_VIRUS-7760029-0001_jpeg90.png,1.10E+60
VAR_VIRUS-7760029-0001_noise0.001.png,1.01E+62
VAR_VIRUS-7760029-0001_noise0.002.png,1.01E+62
VAR_VIRUS-7760029-0001_noise0.003.png,1.01E+62
VAR_VIRUS-7760029-0001_noise0.004.png,1.01E+62
VAR_VIRUS-7760029-0001_noise0.005.png,1.01E+62
VAR_VIRUS-7760029-0001_original.png,1.01E+62
VAR_VIRUS-7760029-0001_rot1.png,1.01E+62
VAR_VIRUS-7760029-0001_rot2.png,1.11E+62
VAR_VIRUS-7760029-0001_rot3.png,1.11E+62
VAR_VIRUS-7760029-0001_rot4.png,1.11E+62
VAR_VIRUS-7760029-0001_rot5.png,1.11E+62
VAR_VIRUS-7760029-0001_rot6.png,1.11E+62
VAR_VIRUS-7776636-0001_bright0.8.png,1.11E+62
VAR_VIRUS-7776636-0001_bright0.9.png,1.11E+62
VAR_VIRUS-7776636-0001_bright1.1.png,1.11E+62
VAR_VIRUS-7776636-0001_bright1.2.png,1.11E+62
VAR_VIRUS-7776636-0001_bright1.3.png,1.11E+62
VAR_VIRUS-7776636-0001_jpeg30.png,1.11E+63
VAR_VIRUS-7776636-0001_jpeg50.png,1.11E+62
VAR_VIRUS-7776636-0001_jpeg70.png,1.11E+62
VAR_VIRUS-7776636-0001_jpeg90.png,1.11E+62
VAR_VIRUS-7776636-0001_noise0.001.png,1.11E+62
VAR_VIRUS-7776636-0001_noise0.002.png,1.11E+62
VAR_VIRUS-7776636-0001_noise0.003.png,1.11E+62
VAR_VIRUS-7776636-0001_noise0.004.png,1.11E+62
VAR_VIRUS-7776636-0001_noise0.005.png,1.11E+62
VAR_VIRUS-7776636-0001_original.png,1.11E+62
VAR_VIRUS-7776636-0001_rot1.png,1.11E+62
VAR_VIRUS-7776636-0001_rot2.png,1.11E+62
VAR_VIRUS-7776636-0001_rot3.png,1.11E+62
VAR_VIRUS-7776636-0001_rot4.png,1.11E+62
VAR_VIRUS-7776636-0001_rot5.png,1.11E+62
VAR_VIRUS-7776636-0001_rot6.png,1.11E+62
VAR_VIRUS-7777605-0001_bright0.8.png,1.01E+62
VAR_VIRUS-7777605-0001_bright0.9.png,1.01E+62
VAR_VIRUS-7777605-0001_bright1.1.png,1.01E+62
VAR_VIRUS-7777605-0001_bright1.2.png,1.01E+62
VAR_VIRUS-7777605-0001_bright1.3.png,1.01E+62
VAR_VIRUS-7777605-0001_jpeg30.png,1.11E+62
VAR_VIRUS-7777605-0001_jpeg50.png,1.11E+62
VAR_VIRUS-7777605-0001_jpeg70.png,1.11E+62
VAR_VIRUS-7777605-0001_jpeg90.png,1.01E+62
VAR_VIRUS-7777605-0001_noise0.001.png,1.01E+62
VAR_VIRUS-7777605-0001_noise0.002.png,1.01E+62
VAR_VIRUS-7777605-0001_noise0.003.png,1.01E+62
VAR_VIRUS-7777605-0001_noise0.004.png,1.01E+62
VAR_VIRUS-7777605-0001_noise0.005.png,1.01E+62
VAR_VIRUS-7777605-0001_original.png,1.01E+62
VAR_VIRUS-7777605-0001_rot1.png,1.01E+62
VAR_VIRUS-7777605-0001_rot2.png,1.10E+63
VAR_VIRUS-7777605-0001_rot3.png,1.11E+62
VAR_VIRUS-7777605-0001_rot4.png,1.11E+62
VAR_VIRUS-7777605-0001_rot5.png,1.11E+62
VAR_VIRUS-7777605-0001_rot6.png,1.11E+62
VAR_VIRUS-7792467-0002_bright0.8.png,1.11E+62
VAR_VIRUS-7792467-0002_bright0.9.png,1.11E+62
VAR_VIRUS-7792467-0002_bright1.1.png,1.11E+62
VAR_VIRUS-7792467-0002_bright1.2.png,1.11E+62
VAR_VIRUS-7792467-0002_bright1.3.png,1.01E+62
VAR_VIRUS-7792467-0002_jpeg30.png,1.01E+63
VAR_VIRUS-7792467-0002_jpeg50.png,1.11E+62
VAR_VIRUS-7792467-0002_jpeg70.png,1.11E+62
VAR_VIRUS-7792467-0002_jpeg90.png,1.11E+62
VAR_VIRUS-7792467-0002_noise0.001.png,1.11E+62
VAR_VIRUS-7792467-0002_noise0.002.png,1.11E+62
VAR_VIRUS-7792467-0002_noise0.003.png,1.11E+62
VAR_VIRUS-7792467-0002_noise0.004.png,1.11E+62
VAR_VIRUS-7792467-0002_noise0.005.png,1.11E+62
VAR_VIRUS-7792467-0002_original.png,1.11E+62
VAR_VIRUS-7792467-0002_rot1.png,1.11E+62
VAR_VIRUS-7792467-0002_rot2.png,1.01E+62
VAR_VIRUS-7792467-0002_rot3.png,1.01E+62
VAR_VIRUS-7792467-0002_rot4.png,1.01E+62
VAR_VIRUS-7792467-0002_rot5.png,1.01E+62
VAR_VIRUS-7792467-0002_rot6.png,1.01E+62
VAR_VIRUS-7794093-0005_bright0.8.png,1.01E+62
VAR_VIRUS-7794093-0005_bright0.9.png,1.01E+62
VAR_VIRUS-7794093-0005_bright1.1.png,1.00E+62
VAR_VIRUS-7794093-0005_bright1.2.png,1.00E+62
VAR_VIRUS-7794093-0005_bright1.3.png,1.01E+62
VAR_VIRUS-7794093-0005_jpeg30.png,1.11E+62
VAR_VIRUS-7794093-0005_jpeg50.png,1.11E+62
VAR_VIRUS-7794093-0005_jpeg70.png,1.01E+62
VAR_VIRUS-7794093-0005_jpeg90.png,1.01E+62
VAR_VIRUS-7794093-0005_noise0.001.png,1.01E+62
VAR_VIRUS-7794093-0005_noise0.002.png,1.00E+62
VAR_VIRUS-7794093-0005_noise0.003.png,1.01E+62
VAR_VIRUS-7794093-0005_noise0.004.png,1.01E+62
VAR_VIRUS-7794093-0005_noise0.005.png,1.01E+62
VAR_VIRUS-7794093-0005_original.png,1.00E+62
VAR_VIRUS-7794093-0005_rot1.png,1.00E+62
VAR_VIRUS-7794093-0005_rot2.png,1.00E+62
VAR_VIRUS-7794093-0005_rot3.png,1.01E+62
VAR_VIRUS-7794093-0005_rot4.png,1.01E+62
VAR_VIRUS-7794093-0005_rot5.png,1.00E+62
VAR_VIRUS-7794093-0005_rot6.png,1.00E+62
VAR_VIRUS-7794093-0006_bright0.8.png,1.00E+59
VAR_VIRUS-7794093-0006_bright0.9.png,1.00E+59
VAR_VIRUS-7794093-0006_bright1.1.png,1.00E+59
VAR_VIRUS-7794093-0006_bright1.2.png,1.00E+59
VAR_VIRUS-7794093-0006_bright1.3.png,1.00E+59
VAR_VIRUS-7794093-0006_jpeg30.png,1.11E+61
VAR_VIRUS-7794093-0006_jpeg50.png,1.11E+61
VAR_VIRUS-7794093-0006_jpeg70.png,1.10E+60
VAR_VIRUS-7794093-0006_jpeg90.png,1.01E+62
VAR_VIRUS-7794093-0006_noise0.001.png,1.00E+59
VAR_VIRUS-7794093-0006_noise0.002.png,1.00E+59
VAR_VIRUS-7794093-0006_noise0.003.png,1.00E+59
VAR_VIRUS-7794093-0006_noise0.004.png,1.00E+59
VAR_VIRUS-7794093-0006_noise0.005.png,1.00E+59
VAR_VIRUS-7794093-0006_original.png,1.00E+59
VAR_VIRUS-7794093-0006_rot1.png,1.00E+62
VAR_VIRUS-7794093-0006_rot2.png,1.00E+62
VAR_VIRUS-7794093-0006_rot3.png,1.01E+62
VAR_VIRUS-7794093-0006_rot4.png,1.01E+62
VAR_VIRUS-7794093-0006_rot5.png,1.11E+61
VAR_VIRUS-7794093-0006_rot6.png,1.11E+61
VAR_VIRUS-7794093-0007_bright0.8.png,1.10E+48
VAR_VIRUS-7794093-0007_bright0.9.png,1.10E+48
VAR_VIRUS-7794093-0007_bright1.1.png,1.00E+62
VAR_VIRUS-7794093-0007_bright1.2.png,1.01E+47
VAR_VIRUS-7794093-0007_bright1.3.png,1.01E+47
VAR_VIRUS-7794093-0007_jpeg30.png,1.11E+62
VAR_VIRUS-7794093-0007_jpeg50.png,1.11E+61
VAR_VIRUS-7794093-0007_jpeg70.png,1.11E+61
VAR_VIRUS-7794093-0007_jpeg90.png,1.00E+62
VAR_VIRUS-7794093-0007_noise0.001.png,1.01E+47
VAR_VIRUS-7794093-0007_noise0.002.png,1.10E+48
VAR_VIRUS-7794093-0007_noise0.003.png,1.10E+48
VAR_VIRUS-7794093-0007_noise0.004.png,1.10E+48
VAR_VIRUS-7794093-0007_noise0.005.png,1.10E+48
VAR_VIRUS-7794093-0007_original.png,1.10E+48
VAR_VIRUS-7794093-0007_rot1.png,1.10E+62
VAR_VIRUS-7794093-0007_rot2.png,1.00E+62
VAR_VIRUS-7794093-0007_rot3.png,1.01E+61
VAR_VIRUS-7794093-0007_rot4.png,1.01E+61
VAR_VIRUS-7794093-0007_rot5.png,1.01E+61
VAR_VIRUS-7794093-0007_rot6.png,1.01E+61
VAR_VIRUS-7794093-0008_bright0.8.png,1.10E+60
VAR_VIRUS-7794093-0008_bright0.9.png,1.10E+60
VAR_VIRUS-7794093-0008_bright1.1.png,1.10E+60
VAR_VIRUS-7794093-0008_bright1.2.png,1.10E+60
VAR_VIRUS-7794093-0008_bright1.3.png,1.10E+60
VAR_VIRUS-7794093-0008_jpeg30.png,1.11E+61
VAR_VIRUS-7794093-0008_jpeg50.png,1.11E+62
VAR_VIRUS-7794093-0008_jpeg70.png,1.01E+62
VAR_VIRUS-7794093-0008_jpeg90.png,1.10E+60
VAR_VIRUS-7794093-0008_noise0.001.png,1.10E+60
VAR_VIRUS-7794093-0008_noise0.002.png,1.10E+60
VAR_VIRUS-7794093-0008_noise0.003.png,1.10E+60
VAR_VIRUS-7794093-0008_noise0.004.png,1.10E+60
VAR_VIRUS-7794093-0008_noise0.005.png,1.10E+60
VAR_VIRUS-7794093-0008_original.png,1.10E+60
VAR_VIRUS-7794093-0008_rot1.png,1.01E+62
VAR_VIRUS-7794093-0008_rot2.png,1.01E+62
VAR_VIRUS-7794093-0008_rot3.png,1.01E+62
VAR_VIRUS-7794093-0008_rot4.png,1.11E+62
VAR_VIRUS-7794093-0008_rot5.png,1.11E+62
VAR_VIRUS-7794093-0008_rot6.png,1.11E+62
VAR_VIRUS-7794093-0009_bright0.8.png,1.11E+62
VAR_VIRUS-7794093-0009_bright0.9.png,1.01E+62
VAR_VIRUS-7794093-0009_bright1.1.png,1.11E+62
VAR_VIRUS-7794093-0009_bright1.2.png,1.01E+62
VAR_VIRUS-7794093-0009_bright1.3.png,1.01E+62
VAR_VIRUS-7794093-0009_jpeg30.png,1.11E+62
VAR_VIRUS-7794093-0009_jpeg50.png,1.11E+62
VAR_VIRUS-7794093-0009_jpeg70.png,1.11E+62
VAR_VIRUS-7794093-0009_jpeg90.png,1.11E+62
VAR_VIRUS-7794093-0009_noise0.001.png,1.01E+62
VAR_VIRUS-7794093-0009_noise0.002.png,1.01E+62
VAR_VIRUS-7794093-0009_noise0.003.png,1.01E+62
VAR_VIRUS-7794093-0009_noise0.004.png,1.01E+62
VAR_VIRUS-7794093-0009_noise0.005.png,1.01E+62
VAR_VIRUS-7794093-0009_original.png,1.01E+62
VAR_VIRUS-7794093-0009_rot1.png,1.11E+62
VAR_VIRUS-7794093-0009_rot2.png,1.00E+62
VAR_VIRUS-7794093-0009_rot3.png,1.11E+62
VAR_VIRUS-7794093-0009_rot4.png,1.11E+62
VAR_VIRUS-7794093-0009_rot5.png,1.11E+62
VAR_VIRUS-7794093-0009_rot6.png,1.11E+62
VAR_VIRUS-7794093-0010_bright0.8.png,1.10E+60
VAR_VIRUS-7794093-0010_bright0.9.png,1.10E+60
VAR_VIRUS-7794093-0010_bright1.1.png,1.10E+60
VAR_VIRUS-7794093-0010_bright1.2.png,1.00E+60
VAR_VIRUS-7794093-0010_bright1.3.png,1.00E+60
VAR_VIRUS-7794093-0010_jpeg30.png,1.11E+61
VAR_VIRUS-7794093-0010_jpeg50.png,1.11E+61
VAR_VIRUS-7794093-0010_jpeg70.png,1.11E+61
VAR_VIRUS-7794093-0010_jpeg90.png,1.10E+60
VAR_VIRUS-7794093-0010_noise0.001.png,1.10E+60
VAR_VIRUS-7794093-0010_noise0.002.png,1.10E+60
VAR_VIRUS-7794093-0010_noise0.003.png,1.10E+60
VAR_VIRUS-7794093-0010_noise0.004.png,1.10E+60
VAR_VIRUS-7794093-0010_noise0.005.png,1.00E+47
VAR_VIRUS-7794093-0010_original.png,1.10E+60
VAR_VIRUS-7794093-0010_rot1.png,1.01E+62
VAR_VIRUS-7794093-0010_rot2.png,1.10E+60
VAR_VIRUS-7794093-0010_rot3.png,1.01E+62
VAR_VIRUS-7794093-0010_rot4.png,1.11E+62
VAR_VIRUS-7794093-0010_rot5.png,1.11E+62
VAR_VIRUS-7794093-0010_rot6.png,1.11E+62
VAR_VIRUS-7794093-0011_bright0.8.png,1.00E+47
VAR_VIRUS-7794093-0011_bright0.9.png,1.00E+47
VAR_VIRUS-7794093-0011_bright1.1.png,1.00E+47
VAR_VIRUS-7794093-0011_bright1.2.png,1.00E+47
VAR_VIRUS-7794093-0011_bright1.3.png,1.00E+62
VAR_VIRUS-7794093-0011_jpeg30.png,1.11E+62
VAR_VIRUS-7794093-0011_jpeg50.png,1.00E+60
VAR_VIRUS-7794093-0011_jpeg70.png,1.00E+59
VAR_VIRUS-7794093-0011_jpeg90.png,1.00E+47
VAR_VIRUS-7794093-0011_noise0.001.png,1.00E+47
VAR_VIRUS-7794093-0011_noise0.002.png,1.00E+47
VAR_VIRUS-7794093-0011_noise0.003.png,1.00E+47
VAR_VIRUS-7794093-0011_noise0.004.png,1.00E+47
VAR_VIRUS-7794093-0011_noise0.005.png,1.00E+47
VAR_VIRUS-7794093-0011_original.png,1.00E+47
VAR_VIRUS-7794093-0011_rot1.png,1.00E+62
VAR_VIRUS-7794093-0011_rot2.png,1.01E+62
VAR_VIRUS-7794093-0011_rot3.png,1.01E+62
VAR_VIRUS-7794093-0011_rot4.png,1.11E+62
VAR_VIRUS-7794093-0011_rot5.png,1.00E+62
VAR_VIRUS-7794093-0011_rot6.png,1.11E+62
VAR_VIRUS-7794093-0012_bright0.8.png,1.00E+62
VAR_VIRUS-7794093-0012_bright0.9.png,1.00E+62
VAR_VIRUS-7794093-0012_bright1.1.png,1.00E+62
VAR_VIRUS-7794093-0012_bright1.2.png,1.00E+62
VAR_VIRUS-7794093-0012_bright1.3.png,1.00E+62
VAR_VIRUS-7794093-0012_jpeg30.png,1.11E+61
VAR_VIRUS-7794093-0012_jpeg50.png,1.11E+62
VAR_VIRUS-7794093-0012_jpeg70.png,1.01E+62
VAR_VIRUS-7794093-0012_jpeg90.png,1.00E+47
VAR_VIRUS-7794093-0012_noise0.001.png,1.00E+62
VAR_VIRUS-7794093-0012_noise0.002.png,1.00E+62
VAR_VIRUS-7794093-0012_noise0.003.png,1.00E+62
VAR_VIRUS-7794093-0012_noise0.004.png,1.00E+62
VAR_VIRUS-7794093-0012_noise0.005.png,1.00E+62
VAR_VIRUS-7794093-0012_original.png,1.00E+62
VAR_VIRUS-7794093-0012_rot1.png,1.00E+62
VAR_VIRUS-7794093-0012_rot2.png,1.00E+62
VAR_VIRUS-7794093-0012_rot3.png,1.00E+62
VAR_VIRUS-7794093-0012_rot4.png,1.00E+62
VAR_VIRUS-7794093-0012_rot5.png,1.00E+62
VAR_VIRUS-7794093-0012_rot6.png,1.00E+62
VAR_VIRUS-7794093-0013_bright0.8.png,1.10E+60
VAR_VIRUS-7794093-0013_bright0.9.png,1.10E+60
VAR_VIRUS-7794093-0013_bright1.1.png,1.10E+60
VAR_VIRUS-7794093-0013_bright1.2.png,1.10E+60
VAR_VIRUS-7794093-0013_bright1.3.png,1.10E+60
VAR_VIRUS-7794093-0013_jpeg30.png,1.11E+61
VAR_VIRUS-7794093-0013_jpeg50.png,1.11E+61
VAR_VIRUS-7794093-0013_jpeg70.png,1.11E+61
VAR_VIRUS-7794093-0013_jpeg90.png,1.10E+60
VAR_VIRUS-7794093-0013_noise0.001.png,1.10E+60
VAR_VIRUS-7794093-0013_noise0.002.png,1.10E+60
VAR_VIRUS-7794093-0013_noise0.003.png,1.10E+60
VAR_VIRUS-7794093-0013_noise0.004.png,1.10E+60
VAR_VIRUS-7794093-0013_noise0.005.png,1.10E+60
VAR_VIRUS-7794093-0013_original.png,1.10E+60
VAR_VIRUS-7794093-0013_rot1.png,1.00E+59
VAR_VIRUS-7794093-0013_rot2.png,1.00E+59
VAR_VIRUS-7794093-0013_rot3.png,1.00E+62
VAR_VIRUS-7794093-0013_rot4.png,1.00E+62
VAR_VIRUS-7794093-0013_rot5.png,1.00E+62
VAR_VIRUS-7794093-0013_rot6.png,1.00E+62
VAR_VIRUS-7795904-0001_bright0.8.png,1.00E+62
VAR_VIRUS-7795904-0001_bright0.9.png,1.00E+62
VAR_VIRUS-7795904-0001_bright1.1.png,1.00E+62
VAR_VIRUS-7795904-0001_bright1.2.png,1.00E+62
VAR_VIRUS-7795904-0001_bright1.3.png,1.01E+62
VAR_VIRUS-7795904-0001_jpeg30.png,1.11E+62
VAR_VIRUS-7795904-0001_jpeg50.png,1.11E+62
VAR_VIRUS-7795904-0001_jpeg70.png,1.11E+62
VAR_VIRUS-7795904-0001_jpeg90.png,1.00E+62
VAR_VIRUS-7795904-0001_noise0.001.png,1.00E+62
VAR_VIRUS-7795904-0001_noise0.002.png,1.00E+62
VAR_VIRUS-7795904-0001_noise0.003.png,1.00E+62
VAR_VIRUS-7795904-0001_noise0.004.png,1.00E+62
VAR_VIRUS-7795904-0001_noise0.005.png,1.00E+62
VAR_VIRUS-7795904-0001_original.png,1.00E+62
VAR_VIRUS-7795904-0001_rot1.png,1.10E+62
VAR_VIRUS-7795904-0001_rot2.png,1.11E+62
VAR_VIRUS-7795904-0001_rot3.png,1.11E+62
VAR_VIRUS-7795904-0001_rot4.png,1.11E+62
VAR_VIRUS-7795904-0001_rot5.png,1.11E+62
VAR_VIRUS-7795904-0001_rot6.png,1.10E+62
VAR_VIRUS-7796189-0002_bright0.8.png,1.11E+62
VAR_VIRUS-7796189-0002_bright0.9.png,1.11E+62
VAR_VIRUS-7796189-0002_bright1.1.png,1.11E+62
VAR_VIRUS-7796189-0002_bright1.2.png,1.11E+62
VAR_VIRUS-7796189-0002_bright1.3.png,1.11E+62
VAR_VIRUS-7796189-0002_jpeg30.png,1.11E+62
VAR_VIRUS-7796189-0002_jpeg50.png,1.11E+62
VAR_VIRUS-7796189-0002_jpeg70.png,1.11E+62
VAR_VIRUS-7796189-0002_jpeg90.png,1.11E+62
VAR_VIRUS-7796189-0002_noise0.001.png,1.11E+62
VAR_VIRUS-7796189-0002_noise0.002.png,1.11E+62
VAR_VIRUS-7796189-0002_noise0.003.png,1.11E+63
VAR_VIRUS-7796189-0002_noise0.004.png,1.11E+62
VAR_VIRUS-7796189-0002_noise0.005.png,1.11E+62
VAR_VIRUS-7796189-0002_original.png,1.11E+62
VAR_VIRUS-7796189-0002_rot1.png,1.11E+63
VAR_VIRUS-7796189-0002_rot2.png,1.11E+63
VAR_VIRUS-7796189-0002_rot3.png,1.11E+62
VAR_VIRUS-7796189-0002_rot4.png,1.11E+62
VAR_VIRUS-7796189-0002_rot5.png,1.11E+62
VAR_VIRUS-7796189-0002_rot6.png,1.11E+62
VAR_VIRUS-7811141-0001_bright0.8.png,1.11E+62
VAR_VIRUS-7811141-0001_bright0.9.png,1.11E+62
VAR_VIRUS-7811141-0001_bright1.1.png,1.11E+62
VAR_VIRUS-7811141-0001_bright1.2.png,1.11E+62
VAR_VIRUS-7811141-0001_bright1.3.png,1.10E+61
VAR_VIRUS-7811141-0001_jpeg30.png,1.11E+62
VAR_VIRUS-7811141-0001_jpeg50.png,1.11E+62
VAR_VIRUS-7811141-0001_jpeg70.png,1.11E+62
VAR_VIRUS-7811141-0001_jpeg90.png,1.01E+62
VAR_VIRUS-7811141-0001_noise0.001.png,1.11E+62
VAR_VIRUS-7811141-0001_noise0.002.png,1.11E+62
VAR_VIRUS-7811141-0001_noise0.003.png,1.11E+62
VAR_VIRUS-7811141-0001_noise0.004.png,1.11E+62
VAR_VIRUS-7811141-0001_noise0.005.png,1.11E+62
VAR_VIRUS-7811141-0001_original.png,1.11E+62
VAR_VIRUS-7811141-0001_rot1.png,1.11E+62
VAR_VIRUS-7811141-0001_rot2.png,1.11E+62
VAR_VIRUS-7811141-0001_rot3.png,1.11E+62
VAR_VIRUS-7811141-0001_rot4.png,1.11E+62
VAR_VIRUS-7811141-0001_rot5.png,1.11E+62
VAR_VIRUS-7811141-0001_rot6.png,1.11E+62
VAR_VIRUS-7823222-0003_bright0.8.png,1.01E+62
VAR_VIRUS-7823222-0003_bright0.9.png,1.01E+62
VAR_VIRUS-7823222-0003_bright1.1.png,1.01E+62
VAR_VIRUS-7823222-0003_bright1.2.png,1.01E+62
VAR_VIRUS-7823222-0003_bright1.3.png,1.01E+62
VAR_VIRUS-7823222-0003_jpeg30.png,1.11E+61
VAR_VIRUS-7823222-0003_jpeg50.png,1.11E+61
VAR_VIRUS-7823222-0003_jpeg70.png,1.11E+62
VAR_VIRUS-7823222-0003_jpeg90.png,1.01E+62
VAR_VIRUS-7823222-0003_noise0.001.png,1.01E+62
VAR_VIRUS-7823222-0003_noise0.002.png,1.01E+62
VAR_VIRUS-7823222-0003_noise0.003.png,1.01E+62
VAR_VIRUS-7823222-0003_noise0.004.png,1.01E+62
VAR_VIRUS-7823222-0003_noise0.005.png,1.01E+62
VAR_VIRUS-7823222-0003_original.png,1.01E+62
VAR_VIRUS-7823222-0003_rot1.png,1.01E+62
VAR_VIRUS-7823222-0003_rot2.png,1.01E+62
VAR_VIRUS-7823222-0003_rot3.png,1.01E+62
VAR_VIRUS-7823222-0003_rot4.png,1.01E+62
VAR_VIRUS-7823222-0003_rot5.png,1.01E+62
VAR_VIRUS-7823222-0003_rot6.png,1.11E+62
VAR_VIRUS-7828190-0001_bright0.8.png,1.01E+62
VAR_VIRUS-7828190-0001_bright0.9.png,1.01E+62
VAR_VIRUS-7828190-0001_bright1.1.png,1.01E+62
VAR_VIRUS-7828190-0001_bright1.2.png,1.00E+62
VAR_VIRUS-7828190-0001_bright1.3.png,1.01E+62
VAR_VIRUS-7828190-0001_jpeg30.png,1.11E+62
VAR_VIRUS-7828190-0001_jpeg50.png,1.11E+62
VAR_VIRUS-7828190-0001_jpeg70.png,1.01E+62
VAR_VIRUS-7828190-0001_jpeg90.png,1.01E+62
VAR_VIRUS-7828190-0001_noise0.001.png,1.01E+62
VAR_VIRUS-7828190-0001_noise0.002.png,1.01E+62
VAR_VIRUS-7828190-0001_noise0.003.png,1.01E+62
VAR_VIRUS-7828190-0001_noise0.004.png,1.01E+62
VAR_VIRUS-7828190-0001_noise0.005.png,1.01E+62
VAR_VIRUS-7828190-0001_original.png,1.01E+62
VAR_VIRUS-7828190-0001_rot1.png,1.01E+62
VAR_VIRUS-7828190-0001_rot2.png,1.01E+62
VAR_VIRUS-7828190-0001_rot3.png,1.01E+62
VAR_VIRUS-7828190-0001_rot4.png,1.11E+63
VAR_VIRUS-7828190-0001_rot5.png,1.01E+62
VAR_VIRUS-7828190-0001_rot6.png,1.01E+62
VAR_VIRUS-7834241-0003_bright0.8.png,1.01E+62
VAR_VIRUS-7834241-0003_bright0.9.png,1.01E+62
VAR_VIRUS-7834241-0003_bright1.1.png,1.01E+62
VAR_VIRUS-7834241-0003_bright1.2.png,1.01E+62
VAR_VIRUS-7834241-0003_bright1.3.png,1.01E+62
VAR_VIRUS-7834241-0003_jpeg30.png,1.11E+61
VAR_VIRUS-7834241-0003_jpeg50.png,1.11E+62
VAR_VIRUS-7834241-0003_jpeg70.png,1.11E+62
VAR_VIRUS-7834241-0003_jpeg90.png,1.01E+62
VAR_VIRUS-7834241-0003_noise0.001.png,1.01E+62
VAR_VIRUS-7834241-0003_noise0.002.png,1.01E+62
VAR_VIRUS-7834241-0003_noise0.003.png,1.01E+62
VAR_VIRUS-7834241-0003_noise0.004.png,1.01E+62
VAR_VIRUS-7834241-0003_noise0.005.png,1.01E+62
VAR_VIRUS-7834241-0003_original.png,1.01E+62
VAR_VIRUS-7834241-0003_rot1.png,1.00E+62
VAR_VIRUS-7834241-0003_rot2.png,1.01E+62
VAR_VIRUS-7834241-0003_rot3.png,1.11E+63
VAR_VIRUS-7834241-0003_rot4.png,1.11E+62
VAR_VIRUS-7834241-0003_rot5.png,1.11E+63
VAR_VIRUS-7834241-0003_rot6.png,1.11E+62
VAR_VIRUS-7847892-0007_bright0.8.png,1.00E+62
VAR_VIRUS-7847892-0007_bright0.9.png,1.00E+62
VAR_VIRUS-7847892-0007_bright1.1.png,1.00E+62
VAR_VIRUS-7847892-0007_bright1.2.png,1.00E+62
VAR_VIRUS-7847892-0007_bright1.3.png,1.01E+62
VAR_VIRUS-7847892-0007_jpeg30.png,1.11E+61
VAR_VIRUS-7847892-0007_jpeg50.png,1.11E+62
VAR_VIRUS-7847892-0007_jpeg70.png,1.11E+62
VAR_VIRUS-7847892-0007_jpeg90.png,1.01E+62
VAR_VIRUS-7847892-0007_noise0.001.png,1.00E+62
VAR_VIRUS-7847892-0007_noise0.002.png,1.00E+62
VAR_VIRUS-7847892-0007_noise0.003.png,1.00E+62
VAR_VIRUS-7847892-0007_noise0.004.png,1.00E+62
VAR_VIRUS-7847892-0007_noise0.005.png,1.00E+62
VAR_VIRUS-7847892-0007_original.png,1.00E+62
VAR_VIRUS-7847892-0007_rot1.png,1.01E+62
VAR_VIRUS-7847892-0007_rot2.png,1.01E+62
VAR_VIRUS-7847892-0007_rot3.png,1.01E+62
VAR_VIRUS-7847892-0007_rot4.png,1.11E+62
VAR_VIRUS-7847892-0007_rot5.png,1.11E+62
VAR_VIRUS-7847892-0007_rot6.png,1.11E+62
VAR_VIRUS-7849162-0003_bright0.8.png,1.01E+62
VAR_VIRUS-7849162-0003_bright0.9.png,1.01E+62
VAR_VIRUS-7849162-0003_bright1.1.png,1.00E+62
VAR_VIRUS-7849162-0003_bright1.2.png,1.00E+62
VAR_VIRUS-7849162-0003_bright1.3.png,1.00E+62
VAR_VIRUS-7849162-0003_jpeg30.png,1.11E+62
VAR_VIRUS-7849162-0003_jpeg50.png,1.01E+62
VAR_VIRUS-7849162-0003_jpeg70.png,1.00E+62
VAR_VIRUS-7849162-0003_jpeg90.png,1.00E+62
VAR_VIRUS-7849162-0003_noise0.001.png,1.00E+62
VAR_VIRUS-7849162-0003_noise0.002.png,1.01E+62
VAR_VIRUS-7849162-0003_noise0.003.png,1.00E+62
VAR_VIRUS-7849162-0003_noise0.004.png,1.01E+62
VAR_VIRUS-7849162-0003_noise0.005.png,1.00E+62
VAR_VIRUS-7849162-0003_original.png,1.00E+62
VAR_VIRUS-7849162-0003_rot1.png,1.00E+62
VAR_VIRUS-7849162-0003_rot2.png,1.00E+62
VAR_VIRUS-7849162-0003_rot3.png,1.00E+62
VAR_VIRUS-7849162-0003_rot4.png,1.00E+62
VAR_VIRUS-7849162-0003_rot5.png,1.00E+62
VAR_VIRUS-7849162-0003_rot6.png,1.01E+62
VAR_VIRUS-7882471-0007_bright0.8.png,1.01E+62
VAR_VIRUS-7882471-0007_bright0.9.png,1.00E+62
VAR_VIRUS-7882471-0007_bright1.1.png,1.00E+62
VAR_VIRUS-7882471-0007_bright1.2.png,1.00E+62
VAR_VIRUS-7882471-0007_bright1.3.png,1.00E+62
VAR_VIRUS-7882471-0007_jpeg30.png,1.11E+63
VAR_VIRUS-7882471-0007_jpeg50.png,1.11E+62
VAR_VIRUS-7882471-0007_jpeg70.png,1.11E+62
VAR_VIRUS-7882471-0007_jpeg90.png,1.00E+62
VAR_VIRUS-7882471-0007_noise0.001.png,1.00E+62
VAR_VIRUS-7882471-0007_noise0.002.png,1.00E+62
VAR_VIRUS-7882471-0007_noise0.003.png,1.00E+62
VAR_VIRUS-7882471-0007_noise0.004.png,1.00E+62
VAR_VIRUS-7882471-0007_noise0.005.png,1.00E+62
VAR_VIRUS-7882471-0007_original.png,1.00E+62
VAR_VIRUS-7882471-0007_rot1.png,1.00E+62
VAR_VIRUS-7882471-0007_rot2.png,1.10E+63
VAR_VIRUS-7882471-0007_rot3.png,1.00E+62
VAR_VIRUS-7882471-0007_rot4.png,1.10E+63
VAR_VIRUS-7882471-0007_rot5.png,1.10E+63
VAR_VIRUS-7882471-0007_rot6.png,1.01E+62
VAR_VIRUS-7886823-0002_bright0.8.png,1.01E+62
VAR_VIRUS-7886823-0002_bright0.9.png,1.01E+62
VAR_VIRUS-7886823-0002_bright1.1.png,1.01E+62
VAR_VIRUS-7886823-0002_bright1.2.png,1.01E+62
VAR_VIRUS-7886823-0002_bright1.3.png,1.01E+62
VAR_VIRUS-7886823-0002_jpeg30.png,1.11E+62
VAR_VIRUS-7886823-0002_jpeg50.png,1.10E+63
VAR_VIRUS-7886823-0002_jpeg70.png,1.11E+62
VAR_VIRUS-7886823-0002_jpeg90.png,1.01E+62
VAR_VIRUS-7886823-0002_noise0.001.png,1.01E+62
VAR_VIRUS-7886823-0002_noise0.002.png,1.01E+62
VAR_VIRUS-7886823-0002_noise0.003.png,1.01E+62
VAR_VIRUS-7886823-0002_noise0.004.png,1.01E+62
VAR_VIRUS-7886823-0002_noise0.005.png,1.01E+62
VAR_VIRUS-7886823-0002_original.png,1.01E+62
VAR_VIRUS-7886823-0002_rot1.png,1.01E+62
VAR_VIRUS-7886823-0002_rot2.png,1.11E+62
VAR_VIRUS-7886823-0002_rot3.png,1.11E+62
VAR_VIRUS-7886823-0002_rot4.png,1.11E+62
VAR_VIRUS-7886823-0002_rot5.png,1.11E+62
VAR_VIRUS-7886823-0002_rot6.png,1.11E+62
VAR_VIRUS-7890032-0001_bright0.8.png,1.11E+62
VAR_VIRUS-7890032-0001_bright0.9.png,1.11E+62
VAR_VIRUS-7890032-0001_bright1.1.png,1.11E+62
VAR_VIRUS-7890032-0001_bright1.2.png,1.11E+62
VAR_VIRUS-7890032-0001_bright1.3.png,1.11E+62
VAR_VIRUS-7890032-0001_jpeg30.png,1.11E+62
VAR_VIRUS-7890032-0001_jpeg50.png,1.11E+62
VAR_VIRUS-7890032-0001_jpeg70.png,1.11E+62
VAR_VIRUS-7890032-0001_jpeg90.png,1.11E+62
VAR_VIRUS-7890032-0001_noise0.001.png,1.11E+62
VAR_VIRUS-7890032-0001_noise0.002.png,1.11E+62
VAR_VIRUS-7890032-0001_noise0.003.png,1.11E+62
VAR_VIRUS-7890032-0001_noise0.004.png,1.11E+62
VAR_VIRUS-7890032-0001_noise0.005.png,1.11E+62
VAR_VIRUS-7890032-0001_original.png,1.11E+62
VAR_VIRUS-7890032-0001_rot1.png,1.11E+62
VAR_VIRUS-7890032-0001_rot2.png,1.11E+62
VAR_VIRUS-7890032-0001_rot3.png,1.11E+62
VAR_VIRUS-7890032-0001_rot4.png,1.11E+62
VAR_VIRUS-7890032-0001_rot5.png,1.11E+62
VAR_VIRUS-7890032-0001_rot6.png,1.11E+62
VAR_VIRUS-7892531-0001_bright0.8.png,1.11E+61
VAR_VIRUS-7892531-0001_bright0.9.png,1.11E+61
VAR_VIRUS-7892531-0001_bright1.1.png,1.11E+61
VAR_VIRUS-7892531-0001_bright1.2.png,1.11E+61
VAR_VIRUS-7892531-0001_bright1.3.png,1.11E+61
VAR_VIRUS-7892531-0001_jpeg30.png,1.11E+62
VAR_VIRUS-7892531-0001_jpeg50.png,1.11E+62
VAR_VIRUS-7892531-0001_jpeg70.png,1.11E+62
VAR_VIRUS-7892531-0001_jpeg90.png,1.10E+61
VAR_VIRUS-7892531-0001_noise0.001.png,1.10E+61
VAR_VIRUS-7892531-0001_noise0.002.png,1.10E+61
VAR_VIRUS-7892531-0001_noise0.003.png,1.11E+61
VAR_VIRUS-7892531-0001_noise0.004.png,1.10E+61
VAR_VIRUS-7892531-0001_noise0.005.png,1.10E+61
VAR_VIRUS-7892531-0001_original.png,1.11E+61
VAR_VIRUS-7892531-0001_rot1.png,1.01E+62
VAR_VIRUS-7892531-0001_rot2.png,1.11E+61
VAR_VIRUS-7892531-0001_rot3.png,1.11E+61
VAR_VIRUS-7892531-0001_rot4.png,1.11E+61
VAR_VIRUS-7892531-0001_rot5.png,1.11E+61
VAR_VIRUS-7892531-0001_rot6.png,1.11E+61
VAR_VIRUS-7904047-0002_bright0.8.png,1.10E+60
VAR_VIRUS-7904047-0002_bright0.9.png,1.10E+60
VAR_VIRUS-7904047-0002_bright1.1.png,1.10E+60
VAR_VIRUS-7904047-0002_bright1.2.png,1.10E+60
VAR_VIRUS-7904047-0002_bright1.3.png,1.10E+60
VAR_VIRUS-7904047-0002_jpeg30.png,1.11E+62
VAR_VIRUS-7904047-0002_jpeg50.png,1.11E+61
VAR_VIRUS-7904047-0002_jpeg70.png,1.11E+61
VAR_VIRUS-7904047-0002_jpeg90.png,1.10E+60
VAR_VIRUS-7904047-0002_noise0.001.png,1.10E+60
VAR_VIRUS-7904047-0002_noise0.002.png,1.10E+60
VAR_VIRUS-7904047-0002_noise0.003.png,1.10E+60
VAR_VIRUS-7904047-0002_noise0.004.png,1.10E+60
VAR_VIRUS-7904047-0002_noise0.005.png,1.10E+60
VAR_VIRUS-7904047-0002_original.png,1.10E+60
VAR_VIRUS-7904047-0002_rot1.png,1.01E+62
VAR_VIRUS-7904047-0002_rot2.png,1.11E+62
VAR_VIRUS-7904047-0002_rot3.png,1.11E+62
VAR_VIRUS-7904047-0002_rot4.png,1.11E+62
VAR_VIRUS-7904047-0002_rot5.png,1.11E+62
VAR_VIRUS-7904047-0002_rot6.png,1.11E+62
VAR_VIRUS-7908791-0002_bright0.8.png,1.01E+62
VAR_VIRUS-7908791-0002_bright0.9.png,1.00E+62
VAR_VIRUS-7908791-0002_bright1.1.png,1.00E+62
VAR_VIRUS-7908791-0002_bright1.2.png,1.00E+62
VAR_VIRUS-7908791-0002_bright1.3.png,1.00E+62
VAR_VIRUS-7908791-0002_jpeg30.png,1.11E+62
VAR_VIRUS-7908791-0002_jpeg50.png,1.11E+62
VAR_VIRUS-7908791-0002_jpeg70.png,1.11E+62
VAR_VIRUS-7908791-0002_jpeg90.png,1.00E+62
VAR_VIRUS-7908791-0002_noise0.001.png,1.00E+62
VAR_VIRUS-7908791-0002_noise0.002.png,1.00E+62
VAR_VIRUS-7908791-0002_noise0.003.png,1.00E+62
VAR_VIRUS-7908791-0002_noise0.004.png,1.00E+62
VAR_VIRUS-7908791-0002_noise0.005.png,1.00E+62
VAR_VIRUS-7908791-0002_original.png,1.00E+62
VAR_VIRUS-7908791-0002_rot1.png,1.00E+62
VAR_VIRUS-7908791-0002_rot2.png,1.00E+62
VAR_VIRUS-7908791-0002_rot3.png,1.00E+62
VAR_VIRUS-7908791-0002_rot4.png,1.11E+63
VAR_VIRUS-7908791-0002_rot5.png,1.11E+62
VAR_VIRUS-7908791-0002_rot6.png,1.11E+63
VAR_VIRUS-7933423-0002_bright0.8.png,1.11E+62
VAR_VIRUS-7933423-0002_bright0.9.png,1.11E+62
VAR_VIRUS-7933423-0002_bright1.1.png,1.11E+62
VAR_VIRUS-7933423-0002_bright1.2.png,1.11E+62
VAR_VIRUS-7933423-0002_bright1.3.png,1.11E+62
VAR_VIRUS-7933423-0002_jpeg30.png,1.11E+62
VAR_VIRUS-7933423-0002_jpeg50.png,1.11E+62
VAR_VIRUS-7933423-0002_jpeg70.png,1.11E+62
VAR_VIRUS-7933423-0002_jpeg90.png,1.11E+62
VAR_VIRUS-7933423-0002_noise0.001.png,1.11E+62
VAR_VIRUS-7933423-0002_noise0.002.png,1.11E+62
VAR_VIRUS-7933423-0002_noise0.003.png,1.11E+62
VAR_VIRUS-7933423-0002_noise0.004.png,1.11E+62
VAR_VIRUS-7933423-0002_noise0.005.png,1.11E+62
VAR_VIRUS-7933423-0002_original.png,1.11E+62
VAR_VIRUS-7933423-0002_rot1.png,1.11E+62
VAR_VIRUS-7933423-0002_rot2.png,1.11E+62
VAR_VIRUS-7933423-0002_rot3.png,1.11E+62
VAR_VIRUS-7933423-0002_rot4.png,1.11E+62
VAR_VIRUS-7933423-0002_rot5.png,1.11E+62
VAR_VIRUS-7933423-0002_rot6.png,1.11E+62
VAR_VIRUS-7933423-0003_bright0.8.png,1.11E+61
VAR_VIRUS-7933423-0003_bright0.9.png,1.11E+61
VAR_VIRUS-7933423-0003_bright1.1.png,1.11E+61
VAR_VIRUS-7933423-0003_bright1.2.png,1.11E+61
VAR_VIRUS-7933423-0003_bright1.3.png,1.11E+62
VAR_VIRUS-7933423-0003_jpeg30.png,1.11E+61
VAR_VIRUS-7933423-0003_jpeg50.png,1.11E+61
VAR_VIRUS-7933423-0003_jpeg70.png,1.11E+61
VAR_VIRUS-7933423-0003_jpeg90.png,1.11E+61
VAR_VIRUS-7933423-0003_noise0.001.png,1.11E+61
VAR_VIRUS-7933423-0003_noise0.002.png,1.11E+61
VAR_VIRUS-7933423-0003_noise0.003.png,1.11E+61
VAR_VIRUS-7933423-0003_noise0.004.png,1.11E+61
VAR_VIRUS-7933423-0003_noise0.005.png,1.11E+61
VAR_VIRUS-7933423-0003_original.png,1.11E+61
VAR_VIRUS-7933423-0003_rot1.png,1.11E+61
VAR_VIRUS-7933423-0003_rot2.png,1.11E+62
VAR_VIRUS-7933423-0003_rot3.png,1.11E+62
VAR_VIRUS-7933423-0003_rot4.png,1.11E+62
VAR_VIRUS-7933423-0003_rot5.png,1.11E+62
VAR_VIRUS-7933423-0003_rot6.png,1.11E+62
VAR_VIRUS-7942103-0008_bright0.8.png,1.01E+62
VAR_VIRUS-7942103-0008_bright0.9.png,1.11E+62
VAR_VIRUS-7942103-0008_bright1.1.png,1.01E+62
VAR_VIRUS-7942103-0008_bright1.2.png,1.01E+62
VAR_VIRUS-7942103-0008_bright1.3.png,1.11E+62
VAR_VIRUS-7942103-0008_jpeg30.png,1.11E+62
VAR_VIRUS-7942103-0008_jpeg50.png,1.11E+62
VAR_VIRUS-7942103-0008_jpeg70.png,1.01E+62
VAR_VIRUS-7942103-0008_jpeg90.png,1.01E+62
VAR_VIRUS-7942103-0008_noise0.001.png,1.01E+62
VAR_VIRUS-7942103-0008_noise0.002.png,1.01E+62
VAR_VIRUS-7942103-0008_noise0.003.png,1.01E+62
VAR_VIRUS-7942103-0008_noise0.004.png,1.01E+62
VAR_VIRUS-7942103-0008_noise0.005.png,1.01E+62
VAR_VIRUS-7942103-0008_original.png,1.01E+62
VAR_VIRUS-7942103-0008_rot1.png,1.11E+62
VAR_VIRUS-7942103-0008_rot2.png,1.11E+62
VAR_VIRUS-7942103-0008_rot3.png,1.11E+62
VAR_VIRUS-7942103-0008_rot4.png,1.11E+62
VAR_VIRUS-7942103-0008_rot5.png,1.11E+62
VAR_VIRUS-7942103-0008_rot6.png,1.11E+62
VAR_VIRUS-7952682-0001_bright0.8.png,1.11E+62
VAR_VIRUS-7952682-0001_bright0.9.png,1.11E+62
VAR_VIRUS-7952682-0001_bright1.1.png,1.11E+62
VAR_VIRUS-7952682-0001_bright1.2.png,1.11E+62
VAR_VIRUS-7952682-0001_bright1.3.png,1.11E+62
VAR_VIRUS-7952682-0001_jpeg30.png,1.11E+62
VAR_VIRUS-7952682-0001_jpeg50.png,1.11E+62
VAR_VIRUS-7952682-0001_jpeg70.png,1.11E+62
VAR_VIRUS-7952682-0001_jpeg90.png,1.11E+62
VAR_VIRUS-7952682-0001_noise0.001.png,1.11E+62
VAR_VIRUS-7952682-0001_noise0.002.png,1.11E+62
VAR_VIRUS-7952682-0001_noise0.003.png,1.11E+62
VAR_VIRUS-7952682-0001_noise0.004.png,1.11E+62
VAR_VIRUS-7952682-0001_noise0.005.png,1.11E+62
VAR_VIRUS-7952682-0001_original.png,1.11E+62
VAR_VIRUS-7952682-0001_rot1.png,1.11E+62
VAR_VIRUS-7952682-0001_rot2.png,1.11E+62
VAR_VIRUS-7952682-0001_rot3.png,1.11E+62
VAR_VIRUS-7952682-0001_rot4.png,1.11E+62
VAR_VIRUS-7952682-0001_rot5.png,1.11E+62
VAR_VIRUS-7952682-0001_rot6.png,1.11E+62
VAR_VIRUS-7963511-0003_bright0.8.png,1.11E+62
VAR_VIRUS-7963511-0003_bright0.9.png,1.11E+62
VAR_VIRUS-7963511-0003_bright1.1.png,1.11E+62
VAR_VIRUS-7963511-0003_bright1.2.png,1.01E+62
VAR_VIRUS-7963511-0003_bright1.3.png,1.01E+62
VAR_VIRUS-7963511-0003_jpeg30.png,1.11E+62
VAR_VIRUS-7963511-0003_jpeg50.png,1.11E+62
VAR_VIRUS-7963511-0003_jpeg70.png,1.01E+62
VAR_VIRUS-7963511-0003_jpeg90.png,1.01E+62
VAR_VIRUS-7963511-0003_noise0.001.png,1.11E+62
VAR_VIRUS-7963511-0003_noise0.002.png,1.11E+62
VAR_VIRUS-7963511-0003_noise0.003.png,1.11E+62
VAR_VIRUS-7963511-0003_noise0.004.png,1.11E+62
VAR_VIRUS-7963511-0003_noise0.005.png,1.11E+62
VAR_VIRUS-7963511-0003_original.png,1.11E+62
VAR_VIRUS-7963511-0003_rot1.png,1.11E+62
VAR_VIRUS-7963511-0003_rot2.png,1.01E+62
VAR_VIRUS-7963511-0003_rot3.png,1.11E+62
VAR_VIRUS-7963511-0003_rot4.png,1.11E+62
VAR_VIRUS-7963511-0003_rot5.png,1.11E+62
VAR_VIRUS-7963511-0003_rot6.png,1.11E+62
VAR_VIRUS-7979755-0002_bright0.8.png,1.11E+62
VAR_VIRUS-7979755-0002_bright0.9.png,1.11E+62
VAR_VIRUS-7979755-0002_bright1.1.png,1.11E+62
VAR_VIRUS-7979755-0002_bright1.2.png,1.11E+62
VAR_VIRUS-7979755-0002_bright1.3.png,1.11E+62
VAR_VIRUS-7979755-0002_jpeg30.png,1.11E+62
VAR_VIRUS-7979755-0002_jpeg50.png,1.11E+62
VAR_VIRUS-7979755-0002_jpeg70.png,1.11E+62
VAR_VIRUS-7979755-0002_jpeg90.png,1.11E+62
VAR_VIRUS-7979755-0002_noise0.001.png,1.11E+62
VAR_VIRUS-7979755-0002_noise0.002.png,1.11E+62
VAR_VIRUS-7979755-0002_noise0.003.png,1.11E+62
VAR_VIRUS-7979755-0002_noise0.004.png,1.11E+62
VAR_VIRUS-7979755-0002_noise0.005.png,1.11E+62
VAR_VIRUS-7979755-0002_original.png,1.11E+62
VAR_VIRUS-7979755-0002_rot1.png,1.11E+62
VAR_VIRUS-7979755-0002_rot2.png,1.11E+62
VAR_VIRUS-7979755-0002_rot3.png,1.11E+62
VAR_VIRUS-7979755-0002_rot4.png,1.11E+62
VAR_VIRUS-7979755-0002_rot5.png,1.11E+62
VAR_VIRUS-7979755-0002_rot6.png,1.11E+62
VAR_VIRUS-7985583-0001_bright0.8.png,1.11E+62
VAR_VIRUS-7985583-0001_bright0.9.png,1.11E+62
VAR_VIRUS-7985583-0001_bright1.1.png,1.11E+62
VAR_VIRUS-7985583-0001_bright1.2.png,1.11E+62
VAR_VIRUS-7985583-0001_bright1.3.png,1.11E+62
VAR_VIRUS-7985583-0001_jpeg30.png,1.11E+62
VAR_VIRUS-7985583-0001_jpeg50.png,1.11E+62
VAR_VIRUS-7985583-0001_jpeg70.png,1.11E+62
VAR_VIRUS-7985583-0001_jpeg90.png,1.11E+62
VAR_VIRUS-7985583-0001_noise0.001.png,1.11E+62
VAR_VIRUS-7985583-0001_noise0.002.png,1.11E+62
VAR_VIRUS-7985583-0001_noise0.003.png,1.11E+62
VAR_VIRUS-7985583-0001_noise0.004.png,1.11E+62
VAR_VIRUS-7985583-0001_noise0.005.png,1.11E+62
VAR_VIRUS-7985583-0001_original.png,1.11E+62
VAR_VIRUS-7985583-0001_rot1.png,1.11E+62
VAR_VIRUS-7985583-0001_rot2.png,1.11E+62
VAR_VIRUS-7985583-0001_rot3.png,1.11E+62
VAR_VIRUS-7985583-0001_rot4.png,1.11E+62
VAR_VIRUS-7985583-0001_rot5.png,1.11E+62
VAR_VIRUS-7985583-0001_rot6.png,1.11E+62
VAR_VIRUS-7986969-0002_bright0.8.png,1.11E+62
VAR_VIRUS-7986969-0002_bright0.9.png,1.11E+62
VAR_VIRUS-7986969-0002_bright1.1.png,1.11E+62
VAR_VIRUS-7986969-0002_bright1.2.png,1.11E+62
VAR_VIRUS-7986969-0002_bright1.3.png,1.11E+62
VAR_VIRUS-7986969-0002_jpeg30.png,1.11E+62
VAR_VIRUS-7986969-0002_jpeg50.png,1.11E+62
VAR_VIRUS-7986969-0002_jpeg70.png,1.11E+62
VAR_VIRUS-7986969-0002_jpeg90.png,1.11E+62
VAR_VIRUS-7986969-0002_noise0.001.png,1.11E+62
VAR_VIRUS-7986969-0002_noise0.002.png,1.11E+62
VAR_VIRUS-7986969-0002_noise0.003.png,1.11E+62
VAR_VIRUS-7986969-0002_noise0.004.png,1.11E+62
VAR_VIRUS-7986969-0002_noise0.005.png,1.11E+62
VAR_VIRUS-7986969-0002_original.png,1.11E+62
VAR_VIRUS-7986969-0002_rot1.png,1.11E+62
VAR_VIRUS-7986969-0002_rot2.png,1.11E+62
VAR_VIRUS-7986969-0002_rot3.png,1.11E+62
VAR_VIRUS-7986969-0002_rot4.png,1.11E+62
VAR_VIRUS-7986969-0002_rot5.png,1.11E+62
VAR_VIRUS-7986969-0002_rot6.png,1.11E+62
VAR_VIRUS-7990865-0002_bright0.8.png,1.11E+62
VAR_VIRUS-7990865-0002_bright0.9.png,1.11E+62
VAR_VIRUS-7990865-0002_bright1.1.png,1.11E+62
VAR_VIRUS-7990865-0002_bright1.2.png,1.11E+62
VAR_VIRUS-7990865-0002_bright1.3.png,1.11E+62
VAR_VIRUS-7990865-0002_jpeg30.png,1.11E+61
VAR_VIRUS-7990865-0002_jpeg50.png,1.11E+62
VAR_VIRUS-7990865-0002_jpeg70.png,1.11E+62
VAR_VIRUS-7990865-0002_jpeg90.png,1.11E+61
VAR_VIRUS-7990865-0002_noise0.001.png,1.11E+62
VAR_VIRUS-7990865-0002_noise0.002.png,1.11E+62
VAR_VIRUS-7990865-0002_noise0.003.png,1.11E+62
VAR_VIRUS-7990865-0002_noise0.004.png,1.11E+62
VAR_VIRUS-7990865-0002_noise0.005.png,1.11E+62
VAR_VIRUS-7990865-0002_original.png,1.11E+62
VAR_VIRUS-7990865-0002_rot1.png,1.11E+62
VAR_VIRUS-7990865-0002_rot2.png,1.11E+62
VAR_VIRUS-7990865-0002_rot3.png,1.11E+62
VAR_VIRUS-7990865-0002_rot4.png,1.11E+62
VAR_VIRUS-7990865-0002_rot5.png,1.11E+62
VAR_VIRUS-7990865-0002_rot6.png,1.11E+62
VAR_VIRUS-7991421-0001_bright0.8.png,1.01E+62
VAR_VIRUS-7991421-0001_bright0.9.png,1.01E+62
VAR_VIRUS-7991421-0001_bright1.1.png,1.01E+62
VAR_VIRUS-7991421-0001_bright1.2.png,1.01E+62
VAR_VIRUS-7991421-0001_bright1.3.png,1.10E+60
VAR_VIRUS-7991421-0001_jpeg30.png,1.11E+61
VAR_VIRUS-7991421-0001_jpeg50.png,1.01E+62
VAR_VIRUS-7991421-0001_jpeg70.png,1.01E+62
VAR_VIRUS-7991421-0001_jpeg90.png,1.00E+62
VAR_VIRUS-7991421-0001_noise0.001.png,1.01E+62
VAR_VIRUS-7991421-0001_noise0.002.png,1.01E+62
VAR_VIRUS-7991421-0001_noise0.003.png,1.01E+62
VAR_VIRUS-7991421-0001_noise0.004.png,1.01E+62
VAR_VIRUS-7991421-0001_noise0.005.png,1.00E+62
VAR_VIRUS-7991421-0001_original.png,1.01E+62
VAR_VIRUS-7991421-0001_rot1.png,1.01E+62
VAR_VIRUS-7991421-0001_rot2.png,1.01E+62
VAR_VIRUS-7991421-0001_rot3.png,1.00E+62
VAR_VIRUS-7991421-0001_rot4.png,1.11E+62
VAR_VIRUS-7991421-0001_rot5.png,1.00E+62
VAR_VIRUS-7991421-0001_rot6.png,1.00E+62
VAR_VIRUS-7994237-0001_bright0.8.png,1.01E+62
VAR_VIRUS-7994237-0001_bright0.9.png,1.01E+62
VAR_VIRUS-7994237-0001_bright1.1.png,1.01E+62
VAR_VIRUS-7994237-0001_bright1.2.png,1.11E+62
VAR_VIRUS-7994237-0001_bright1.3.png,1.11E+62
VAR_VIRUS-7994237-0001_jpeg30.png,1.11E+61
VAR_VIRUS-7994237-0001_jpeg50.png,1.11E+61
VAR_VIRUS-7994237-0001_jpeg70.png,1.01E+62
VAR_VIRUS-7994237-0001_jpeg90.png,1.00E+62
VAR_VIRUS-7994237-0001_noise0.001.png,1.01E+62
VAR_VIRUS-7994237-0001_noise0.002.png,1.01E+62
VAR_VIRUS-7994237-0001_noise0.003.png,1.01E+62
VAR_VIRUS-7994237-0001_noise0.004.png,1.01E+62
VAR_VIRUS-7994237-0001_noise0.005.png,1.01E+62
VAR_VIRUS-7994237-0001_original.png,1.01E+62
VAR_VIRUS-7994237-0001_rot1.png,1.00E+62
VAR_VIRUS-7994237-0001_rot2.png,1.01E+62
VAR_VIRUS-7994237-0001_rot3.png,1.01E+62
VAR_VIRUS-7994237-0001_rot4.png,1.11E+62
VAR_VIRUS-7994237-0001_rot5.png,1.11E+62
VAR_VIRUS-7994237-0001_rot6.png,1.11E+62
VAR_VIRUS-7995680-0002_bright0.8.png,1.01E+62
VAR_VIRUS-7995680-0002_bright0.9.png,1.01E+62
VAR_VIRUS-7995680-0002_bright1.1.png,1.01E+62
VAR_VIRUS-7995680-0002_bright1.2.png,1.01E+62
VAR_VIRUS-7995680-0002_bright1.3.png,1.01E+62
VAR_VIRUS-7995680-0002_jpeg30.png,1.11E+62
VAR_VIRUS-7995680-0002_jpeg50.png,1.11E+62
VAR_VIRUS-7995680-0002_jpeg70.png,1.11E+62
VAR_VIRUS-7995680-0002_jpeg90.png,1.01E+62
VAR_VIRUS-7995680-0002_noise0.001.png,1.01E+62
VAR_VIRUS-7995680-0002_noise0.002.png,1.01E+62
VAR_VIRUS-7995680-0002_noise0.003.png,1.01E+62
VAR_VIRUS-7995680-0002_noise0.004.png,1.01E+62
VAR_VIRUS-7995680-0002_noise0.005.png,1.01E+62
VAR_VIRUS-7995680-0002_original.png,1.01E+62
VAR_VIRUS-7995680-0002_rot1.png,1.10E+63
VAR_VIRUS-7995680-0002_rot2.png,1.01E+62
VAR_VIRUS-7995680-0002_rot3.png,1.01E+62
VAR_VIRUS-7995680-0002_rot4.png,1.11E+62
VAR_VIRUS-7995680-0002_rot5.png,1.01E+62
VAR_VIRUS-7995680-0002_rot6.png,1.01E+62
VAR_VIRUS-7997783-0002_bright0.8.png,1.01E+62
VAR_VIRUS-7997783-0002_bright0.9.png,1.01E+62
VAR_VIRUS-7997783-0002_bright1.1.png,1.01E+62
VAR_VIRUS-7997783-0002_bright1.2.png,1.01E+62
VAR_VIRUS-7997783-0002_bright1.3.png,1.11E+62
VAR_VIRUS-7997783-0002_jpeg30.png,1.11E+62
VAR_VIRUS-7997783-0002_jpeg50.png,1.11E+62
VAR_VIRUS-7997783-0002_jpeg70.png,1.11E+62
VAR_VIRUS-7997783-0002_jpeg90.png,1.01E+62
VAR_VIRUS-7997783-0002_noise0.001.png,1.01E+62
VAR_VIRUS-7997783-0002_noise0.002.png,1.01E+62
VAR_VIRUS-7997783-0002_noise0.003.png,1.01E+62
VAR_VIRUS-7997783-0002_noise0.004.png,1.01E+62
VAR_VIRUS-7997783-0002_noise0.005.png,1.01E+62
VAR_VIRUS-7997783-0002_original.png,1.01E+62
VAR_VIRUS-7997783-0002_rot1.png,1.01E+62
VAR_VIRUS-7997783-0002_rot2.png,1.11E+62
VAR_VIRUS-7997783-0002_rot3.png,1.11E+62
VAR_VIRUS-7997783-0002_rot4.png,1.11E+62
VAR_VIRUS-7997783-0002_rot5.png,1.01E+62
VAR_VIRUS-7997783-0002_rot6.png,1.11E+62
